tree
version=v4
num_class=3
num_tree_per_iteration=3
label_index=0
max_feature_idx=7
objective=multiclass num_class:3
feature_names=elo_diff form_points_diff_5 goals_scored_diff_5 goals_conceded_diff_5 shots_target_diff_5 np_xg_created_diff_5 np_xg_conceded_diff_5 rest_days_diff
feature_infos=[-280.7693331913656:399.21597115941518] [-3:3] [-3.8000000000000003:3.6000000000000005] [-3:3.3999999999999999] [-7.7999999999999998:7] [-3.2104028000000007:2.5354540000000001] [-2.2761882:2.7550042000000001] [-11:12]
tree_sizes=1510 1486 1701 1643 1441 1317 1321 1007 1542 1658 1345 1754 1644 900 1422 1646 1220 1664 1319 1224 1424 1665 1663 1531 1653 1017 1320 1650 1430 1642 1546 1438 1562 1548 1119 1537 1440 1556 1776 1777 1341 1638 1653 688 1430 1657 901 1541 1639 1542 1427 1547 1128 1210 1648 1554 1436 1779 910 1674 1776 1228 1757 1446 1547 1771 1648 1339 1533 1627 908 1434 1758 1239 1779 1662 1225 1455 1662 1220 1430 1551 1119 1324 1325 1011 1548 1760 1336 1552 1223 1563 1432 1659 1446 1654 1638 1455 1651 1659 1322 1669 1761 800 1306 1459 911 1668 1551 1227 1659 1668 1017 1447 1545 1129 1547 1548 1012 1789 1544 1333 1662 1444 801 1329 1539 1449 1669 1438 1126 1122 1661 1236 1651 1562 902 1666 1440 1013 1543 1333 794 1552 1662 901 1675 1333 904 1558 1348 900 1661 1777 802 1661 1466 1130 1546 1661 1666 1660 1775 1119 1642 1441 1441 1446 1436 1340 1446 1655 1237 1568 1665 1124 1219 1669 1448 1565 1662 906 1228 1128 793 1678 1427 1127 1554 1231 1327 1659 1658 1110 1435 1231 908 1427 1348 1429 1648 1121 1335 1434 1781 1329 1120 1239 1673 1564 1320 1221 1569 1659 1123 1653 1668 1123 1430 1342 1012 1336 1121 1233 1341 1566 1339 1226 1117 792 1439 1130 1560 1335 1219 1561 1442 1554 1232 1218 1445 1564 1668 1449 1013 1542 1560 1018 1545 1342 786 1558 1332 905 1668 1445 1343 1563 1231 794 1332 1125 1122 1126 1563 902 1225 1126 1012 1240 906 1017 1230 1134 1655 1456 1125 1128 1776 1337 1445 1759 1459 1570 1336 1112 1103 1338 1661 1564 1336 1553 1015 1334 1235 796 1334 906 1229 1445 1562 1236 1555 804 1123 1333 1557 1004 1238 1016 1006 1448 1010 1126 1338 906 802 1455 1130 1563 1568 1022 1122 1123 1673 1349 1562 1015 1239 1552 1017 1123 1025 1340 986 1773 801 1136 1225 1228 1553 1572 918 804 1016 1657 692 1235 1007 1441 1231 1659 1549 1349 1462 1460 1323 1336 1450 1333 1013 1678 1011 1675 907 1554 1131 1440 1127 1452 897 905 1234 1126 1231 1028 1327 1015 909 1336 1226 1341 1458 1001 1793 1332 1444 1455 1019 909 805 910 1236

Tree=0
num_leaves=13
num_cat=0
split_feature=0 0 0 6 3 6 0 6 6 0 6 1
split_gain=185.842 37.4887 19.5051 6.80531 6.26826 4.00286 3.45247 2.74664 2.59391 2.49963 0.811675 0.272395
threshold=68.596109686953255 141.43539277154596 23.204132987012034 -0.27129719999999996 0.90000000000000036 0.38301370000000012 199.08277893015796 -0.40141734000000007 -0.80451119999999965 -46.89991175851889 -0.41618340000000026 -1.0000000180025095e-35
decision_type=2 2 2 8 10 10 2 8 8 2 10 10
left_child=2 5 3 -1 7 8 10 -4 -2 -5 -3 -7
right_child=1 6 4 9 -6 11 -8 -9 -10 -11 -12 -13
leaf_value=-0.83978456876107799 -0.83734739894907306 -0.81557930309792315 -0.83118602776265926 -0.85641878222365919 -0.85224878346456046 -0.83604275369008196 -0.81090854766465936 -0.83984432337051262 -0.82828796759268497 -0.84992410895182946 -0.82315907478321426 -0.8402568347918129
leaf_weight=43.686096929013729 30.766931541264057 50.180719368159771 36.853565379977226 143.79253021627665 28.58444482833147 25.753013499081135 117.00039838254452 157.69978733360767 228.34708392620087 203.73375286906958 87.84643516689539 25.487568438053131
leaf_count=194 156 247 177 625 151 118 494 856 1193 992 401 133
internal_value=-0.836087 -0.823731 -0.847464 -0.85147 -0.840254 -0.830866 -0.815312 -0.838127 -0.82937 -0.852864 -0.819788 -0.838338
internal_weight=1179.73 565.382 614.35 391.212 223.138 310.355 255.028 194.553 259.114 347.526 138.027 51.2406
internal_count=5737 2742 2995 1811 1184 1600 1142 1033 1349 1617 648 251
is_linear=0
shrinkage=1


Tree=1
num_leaves=13
num_cat=0
split_feature=0 0 4 2 3 1 2 4 4 4 2 4
split_gain=16.0229 4.22274 4.06076 2.29234 2.11989 1.63128 1.62935 2.43066 1.61953 0.985389 0.826489 0.100106
threshold=139.88179913083016 4.5962107424408041 1.6000000000000005 1.0000000180025095e-35 -0.20000000000000009 -0.19999999999999982 -0.29999999999999999 -2.0999999999999992 0.59999999999999987 0.29999999999999988 0.59999999999999998 1.9000000000000001
decision_type=2 2 8 10 10 10 8 10 8 10 10 10
left_child=1 6 3 -3 8 -4 7 -1 -2 -8 -6 -12
right_child=4 2 5 -5 10 -7 9 -9 -10 -11 11 -13
leaf_value=-1.369498399217506 -1.370089673966548 -1.3628289252771073 -1.3637871598926423 -1.3579308928228786 -1.3654330432557515 -1.3716048247103796 -1.3723838467806257 -1.3623178959534514 -1.3779468888298072 -1.3652642211511599 -1.3689737915412576 -1.3731686662342431
leaf_weight=69.04559963196516 40.998853288590908 238.18764265626669 41.184779018163681 142.10906942933798 31.899449072778225 46.200936712324619 57.856417305767536 94.703250415623188 87.025892876088619 22.653751194477081 20.357942819595337 20.608880244195461
leaf_count=410 237 1539 363 930 173 310 325 570 510 125 116 129
internal_value=-1.36602 -1.3639 -1.36224 -1.36092 -1.37339 -1.36799 -1.36708 -1.36535 -1.37567 -1.37045 -1.36904 -1.37162
internal_weight=912.832 711.941 467.682 380.297 200.891 87.3857 244.259 163.749 128.025 80.5102 72.8663 40.9668
internal_count=5737 4572 3142 2469 1165 673 1430 980 747 450 418 245
is_linear=0
shrinkage=1


Tree=2
num_leaves=15
num_cat=0
split_feature=5 5 6 4 6 6 3 6 5 1 5 6 1 5
split_gain=105.407 20.6062 19.0956 7.54727 7.482 4.91358 3.56924 2.62603 2.28033 2.22967 2.22839 2.07114 1.7307 1.16197
threshold=-0.16629639999999998 0.38891850000000022 -0.013547799999999775 -1.5999999999999999 0.16893530000000026 0.33491852999999988 -0.20000000000000009 -0.33558519999999997 -0.44394580000000006 -0.79999999999999993 -0.076260299999999934 -0.45236550000000014 -0.19999999999999982 0.63875660000000012
decision_type=8 10 10 10 8 10 10 10 10 10 8 10 10 10
left_child=2 4 6 9 11 -5 7 -1 -8 -4 -6 -2 -3 -14
right_child=1 12 3 5 10 -7 8 -9 -10 -11 -12 -13 13 -15
leaf_value=-1.1735738174225288 -1.1773944339101754 -1.1736988177543799 -1.1419309387328294 -1.1631525239289142 -1.1730984090849947 -1.1517966066181082 -1.1552277134042752 -1.1621297416775143 -1.1663997834366027 -1.153110287353835 -1.1632350865275933 -1.1709331304978177 -1.1776209702744007 -1.1841764807293409
leaf_weight=42.077450335025787 71.556119695305824 39.207647189497948 84.65319836884737 57.292869679629803 19.512365393340588 96.790522642433643 36.039796903729439 24.985681772232056 27.644914641976357 48.196241334080696 131.82218191772699 139.46136586368084 77.789260044693947 133.16469775140285
leaf_count=217 391 216 468 306 114 522 193 145 152 249 819 784 441 720
internal_value=-1.16648 -1.17439 -1.15494 -1.15067 -1.16974 -1.15578 -1.16455 -1.1693 -1.15971 -1.14535 -1.16468 -1.17332 -1.18093 -1.18207
internal_weight=1030.19 612.514 417.681 286.933 362.352 154.083 130.748 67.0631 63.6847 132.849 151.335 211.017 250.162 210.954
internal_count=5737 3485 2252 1545 2108 828 707 362 345 717 933 1175 1377 1161
is_linear=0
shrinkage=1


Tree=3
num_leaves=14
num_cat=0
split_feature=0 0 0 5 5 6 5 1 5 6 6 0 4
split_gain=164.406 39.2285 15.1695 8.27068 5.11585 4.85591 3.66391 2.34267 1.67866 1.4838 0.726368 0.232384 0.0825556
threshold=57.205246042983056 141.43539277154596 -33.439692508614932 -0.24386939999999999 -0.082800400000000093 0.088859299999999988 -0.12150925 -1.0000000180025095e-35 0.77341360000000015 -0.46131620000000023 -0.05771749999999997 -46.89991175851889 2.5000000000000009
decision_type=2 2 2 10 8 10 10 10 10 10 8 2 10
left_child=2 4 10 9 7 -5 -3 -2 -6 -4 -1 -12 -8
right_child=1 6 3 5 8 -7 12 -9 -10 -11 11 -13 -14
leaf_value=-0.01051172283177669 0.0033940757336532938 0.0083703094507497355 -0.0049092397802196217 0.0017207893498271062 0.0053431439625743777 -0.0081881520939814396 0.018396537507749892 -0.0045288603069006412 0.012718323267711265 -0.013791272700522819 -0.021212957338878239 -0.012453292573042174 0.025257371011539954
leaf_weight=26.848320007324219 58.077078029513359 34.293627627193928 27.187126778066158 84.830488279461861 221.593146443367 85.424822129309177 162.91195701062679 67.10595378279686 31.692161217331886 153.93195824325085 131.20067316293716 30.270689360797405 58.847094781696796
leaf_count=116 275 148 159 415 1190 431 715 346 167 771 575 142 276
internal_value=-2.99843e-06 0.0103131 -0.012115 -0.00823774 0.00408094 -0.00334274 0.0192701 -0.000863933 0.0064943 -0.0126257 -0.0189491 -0.0199942 0.0207339
internal_weight=1174.22 634.521 539.694 351.374 378.468 170.255 256.053 125.183 253.285 181.119 188.32 161.471 221.759
internal_count=5726 3117 2609 1776 1978 846 1139 621 1357 930 833 717 991
is_linear=0
shrinkage=0.03


Tree=4
num_leaves=12
num_cat=0
split_feature=0 0 5 3 6 5 6 1 3 1 3
split_gain=7.41565 3.49402 2.92166 2.32461 4.6802 1.99586 1.65237 1.63609 1.44085 1.24395 0.749403
threshold=139.88179913083016 4.5962107424408041 -0.040879700000000345 0.59999999999999998 0.15609450000000011 0.92365200000000025 0.75463779999999991 -0.90000000000000002 -0.20000000000000009 0.50000000000000022 -1.2999999999999996
decision_type=2 2 10 10 8 10 10 10 10 10 10
left_child=1 3 -2 4 -1 6 -3 -5 10 -10 -4
right_child=2 5 8 7 -6 -7 -8 -9 9 -11 -12
leaf_value=0.0015494597477650597 0.0027506959213865669 0.0026870528675858323 -0.0033218427260359707 0.0040415702361735794 -0.0093727871858049188 -0.0058487887671274602 0.0090429734304713089 -0.0036116612542246747 -0.006528863013436222 0.0015365994995141389 -0.010167593091344809
leaf_weight=66.463377252221107 32.82450059056282 412.92647747695446 25.07863687723875 76.028619103133678 67.489884905517101 18.051934234797955 36.979820109903812 31.956597328186035 30.602593779563904 30.326146200299263 80.1040218770504
leaf_count=383 186 2788 150 459 389 125 234 189 168 183 472
internal_value=-5.06062e-05 0.00138914 -0.0050964 -0.00151736 -0.00409276 0.00289198 0.00330313 0.00171711 -0.00668209 -0.00270235 -0.00876018
internal_weight=908.833 709.897 198.936 241.938 133.953 467.958 449.906 107.985 166.111 60.9287 105.183
internal_count=5726 4567 1159 1420 772 3147 3022 648 973 351 622
is_linear=0
shrinkage=0.03


Tree=5
num_leaves=11
num_cat=0
split_feature=0 0 0 4 5 5 0 4 0 0
split_gain=177.347 27.7976 17.7018 7.8421 6.355 3.82477 2.41625 2.25263 2.20798 1.79099
threshold=36.966734028383947 113.71465686896126 -46.89991175851889 0.99999999999999989 -0.15940719999999983 -0.34920470000000009 72.155010848773955 1.5000000000000004 18.827462611071045 144.32918837674711
decision_type=2 2 2 10 10 8 2 10 2 2
left_child=2 4 -1 8 6 -3 -2 -6 -4 -7
right_child=1 5 3 -5 7 9 -8 -9 -10 -11
leaf_value=0.024635521700778953 0.0048671190435129862 -0.0033364328376133141 0.014659164154168798 -0.0033953813170378832 -0.0087027341613380473 -0.011746313841220277 -0.0029599035022771854 -0.0011338396111757083 0.007021306819499187 -0.018781750174938074
leaf_weight=135.46146274358034 75.991470918059349 22.639079838991165 161.45877408981323 28.644757710397243 147.14886122196913 81.775567471981049 58.735768593847752 48.264463201165199 61.831484191119671 203.46002077311277
leaf_count=666 507 116 903 149 880 463 356 284 357 1045
internal_value=4.83122e-05 -0.00965096 0.0159418 0.0108788 -0.00351781 -0.0160663 0.00147103 -0.00690825 0.0127443 -0.0170018
internal_weight=1025.41 638.015 387.396 251.935 330.141 307.875 134.727 195.413 223.29 285.236
internal_count=5726 3651 2075 1409 2027 1624 863 1164 1260 1508
is_linear=0
shrinkage=0.03


Tree=6
num_leaves=11
num_cat=0
split_feature=0 0 0 6 0 2 6 3 2 2
split_gain=160.662 46.211 8.59014 6.29893 4.08053 3.60765 2.43726 1.80017 1.48022 0.910348
threshold=120.91100310119317 36.966734028383947 141.43539277154596 -0.025721099999999938 5.870140895475175 -0.89999999999999991 0.041503350000000279 -0.29999999999999999 -0.49999999999999983 0.30000000000000016
decision_type=2 2 2 8 2 8 8 8 10 8
left_child=1 3 9 8 -5 -3 -7 -4 -1 -2
right_child=2 5 7 4 -6 6 -8 -9 -10 -11
leaf_value=-0.010620810579001425 0.0033520558387682177 -0.0082908264435836987 0.022427867352763815 -0.017636373987840143 -0.0089782700678624292 0.0035507199800657425 -0.0012628803866544989 0.015102391741730383 -0.0034960733058206515 0.010598713245321825
leaf_weight=52.810606479644775 36.548305340111256 34.939315363764763 155.74407251924276 256.47905860096216 81.860551118850708 187.71062638610601 182.25479773432016 106.9463273063302 61.802164606750011 35.303477816283703
leaf_count=241 170 171 701 1178 423 977 1008 471 283 173
internal_value=-0.000217178 -0.00709537 0.0172651 -0.0136236 -0.0157028 0.000284581 0.00119419 0.0197833 -0.0070857 0.00737052
internal_weight=1192.4 857.857 334.542 452.952 338.34 404.905 369.965 262.69 114.613 71.8518
internal_count=5796 4281 1515 2125 1601 2156 1985 1172 524 343
is_linear=0
shrinkage=0.03


Tree=7
num_leaves=8
num_cat=0
split_feature=5 1 6 5 4 4 4
split_gain=7.69073 3.85041 2.1492 6.13071 3.10641 1.84096 0.499667
threshold=0.98392210000000013 1.1000000000000003 0.28993629999999976 -0.24889590000000025 -2.899999999999999 0.99999999999999989 3.100000000000001
decision_type=10 10 10 10 8 10 10
left_child=1 2 4 -4 -1 -3 -2
right_child=6 5 3 -5 -6 -7 -8
leaf_value=0.012241950625106128 -0.013535892252260437 0.00026200389276684387 -0.0044348683535818147 0.0044036113746433467 0.002015494818457004 -0.0085621616387064163 -0.0054128626058862258
leaf_weight=23.627957843244076 27.924702234566212 34.435661070048809 159.84499883651733 118.66678677499294 487.0668622776866 49.492566585540771 22.101592510938644
leaf_count=144 173 212 973 724 3118 311 141
internal_value=0.000115422 0.000796567 0.00145521 -0.000657769 0.00260274 -0.00513045 -0.0107651
internal_weight=923.161 873.135 789.207 278.512 510.695 83.9282 50.0263
internal_count=5796 5482 4959 1697 3262 523 314
is_linear=0
shrinkage=0.03


Tree=8
num_leaves=13
num_cat=0
split_feature=0 0 0 4 0 5 5 4 3 2 5 0
split_gain=168.998 26.4613 20.2855 7.04327 7.54525 4.25026 2.16568 1.93425 1.69959 1.42657 1.19204 0.110744
threshold=51.754719942583627 -46.89991175851889 133.20175085592487 -1.0000000180025095e-35 14.707938486285117 -0.15940719999999983 -0.28134710000000002 1.1000000000000001 -0.29999999999999999 1.1000000000000003 -0.2993597999999999 144.32918837674711
decision_type=2 2 2 10 2 10 10 10 10 10 10 2
left_child=1 10 5 4 -3 8 -4 -5 -2 -7 -1 -8
right_child=2 3 6 7 -6 9 11 -9 -10 -11 -12 -13
leaf_value=0.026170438011916923 -0.0045840906080736087 0.016450452559098126 -0.0062060435356545967 0.0048333180473989863 0.0048063113225372302 -0.0089721752085054497 -0.0110089902583858 -0.0032704809657311536 0.0024384641573157802 -0.00071498725270423432 0.014466460405208345 -0.018703226095368852
leaf_weight=109.69166462123394 54.36506886780262 121.43245761096478 22.126779735088348 77.531481079757214 92.27079788595438 187.18574699759483 28.120244435966015 34.884626939892769 60.333238080143929 21.883835099637508 32.555402331054211 199.15796864032745
leaf_count=522 395 674 111 415 550 1120 149 181 337 134 162 1046
internal_value=0.000146118 0.0134371 -0.0107368 0.00850401 0.0116477 -0.00564644 -0.0171042 0.00228639 -0.000942554 -0.00814476 0.024074 -0.0180087
internal_weight=1041.54 468.366 573.173 326.119 213.703 323.768 249.405 112.416 114.698 209.07 142.247 227.278
internal_count=5796 2504 3292 1820 1224 1986 1306 596 732 1254 684 1195
is_linear=0
shrinkage=0.03


Tree=9
num_leaves=14
num_cat=0
split_feature=5 5 6 6 1 5 1 6 5 3 5 6 5
split_gain=101.234 23.5428 12.1173 8.64831 4.6078 4.12984 3.89719 3.02918 1.93808 2.79429 1.62477 1.40923 1.08931
threshold=-0.16629639999999998 0.48903389999999985 0.23285190000000003 -0.029897959999999942 -0.19999999999999982 -0.39588479999999987 -0.49999999999999994 -0.43558449999999987 -0.63059379999999987 0.90000000000000036 -0.26301480000000005 -0.40141734000000007 1.1037032000000002
decision_type=8 10 8 10 10 10 8 10 10 10 10 10 10
left_child=3 2 7 5 -3 11 -4 -2 -5 -10 -7 -1 -6
right_child=1 4 6 8 12 10 -8 -9 9 -11 -12 -13 -14
leaf_value=-0.0028756660134253492 0.011056676467818379 0.0037208150046529722 -0.0099050180942536967 -0.015964451918543981 0.013975371923901185 0.0059564613083541605 -0.00024084873406972934 0.0044208315435184213 -0.0076220268546231297 -0.016616284705840052 -0.0034073444328282946 -0.011330241316315869 0.021438898405822512
leaf_weight=32.564921900629997 94.589094437658787 34.817330054938793 49.436211690306664 160.8626150265336 163.97568470239639 31.989465840160847 121.93686308711767 199.14761052280664 127.49991243332624 47.632320813834667 25.958778604865074 50.300208441913128 48.107844971120358
leaf_count=140 456 167 238 764 773 155 684 981 602 231 131 245 223
internal_value=-5.86689e-05 0.00708788 0.00305006 -0.0106933 0.0144828 -0.00425029 -0.00323045 0.006707 -0.0132916 -0.0104616 0.00182434 -0.00836041 0.0161232
internal_weight=1188.82 712.011 465.11 476.808 246.901 140.813 171.373 293.737 335.995 175.132 57.9482 82.8651 212.084
internal_count=5790 3522 2359 2268 1163 671 922 1437 1597 833 286 385 996
is_linear=0
shrinkage=0.03


Tree=10
num_leaves=11
num_cat=0
split_feature=4 7 6 3 6 2 4 6 2 3
split_gain=5.78927 2.68488 2.34791 1.83961 1.89712 1.46606 1.61371 1.56454 1.07069 0.247531
threshold=1.9000000000000001 -1.0000000180025095e-35 -0.53969819999999979 1.1000000000000003 0.49963540000000023 0.59999999999999998 -1.0000000180025095e-35 -0.42563779999999996 1.1000000000000003 0.19999999999999987
decision_type=10 10 10 10 8 10 10 8 10 10
left_child=1 3 -2 4 -1 7 -7 -3 9 -4
right_child=2 5 8 -5 -6 6 -8 -9 -10 -11
leaf_value=-0.0010146392029847116 -0.011604236017204795 -0.0011412343039855185 -0.0017427769586089352 0.0053236685894797794 -0.0075277940366365271 -0.0077798725998342848 0.00093651386451043582 0.0034612050409593767 -0.0066413306371647255 0.0020591241657427969
leaf_weight=161.86890017986298 39.079108417034149 77.260435909032822 29.280088379979134 24.66797499358654 49.487582340836525 21.09261629730463 68.296549968421459 393.27876722067595 33.315593391656876 23.003724336624146
leaf_count=981 251 473 181 155 347 134 420 2493 212 143
internal_value=-4.24562e-05 0.000909856 -0.00592273 -0.00174895 -0.00267837 0.00203617 -0.0014234 0.00270145 -0.00283165 -3.63e-05
internal_weight=920.631 795.953 124.679 236.024 211.356 559.928 89.3892 470.539 85.5994 52.2838
internal_count=5790 5003 787 1483 1328 3520 554 2966 536 324
is_linear=0
shrinkage=0.03


Tree=11
num_leaves=15
num_cat=0
split_feature=4 6 6 1 2 2 4 3 1 4 4 4 3 6
split_gain=76.4579 23.2844 16.2658 6.85425 5.61847 5.13323 3.34632 3.11879 2.19086 1.48789 1.46496 1.23255 0.918525 0.785459
threshold=-1.0000000180025095e-35 0.27473200000000003 0.26209210000000027 -0.20000000000000009 -1.0999999999999994 1.0000000180025095e-35 -0.6000000000000002 -0.20000000000000001 -0.19999999999999982 1.2 -1.4999999999999996 0.70000000000000029 0.4000000000000003 -0.47186619999999996
decision_type=10 10 10 8 10 8 10 8 10 10 10 10 10 10
left_child=1 3 8 6 -3 11 -1 -5 12 -7 -6 -4 -2 -10
right_child=2 4 5 7 10 9 -8 -9 13 -11 -12 -13 -14 -15
leaf_value=0.010344627237984256 -0.0085458200012321663 0.022953796120961645 0.011019437768274722 -0.0046330766963746514 0.01554338810983779 -1.802290206477725e-05 -0.0015649447424633037 0.0028398575180569072 -0.014997661004163103 -0.0087862285045060377 0.0085332906891493077 0.0019366384981221989 -0.0015940926735914427 -0.01054779631088117
leaf_weight=98.814387142658234 48.002565912902355 63.092715092003345 31.68998671323061 96.933619916439056 60.663758091628551 34.848276250064373 25.181058675050735 94.473767131567001 118.02658525854349 29.863847568631172 98.158682197332382 25.24553681910038 29.282709896564484 184.10194726288319
leaf_count=536 273 335 168 553 331 192 134 618 666 165 519 124 158 1018
internal_value=0.000104793 0.00793044 -0.00828256 0.00261207 0.0152652 0.00123048 0.00795911 -0.000966231 -0.011309 -0.0044044 0.0116035 0.00747354 -0.00616879 -0.012502
internal_weight=1038.38 537.318 501.061 315.403 221.915 121.648 123.995 191.407 379.414 64.7121 158.822 56.9355 77.2853 302.129
internal_count=5790 3026 2764 1841 1185 649 670 1171 2115 357 850 292 431 1684
is_linear=0
shrinkage=0.03


Tree=12
num_leaves=14
num_cat=0
split_feature=0 0 0 5 5 4 6 6 6 0 5 6 6
split_gain=146.123 23.0933 18.8097 9.2994 7.19239 5.33998 4.7081 2.87009 2.50307 2.04288 1.32653 1.10006 0.644712
threshold=68.596109686953255 139.88179913083016 17.614017346873087 0.0063625999999999414 -0.16629639999999998 0.80000000000000004 0.041503350000000279 0.38301370000000012 -0.33558519999999997 -46.89991175851889 0.63138250000000007 -0.40141734000000007 -0.44382050000000012
decision_type=2 2 2 10 8 8 10 10 8 2 10 8 8
left_child=2 5 8 11 -3 7 -5 -2 -1 -10 -7 -4 -6
right_child=1 4 3 6 12 10 -8 -9 9 -11 -12 -13 -14
leaf_value=-0.0054021249460481525 0.0036988394563969283 0.0024525125312133099 -0.0016560464861808755 0.0089997449291384091 0.022299777027845046 0.0071676020506771564 -0.0034567506797660375 -0.005174362491897626 -0.018440510763633192 -0.012431155894330987 0.014966180702305524 -0.0094055404110179857 0.016021091619130408
leaf_weight=31.771585218608379 156.92341016978025 28.410460293292999 21.502471461892128 52.452816970646381 92.57562567293644 83.074024364352226 48.171623855829239 36.509883470833302 147.61102513223886 178.06778290867805 35.032219260931015 130.98474203795195 144.43448184430599
leaf_count=142 786 125 101 250 418 457 241 179 651 880 180 759 637
internal_value=-9.84926e-06 0.0107679 -0.0101992 -0.00383415 0.0172027 0.00510063 0.00315514 0.00193587 -0.0145913 -0.0153925 0.00999469 -0.00840004 0.0188836
internal_weight=1187.52 576.96 610.562 253.112 265.421 311.54 100.624 193.433 357.45 325.679 118.106 152.487 237.01
internal_count=5806 2782 3024 1351 1180 1602 491 965 1673 1531 637 860 1055
is_linear=0
shrinkage=0.03


Tree=13
num_leaves=7
num_cat=0
split_feature=4 5 6 4 6 5
split_gain=11.3835 3.0086 4.22451 2.62597 1.65609 0.444141
threshold=1.9000000000000001 -1.2763772599999998 1.1442794999999999 -2.2999999999999989 0.26816999999999974 0.40408769999999999
decision_type=10 8 10 8 10 10
left_child=1 -1 3 -3 5 -2
right_child=4 2 -4 -5 -6 -7
leaf_value=-0.0076224965523323199 -0.0045349214665447611 0.0063056004367831354 0.012798037168645708 0.00052000645615753378 -0.00036744168438093033 -0.011048998416049534
leaf_weight=28.452030926942825 21.998932011425495 74.07101583480835 24.120019011199474 671.44437202066183 19.70209876447916 80.371902033686638
leaf_count=173 132 455 143 4268 119 516
internal_value=-0.000115387 0.00120539 0.00157884 0.00113302 -0.00845805 -0.00992553
internal_weight=920.16 798.087 769.635 745.515 122.073 102.371
internal_count=5806 5039 4866 4723 767 648
is_linear=0
shrinkage=0.03


Tree=14
num_leaves=12
num_cat=0
split_feature=0 0 0 5 5 0 4 1 0 5 4
split_gain=159.99 30.34 9.17215 7.49972 7.28695 4.60417 4.32755 2.8344 1.34715 1.06735 0.563412
threshold=18.827462611071045 108.28656482175838 -46.89991175851889 -0.16629639999999998 -0.31333139999999982 71.526719091711939 0.19999999999999987 0.90000000000000036 168.0944430526977 -0.26947709999999997 -2.2999999999999989
decision_type=2 2 2 10 8 2 10 10 2 10 8
left_child=2 3 9 5 -3 -2 10 -5 -6 -1 -4
right_child=1 4 6 7 8 -7 -8 -9 -10 -11 -12
leaf_value=0.024939462087497463 0.0060016523026482855 2.3725294736263845e-05 0.0087449407992177732 -0.0071458458716345341 -0.012854917872915267 -0.0041803386990220516 0.0034464961271367597 0.0026176367429600403 -0.018506065407982889 0.013755516188452359 0.016089396493897137
leaf_weight=112.33445317298174 111.94989379495382 28.165484011173248 33.591299526393414 184.40639109909534 149.83332790434361 56.437991879880428 43.467355400323868 28.533898048102856 148.27411542832851 32.025959432125092 108.43612641096115
leaf_count=530 731 150 196 1092 853 343 226 170 773 156 586
internal_value=0.000113671 -0.00792409 0.017217 -0.00212417 -0.0145683 0.00256685 0.0122294 -0.0058075 -0.0159246 0.0230019 0.0147088
internal_weight=1037.46 707.601 329.855 381.328 326.273 168.388 185.495 212.94 298.107 144.36 142.027
internal_count=5806 4112 1694 2336 1776 1074 1008 1262 1626 686 782
is_linear=0
shrinkage=0.03


Tree=15
num_leaves=14
num_cat=0
split_feature=0 0 0 5 5 5 5 6 3 0 3 3 3
split_gain=134.956 29.4368 17.3942 6.39753 5.22044 4.51739 3.3397 3.07344 2.09389 2.05161 1.7077 1.49237 0.510169
threshold=68.596109686953255 139.88179913083016 1.1088900869526699 0.49804399999999999 -0.16629639999999998 -0.16629639999999998 -0.58010729999999999 -0.28367387999999982 0.70000000000000018 -69.73250797128911 -0.20000000000000009 0.70000000000000018 -1.0999999999999994
decision_type=2 2 2 8 10 8 10 8 10 2 10 10 10
left_child=2 3 7 6 11 -3 -2 -1 -6 -9 -7 -4 -5
right_child=1 5 4 12 8 10 -8 9 -10 -11 -12 -13 -14
leaf_value=-0.0043514862474800138 -0.0078788237977344862 0.0055595735486298472 -0.0066703827323013809 0.0051235474592677601 0.0010102259673756546 0.021455145277566621 0.0026382521171951288 -0.02007675746490499 -0.0070121073765318257 -0.013145899512278745 0.013837644980417575 -0.014340948908607735 0.0123999412432489
leaf_weight=26.525596000254154 26.389326050877571 30.44813809543848 129.45262185484171 22.158014014363289 121.40852162241936 148.1760478913784 201.44466593116522 100.07805824279785 33.20801367610693 164.68192301690578 85.756511308252811 31.787939004600048 60.433511018753052
leaf_count=118 124 128 732 146 595 672 1011 430 173 792 373 168 310
internal_value=-4.62251e-05 0.0103262 -0.00987037 0.00395611 -0.00487644 0.0175935 0.00127706 -0.0151119 -0.000878465 -0.0160893 0.0190107 -0.00856845 0.0108517
internal_weight=1181.95 574.806 607.143 310.426 315.857 264.381 227.834 291.286 154.617 264.76 233.933 161.241 82.5915
internal_count=5772 2764 3008 1591 1668 1173 1135 1340 768 1222 1045 900 456
is_linear=0
shrinkage=0.03


Tree=16
num_leaves=10
num_cat=0
split_feature=0 0 4 4 6 6 6 4 4
split_gain=7.38408 4.28867 3.29578 2.47035 2.1407 1.95779 3.19751 1.13127 0.312609
threshold=139.88179913083016 15.958157052232311 -2.2999999999999989 1.8000000000000007 0.12028509999999994 1.1190028000000003 0.62547940000000024 -0.49999999999999994 2.5000000000000009
decision_type=2 2 8 8 10 10 8 8 10
left_child=1 5 -3 -4 7 6 -1 -2 -9
right_child=4 2 3 -5 -6 -7 -8 8 -10
leaf_value=-0.00030166713086512232 4.2656949458825769e-05 0.012388006667649942 0.0034878661854132213 -0.0023901459986699052 0.0013544367888235649 0.0061923168685673177 -0.0078512964776768224 -0.0059669268503338493 -0.010124771745861757
leaf_weight=185.54029796272516 20.523458883166313 27.67340062558651 343.72835850715637 75.169964537024498 36.033274821937084 21.760448187589645 64.58712025731802 100.63917784392834 40.643987528979778
leaf_count=1094 117 179 2215 598 199 128 385 603 254
internal_value=-4.82709e-05 0.00137027 0.00316552 0.00241732 -0.00510654 -0.0015823 -0.00236677 -0.00654283 -0.00746823
internal_weight=916.299 718.46 446.572 418.898 197.84 271.888 250.127 161.807 141.283
internal_count=5772 4599 2992 2813 1173 1607 1479 974 857
is_linear=0
shrinkage=0.03


Tree=17
num_leaves=14
num_cat=0
split_feature=5 6 5 4 6 6 1 1 4 4 5 3 6
split_gain=76.9938 20.1667 18.3339 6.43753 6.21093 4.01765 3.28085 2.99133 1.63107 1.58489 1.24376 1.58845 0.405045
threshold=-0.16629639999999998 0.33491852999999988 0.40408769999999999 -0.59999999999999987 0.26209210000000027 -0.19826740000000007 -0.49999999999999994 -0.19999999999999982 -0.59999999999999987 0.59999999999999987 -0.30809560000000019 1.1000000000000003 -0.25702130000000001
decision_type=10 10 10 8 10 10 10 10 10 10 10 10 10
left_child=1 3 4 5 8 -1 -6 -4 -2 -5 11 -3 -9
right_child=2 10 7 9 6 -7 -8 12 -10 -11 -12 -13 -14
leaf_value=0.00084210515243255107 -0.0010944976207780093 0.019496357594165285 -0.0046754837197370835 4.4010110067605821e-05 0.0094798646615298493 0.010848770806377622 -0.0011546226928138587 -0.017225620966742444 -0.0068599521769997394 -0.0083712887137017654 0.0081921705620440436 0.010602885821679094 -0.011890172015010306
leaf_weight=55.729954265058041 61.920249305665493 120.23129931092262 34.652631215751171 92.840815253555775 40.59319993108511 102.48927114903927 58.887513481080532 106.51673255115747 170.16739740967751 20.704252660274506 29.160820655524731 46.797644294798374 92.130140975117683
leaf_count=300 355 615 199 615 215 539 320 624 974 107 160 242 507
internal_value=9.57185e-05 0.00904317 -0.00733094 0.00363629 -0.00272287 0.00745787 0.00343079 -0.0136854 -0.00537727 -0.00177883 0.0162563 0.0173852 -0.0151038
internal_weight=1032.82 467.954 564.868 271.764 331.568 158.219 99.4807 233.3 232.088 113.545 196.19 167.029 198.647
internal_count=5772 2578 3194 1561 1864 839 535 1330 1329 722 1017 857 1131
is_linear=0
shrinkage=0.03


Tree=18
num_leaves=11
num_cat=0
split_feature=0 0 0 6 5 5 0 2 5 0
split_gain=133.145 38.2988 9.4782 6.73564 6.69894 3.73998 3.66236 2.73228 2.59395 1.45522
threshold=55.195098539515364 133.20175085592487 -69.73250797128911 0.22606660000000015 -0.16629639999999998 0.77341360000000015 36.220430428302855 -0.89999999999999991 -0.24386939999999999 144.32918837674711
decision_type=2 2 2 8 8 10 2 8 10 2
left_child=2 5 -1 8 -3 7 -5 -2 -4 -6
right_child=1 4 3 6 9 -7 -8 -9 -10 -11
leaf_value=-0.018986180580720644 -0.0075651395948255233 0.0037237604880697222 -0.0083627752413939355 -0.014536617328341118 0.0095629215510727571 0.012315768437142046 -0.0039477678345985374 0.0021614514497217273 -0.0015508820314209506 0.019418269441025267
leaf_weight=110.83909750729799 23.441111855208874 34.138413839042187 93.900877989828587 171.82835720479488 30.330180414021015 25.943930819630623 40.779828257858753 310.79449026286602 108.17190945148468 231.273661211133
leaf_count=476 114 146 461 865 143 142 230 1658 520 1023
internal_value=-2.78305e-05 0.0089574 -0.0112214 -0.00894445 0.0168637 0.00232355 -0.012643 0.00137784 -0.00484179 0.0184764
internal_weight=1181.44 655.922 525.52 414.681 295.742 360.18 212.608 334.236 202.073 261.604
internal_count=5778 3226 2552 2076 1312 1914 1095 1772 981 1166
is_linear=0
shrinkage=0.03


Tree=19
num_leaves=10
num_cat=0
split_feature=0 4 0 6 6 6 6 2 1
split_gain=10.4155 4.65352 4.52607 3.87661 3.92556 2.57236 0.844216 0.373721 0.0902567
threshold=139.88179913083016 0.59999999999999987 -89.135339537477293 1.0561405000000001 0.57033750000000005 0.16893530000000026 -0.38700829999999981 -1.2999999999999996 1.1000000000000003
decision_type=2 8 2 10 8 10 10 10 10
left_child=2 6 7 4 -4 8 -2 -1 -3
right_child=1 5 3 -5 -6 -7 -8 -9 -10
leaf_value=-0.0078699570714070664 -0.0027198641462942699 -0.0076347186473084503 0.0035844784789715754 0.012952057311192134 -0.0023140009060525096 0.00099102521859441447 0.0038167763657190072 -0.0027795269304829425 -0.011914173840362408
leaf_weight=24.198576182126999 25.62343443185091 58.536578513681889 499.26700354367495 28.454427093267441 123.44816352427006 21.014368548989296 38.294922463595867 40.02109307795763 57.455487638711929
leaf_count=128 146 355 3182 177 882 113 223 211 361
internal_value=0.000507131 -0.00544594 0.00220531 0.00296205 0.00240604 -0.00847432 0.00118917 -0.00512757 -0.0101593
internal_weight=916.314 200.925 715.389 651.17 622.715 137.006 63.9184 64.2197 115.992
internal_count=5778 1198 4580 4241 4064 829 369 339 716
is_linear=0
shrinkage=0.03


Tree=20
num_leaves=12
num_cat=0
split_feature=0 0 0 4 5 6 6 5 4 0 0
split_gain=137.75 25.9872 14.3799 8.31764 4.67985 4.49115 3.88349 2.79862 3.14724 2.23563 0.210205
threshold=39.103185373899358 112.51086094079689 -69.73250797128911 0.59999999999999987 -0.31333139999999982 0.21229900000000004 0.27473200000000003 -0.13886782000000006 1.5000000000000004 72.155010848773955 171.87664356079566
decision_type=2 2 2 10 8 10 8 10 10 2 2
left_child=2 7 -1 6 -3 -5 -4 9 -9 -2 -6
right_child=1 4 3 5 10 -7 -8 8 -10 -11 -12
leaf_value=0.022369119491187899 0.0036086908545840657 -0.002542184753363911 0.0072873404672567262 -0.0098386391751177516 -0.013962114354436577 0.00676786102305645 0.015168043094018931 -0.0076321837666792191 0.0013878055962632367 -0.0040268156474788487 -0.018557339260075374
leaf_weight=105.74427435547113 72.500859655439854 25.316086776554585 126.4156429618597 24.85507507622242 139.42605128139257 24.002384655177593 130.58435509353876 140.12233094871044 43.986489057540894 57.230073228478432 141.79577443748713
leaf_count=476 487 133 683 126 813 126 717 856 266 341 754
internal_value=-0.000418723 -0.00931954 0.0129477 0.00938298 -0.0154643 -0.00180939 0.0115047 -0.00316939 -0.00549745 0.000215894 -0.0165628
internal_weight=1031.98 620.378 411.602 305.857 306.538 48.8575 257 313.84 184.109 129.731 281.222
internal_count=5778 3650 2128 1652 1700 252 1400 1950 1122 828 1567
is_linear=0
shrinkage=0.03


Tree=21
num_leaves=14
num_cat=0
split_feature=5 5 4 6 1 6 4 6 3 3 3 6 2
split_gain=77.4737 15.7541 14.0157 5.94183 5.1149 5.06689 3.34571 3.17005 2.9827 2.47012 2.45985 2.14082 1.09319
threshold=0.0063625999999999414 -0.42791659999999981 0.59999999999999987 0.034106299999999708 -0.29999999999999999 0.041503350000000279 2.5000000000000009 -0.32482820000000007 0.4000000000000003 1.0000000180025095e-35 -1.0000000180025095e-35 0.73427459999999989 -1.0999999999999994
decision_type=8 10 10 10 10 8 10 10 10 10 10 10 10
left_child=1 7 5 10 -4 9 -6 -1 -7 -2 -3 -5 -9
right_child=2 3 4 11 6 8 -8 12 -10 -11 -12 -13 -14
leaf_value=-0.0037351329620410327 0.003793798572763274 0.0047481569580004861 0.0014543926818463401 -0.0043463575138731354 0.010454947134176976 0.00091570192368566376 0.018261895150191613 -0.016770055747701046 -0.0089419026773855277 0.013449795071604147 -0.0032139472889901695 -0.012698608362808131 -0.011328335850297402
leaf_weight=38.062474340200424 107.23091761022806 88.105126954615116 40.696385502815247 118.0712171792984 207.15311133116484 91.770529702305794 84.643142074346542 96.838129676878452 34.048773527145386 28.593477696180344 51.517360202968121 35.857585787773132 166.55074001848698
leaf_count=171 508 432 196 567 982 549 408 471 168 137 245 172 811
internal_value=-5.59051e-05 -0.00767559 0.00757526 -0.00265721 0.0116197 0.00231413 0.0129891 -0.0124394 -0.00199173 0.00623192 0.00180078 -0.0066303 -0.0136042
internal_weight=1189.14 595.003 594.136 293.551 332.493 261.644 291.796 301.451 125.819 135.824 139.622 153.929 263.389
internal_count=5817 2869 2948 1416 1586 1362 1390 1453 717 645 677 739 1282
is_linear=0
shrinkage=0.03


Tree=22
num_leaves=14
num_cat=0
split_feature=0 0 4 3 7 0 0 4 3 3 3 4 2
split_gain=9.12799 4.37558 4.43102 3.26784 3.11839 2.30296 2.24265 1.8298 1.48694 2.43467 1.18259 1.1452 0.497184
threshold=139.88179913083016 -19.00078633085479 1.8000000000000007 0.70000000000000018 -1.0000000180025095e-35 47.359250589631536 -93.937142366747011 0.59999999999999987 -0.29999999999999999 0.19999999999999987 -0.20000000000000001 -1.0000000180025095e-35 0.49999999999999994
decision_type=2 2 8 10 10 2 2 10 10 10 8 8 10
left_child=1 3 4 10 -3 -4 -5 11 12 -10 -1 -2 -9
right_child=7 2 5 6 -6 -7 -8 8 9 -11 -12 -13 -14
leaf_value=0.00071626996919293008 -0.0041728795726340365 0.0004834346493258106 0.0055928058565906233 -0.0032782378451508402 0.006015336139758797 -0.0056529652293203069 0.0066276595231330856 -0.013719837355643019 0.0036380913801970448 -0.0082402869522049619 -0.0068598301475434964 0.003191312384887574 -0.0069277107484889983
leaf_weight=22.446967728435993 38.033230558037758 126.43428847193718 17.320124961435795 30.622707642614841 338.10374104976654 61.725104413926601 45.672700054943562 23.148998007178307 24.957425221800804 28.410455450415611 81.891813948750496 29.298711955547333 55.296868793666363
leaf_count=124 219 801 122 167 2165 502 286 140 151 166 457 170 347
internal_value=0.000514198 0.0020813 0.00341801 -0.00192498 0.00453089 -0.0030027 0.00269464 -0.00509615 -0.00709171 -0.00284958 -0.00527172 -0.000969345 -0.00963402
internal_weight=923.363 724.217 543.583 180.634 464.538 79.0452 76.2954 199.146 131.814 53.3679 104.339 67.3319 78.4459
internal_count=5817 4624 3590 1034 2966 624 453 1193 804 317 581 389 487
is_linear=0
shrinkage=0.03


Tree=23
num_leaves=13
num_cat=0
split_feature=0 0 0 0 2 1 0 6 3 6 3 2
split_gain=125.104 36.127 6.28098 5.27742 2.74739 2.36179 1.97705 1.74481 3.87143 1.00459 0.902014 0.75772
threshold=4.5962107424408041 112.51086094079689 -46.89991175851889 57.205246042983056 -1.0999999999999994 0.50000000000000022 207.4891956177153 0.24571899999999988 0.20000000000000001 0.39622139999999989 0.4000000000000003 -1.2999999999999996
decision_type=2 2 2 2 10 10 2 8 10 10 10 10
left_child=2 3 11 5 -5 -2 9 8 -4 -3 -9 -1
right_child=1 6 7 4 -6 -7 -8 10 -10 -11 -12 -13
leaf_value=0.026221354431061616 0.00072562111543809807 -0.013335362568687253 0.011777045939876052 0.0033896935527057631 -0.0056518782631524008 0.0096111412136892626 -0.019365189199788989 0.018364298189417757 -0.0028364143890436361 -0.004740847096991371 0.0094309618227873936 0.017204568443609441
leaf_weight=43.427321091294289 180.90444553643465 199.05073251575232 37.868788354098797 31.872645013034344 206.87111196666956 26.845905318856239 83.030841901898384 32.449950180947781 23.715408876538277 20.711843721568584 46.665840610861778 105.4577562212944
leaf_count=199 1068 1159 197 248 1237 145 427 167 117 110 251 492
internal_value=-0.000393347 -0.00686639 0.0161876 -0.00139871 -0.00440004 0.00207272 -0.0147752 0.0109706 0.00635915 -0.0126488 0.0139688 0.0206011
internal_weight=1038.87 749.288 289.585 446.494 238.744 207.75 302.793 140.7 61.5842 219.763 79.1158 148.885
internal_count=5817 4394 1423 2698 1485 1213 1696 732 314 1269 418 691
is_linear=0
shrinkage=0.03


Tree=24
num_leaves=14
num_cat=0
split_feature=0 0 0 5 6 5 6 5 2 0 6 3 1
split_gain=116.533 27.9097 17.666 5.77958 3.83674 2.75012 2.54311 1.55847 1.36509 1.15914 0.590273 0.42928 0.428941
threshold=68.596109686953255 139.88179913083016 -12.822032088832541 0.79291244000000016 -0.40959499999999976 -0.15940719999999983 0.33491852999999988 -0.0061931999999998979 -0.69999999999999973 -35.343439652721933 -0.78796480000000024 -0.20000000000000009 0.19999999999999987
decision_type=2 2 2 8 8 8 10 8 10 2 10 10 10
left_child=2 3 8 6 12 -6 -2 -3 -1 -10 -5 -9 -4
right_child=1 7 4 10 5 -7 -8 11 9 -11 -12 -13 -14
leaf_value=-0.018372086931190534 0.0029529772127334583 0.0094313356409595223 -0.00059225017058495361 0.0065551977293996982 -0.0092345167923531223 -0.0035026982293561641 -0.0041462474083240764 0.019443554785567477 -0.014151246838368577 -0.0061039126600094902 0.016307360583384185 0.013529551386836433 0.0044864996998473638
leaf_weight=120.53898673504591 211.30522278696299 44.280810356140137 25.604124739766121 20.906208030879498 148.59555316716433 167.63961918652058 52.825262345373631 143.56102061271667 79.222670115530491 34.52419638633728 22.653355099260807 81.350821658968925 27.830968707799911
leaf_count=563 1065 193 123 145 779 904 256 646 351 168 120 365 129
internal_value=-7.76239e-05 0.0095232 -0.00925097 0.00326125 -0.00505488 -0.00629783 0.0014825 0.0164907 -0.0156278 -0.0120686 0.0127838 0.0176452 0.0022105
internal_weight=1180.84 576.883 603.956 307.69 369.67 316.235 264.13 269.193 234.286 113.747 43.5596 224.912 53.4351
internal_count=5807 2790 3017 1586 1935 1683 1321 1204 1082 519 265 1011 252
is_linear=0
shrinkage=0.03


Tree=25
num_leaves=8
num_cat=0
split_feature=5 0 0 5 6 7 7
split_gain=9.12425 4.77832 4.76796 2.58848 2.54577 2.33205 0.858376
threshold=0.95970244000000016 139.88179913083016 -66.545195644924192 0.8077814000000002 -0.44382050000000012 -1.0000000180025095e-35 -1.0000000180025095e-35
decision_type=10 2 2 8 10 10 8
left_child=1 2 6 4 -3 -4 -1
right_child=-2 3 5 -5 -6 -7 -8
leaf_value=0.00064977485542424315 -0.011221788492930039 -0.0099929230538433455 0.00014665713566454401 0.0054071817968827911 -0.0017069263574831862 0.0042411627293791358 -0.0059522335233768882
leaf_weight=22.689607389271259 52.625385902822018 51.049858815968037 174.14310310035944 21.195441067218781 88.970900796353817 443.73948437720537 63.376335613429546
leaf_count=126 345 316 1145 128 525 2879 343
internal_value=0.00034128 0.00110507 0.00217287 -0.00348257 -0.00496828 0.00309761 -0.00427163
internal_weight=917.79 865.165 703.949 161.216 140.021 617.883 86.0659
internal_count=5807 5462 4493 969 841 4024 469
is_linear=0
shrinkage=0.03


Tree=26
num_leaves=11
num_cat=0
split_feature=0 0 0 5 0 0 5 0 1 3
split_gain=117.238 24.1979 17.22 3.38256 2.55274 1.87329 1.81019 1.15583 1.15338 1.12396
threshold=55.920790173950884 -32.051318786108816 146.23824793628663 0.22891239999999999 16.903475947382962 108.28656482175838 -0.31333139999999982 99.941064870976916 1.0000000180025095e-35 1.3000000000000005
decision_type=2 2 2 8 2 2 10 2 8 10
left_child=1 9 5 4 -3 7 -7 -2 -5 -1
right_child=2 3 -4 8 -6 6 -8 -9 -10 -11
leaf_value=0.020345109875777007 -0.004637263003373325 0.0095857329229600101 -0.016710366512201452 -0.0051736897638653507 0.0033736891075799324 -0.00035809254660901148 -0.010284670559394939 0.0015691862135053809 0.0025246147328596515 0.010428236884138841
leaf_weight=148.79101861268282 196.04798489063978 128.75739470869303 199.95232585072517 27.661938145756721 122.26601898670197 20.214629031717777 95.9071424305439 28.706085473299026 33.215384729206562 29.548953920602798
leaf_count=692 1246 694 1117 152 701 112 566 179 204 144
internal_value=-0.000215122 0.010355 -0.00980359 0.00517201 0.00668501 -0.00556919 -0.00864276 -0.00382766 -0.00110059 0.0190312
internal_weight=1031.07 490.241 540.828 311.901 251.023 340.876 116.122 224.754 60.8773 178.34
internal_count=5807 2587 3220 1751 1395 2103 678 1425 356 836
is_linear=0
shrinkage=0.03


Tree=27
num_leaves=14
num_cat=0
split_feature=0 0 0 5 3 5 5 3 2 3 3 0 0
split_gain=115.904 20.8168 13.6376 5.29998 3.2591 2.90634 1.83822 1.57236 0.979264 0.941849 0.880087 0.684313 0.537636
threshold=68.596109686953255 141.43539277154596 17.614017346873087 -0.19120150000000022 0.70000000000000018 0.46816260000000004 -0.13886782000000006 0.70000000000000018 -0.49999999999999983 1.3000000000000005 -0.20000000000000001 48.996645916851328 -10.347770710621033
decision_type=2 2 2 10 8 10 8 10 10 8 10 2 2
left_child=2 4 8 11 5 -2 -3 -5 -1 -6 -8 -4 -10
right_child=1 6 3 7 9 -7 10 -9 12 -11 -12 -13 -14
leaf_value=-0.014945699729720709 0.00092226019614776973 0.0069578861198251055 -0.010225941907341239 0.0019788485396295746 0.0149604184156302 0.0079278919560116755 0.018677691143247816 -0.0058107503728733103 -0.012080751168929043 0.0051519672929101219 0.012475476716891011 -0.0048019782360021416 -0.0069042865728110008
leaf_weight=189.57945224642754 198.35972391068935 29.612232036888599 70.798074640333652 106.20188447088003 24.594958238303661 68.711227484047413 145.73880703002214 24.527516461908817 97.581148356199265 23.908470325171947 84.485040493309498 50.535580895841122 55.237425163388252
leaf_count=920 987 128 383 520 116 356 649 134 440 157 362 313 267
internal_value=-1.73036e-05 0.00953853 -0.00926931 -0.00386408 0.00425366 0.00283722 0.0157556 0.000357142 -0.0131356 0.0110589 0.0167152 -0.00824632 -0.0104877
internal_weight=1169.87 575.41 594.461 252.063 315.574 267.071 259.836 130.729 342.398 48.5034 230.224 121.334 152.819
internal_count=5732 2755 2977 1350 1616 1343 1139 654 1627 273 1011 696 707
is_linear=0
shrinkage=0.03


Tree=28
num_leaves=12
num_cat=0
split_feature=0 0 7 4 1 5 0 2 5 4 2
split_gain=6.20247 4.69881 2.84832 2.78553 2.46797 1.82056 1.49473 0.774238 2.40502 0.575933 0.335622
threshold=164.48203777566565 -30.377474877829396 -1.0000000180025095e-35 0.59999999999999987 1.1000000000000003 -0.4375776999999999 196.21409288184194 -1.2999999999999996 -0.87000539999999982 1.2 0.90000000000000036
decision_type=2 2 10 10 8 10 2 10 10 10 10
left_child=1 7 5 -4 6 -3 -2 -1 -9 -8 -6
right_child=4 2 3 -5 10 -7 9 8 -10 -11 -12
leaf_value=-0.0068853104057387104 -0.0060721733116147368 -0.0056025404857953584 0.0052029643409365776 7.0023711875980612e-05 -0.0049372386230997463 0.0010351202424788413 0.0047326417682022632 0.0057660270685833126 -0.0041744602469961879 -0.0015394928911811085 -0.011629537979796975
leaf_weight=38.285775505006313 35.06445749104023 47.321483172476292 304.26992227137089 137.63578332960606 21.697992287576199 124.65606795996428 22.25537246465683 23.46830490231514 93.913145646452904 21.914059832692146 40.109276413917542
leaf_count=221 212 341 1996 893 130 797 119 129 526 123 245
internal_value=0.000110586 0.00117925 0.00235939 0.00362293 -0.00556101 -0.000897987 -0.00184869 -0.00340328 -0.00203266 0.0017807 -0.00982549
internal_weight=910.592 769.55 613.883 441.906 141.041 171.978 79.2339 155.667 117.381 44.1694 61.8073
internal_count=5732 4903 4027 2889 829 1138 454 876 655 242 375
is_linear=0
shrinkage=0.03


Tree=29
num_leaves=14
num_cat=0
split_feature=0 0 0 5 5 0 4 0 6 2 2 0 7
split_gain=124.213 16.2199 12.1316 3.90566 3.40339 2.28947 3.48926 1.78498 1.71749 1.28126 1.25619 0.498424 0.244491
threshold=55.920790173950884 -1.2665487047664781 144.32918837674711 -0.23725949999999982 -0.15241109999999999 -46.89991175851889 -0.19999999999999948 15.958157052232311 0.3749228 -1.0000000180025095e-35 1.1000000000000003 187.61090832684184 1.0000000180025095e-35
decision_type=2 2 2 8 10 2 10 2 10 10 10 2 10
left_child=1 5 4 9 8 12 -7 -5 -2 -3 -6 -4 -1
right_child=2 3 11 7 10 6 -8 -9 -10 -11 -12 -13 -14
leaf_value=0.020217007853778054 -0.0040354606769986137 0.0061393584030859285 -0.012326832141573143 0.0074404422228816379 -0.0095458227532372545 0.014599404334837198 0.0026542296308553716 -0.00089476589375431107 0.0043430125063486725 0.01438886349268622 -0.002154440801196839 -0.018077378253067593 0.012698035335668106
leaf_weight=104.32518241554499 96.404092885553837 73.726951539516449 85.942551217973232 24.830310210585594 186.69414230436087 87.206546105444431 32.282712176442146 99.212811060249805 23.707821927964687 26.505689941346645 27.021799236536026 111.39705909788609 42.798872843384743
leaf_count=472 633 428 495 136 1135 457 160 590 126 139 169 601 191
internal_value=-7.87906e-05 0.0107437 -0.0100875 0.00464667 -0.00644398 0.0156925 0.0116084 0.000997377 -0.00227423 0.00890089 -0.00868189 -0.0159395 0.018519
internal_weight=1022.06 490.889 531.167 224.276 333.828 266.613 119.489 124.043 120.112 100.233 213.716 197.34 147.124
internal_count=5732 2573 3159 1293 2063 1280 617 726 759 567 1304 1096 663
is_linear=0
shrinkage=0.03


Tree=30
num_leaves=13
num_cat=0
split_feature=0 0 0 3 5 5 6 6 6 5 0 0
split_gain=98.0195 21.4248 13.3321 4.29532 4.11823 3.91589 3.77289 2.40228 2.21184 1.42231 0.993048 0.0527162
threshold=68.596109686953255 146.23824793628663 -4.8856707886660606 0.90000000000000036 -0.015349799999999801 -0.41061629999999999 0.34687650000000009 -0.80451119999999965 -0.16396135999999981 -0.040879700000000345 -46.89991175851889 252.60248874671893
decision_type=2 2 2 10 8 10 10 8 8 10 2 2
left_child=2 6 8 5 -3 -4 7 -2 -1 -8 -10 -6
right_child=1 4 3 -5 11 -7 9 -9 10 -11 -12 -13
leaf_value=-0.0052014137403060103 -0.0020475309015699737 0.0056801775589830645 -0.0074421849600109329 -0.01201450766584863 0.01543793139712544 -9.5211698508713199e-05 -0.0074791130029440737 0.0064022148416591944 -0.01646951695913627 0.0014135806431562036 -0.010768445309301919 0.0216776068324235
leaf_weight=35.243603512644768 32.355439737439156 39.366251051425934 94.441658057272434 47.874971732497215 168.91148118674755 190.50560366362333 26.265074416995049 230.69976074248552 130.21919758617878 30.831004425883293 97.612399406731129 44.212986171245575
leaf_count=156 162 171 558 262 770 946 125 1206 592 156 476 173
internal_value=0.000270764 0.00909385 -0.00821311 -0.00412627 0.0155488 -0.00261661 0.0038423 0.0053441 -0.0132101 -0.00295003 -0.0143106 0.0171996
internal_weight=1168.54 572.642 595.897 332.822 252.491 284.947 320.151 263.055 263.075 57.0961 227.832 213.124
internal_count=5753 2763 2990 1766 1114 1504 1649 1368 1224 281 1068 943
is_linear=0
shrinkage=0.03


Tree=31
num_leaves=12
num_cat=0
split_feature=0 0 5 6 6 6 6 6 6 4 5
split_gain=5.06997 3.61156 3.23402 2.9142 3.00839 2.31948 2.31669 3.29549 2.13891 0.990047 0.415219
threshold=139.88179913083016 5.870140895475175 -0.028719300000000222 0.24571899999999988 1.0561405000000001 0.12028509999999994 0.73427459999999989 0.57033750000000005 -0.12084489999999991 0.60000000000000042 -0.13184449999999989
decision_type=2 2 8 8 10 8 10 10 8 10 10
left_child=1 3 -2 8 -5 9 7 -3 -1 -4 -8
right_child=2 6 5 4 -6 -7 10 -9 -10 -11 -12
leaf_value=-0.0036983486541185529 0.0036850473943066181 0.0023418427531677593 -0.0029232664893358599 -0.0067552373471151152 0.0039429396367538141 0.0011284757626142715 0.0043071429970793417 -0.0075463432258844687 0.0050739954626990635 -0.009379735083402228 0.012039499969952386
leaf_weight=35.755613550543785 32.086526297032833 405.5700126439333 34.277667701244354 119.2102405577898 25.716205231845379 29.981341697275639 20.606642335653305 27.909915655851364 61.155910395085812 100.16398672014475 18.293530628085136
leaf_count=204 188 2721 200 715 146 173 131 177 347 638 113
internal_value=-0.000386823 0.000793728 -0.00459079 -0.00215936 -0.00478873 -0.00626688 0.00231236 0.00162639 0.00181477 -0.00789742 0.00890051
internal_weight=910.728 714.218 196.51 241.838 144.926 164.423 472.38 433.48 96.9115 134.442 38.9002
internal_count=5753 4554 1199 1412 861 1011 3142 2898 551 838 244
is_linear=0
shrinkage=0.03


Tree=32
num_leaves=13
num_cat=0
split_feature=5 5 3 2 3 2 5 4 3 4 1 1
split_gain=56.2555 13.3404 12.6741 5.70536 4.25265 3.56228 3.33058 2.93508 2.487 1.97704 1.20877 0.724282
threshold=-0.13886782000000006 0.46816260000000004 -0.20000000000000001 -1.0999999999999994 -0.20000000000000009 -0.49999999999999983 -0.41061629999999999 0.60000000000000042 1.1000000000000003 -0.29999999999999977 -1.0000000180025095e-35 0.50000000000000022
decision_type=10 10 10 10 8 10 8 10 10 10 10 10
left_child=2 4 5 -4 9 6 -1 -5 -6 -2 -3 -7
right_child=1 10 3 7 8 11 -8 -9 -10 -11 -12 -13
leaf_value=0.010195397278440625 -0.0011657753892090979 -0.0060291134154098472 0.016935128540957457 0.0089478687291999915 -0.0016606315513361838 -0.0019128121490919732 -0.0010025118816241042 -0.0018614794114175832 0.0070894489375548575 -0.0094273502841655376 -0.013873819836476583 -0.008911353192456185
leaf_weight=35.381957359611988 37.904942400753498 32.35358303040266 91.498680010437965 222.69427907466888 180.95183322578669 29.411522246897221 56.640635617077351 23.373542562127113 29.695461295545101 91.121404714882374 164.020771227777 26.107736989855766
leaf_count=187 221 185 456 1152 1011 167 419 117 164 535 991 148
internal_value=3.55433e-05 -0.00663377 0.00739767 0.0105637 -0.00295646 4.51012e-05 0.00360653 0.00790448 -0.000291336 -0.00713433 -0.0127632 -0.00566819
internal_weight=1021.16 536.048 485.108 337.567 339.674 147.542 92.0226 246.068 210.647 129.026 196.374 55.5193
internal_count=5753 3107 2646 1725 1931 921 606 1269 1175 756 1176 315
is_linear=0
shrinkage=0.03


Tree=33
num_leaves=13
num_cat=0
split_feature=4 6 4 6 2 3 4 1 4 3 2 6
split_gain=45.6903 18.3428 12.0702 7.16266 5.97867 4.36561 4.02101 2.74773 2.53043 1.71767 0.451832 0.145029
threshold=0.40000000000000019 -0.27129719999999996 2.7000000000000002 0.29648330000000023 -1.0999999999999994 0.90000000000000036 -0.6000000000000002 0.20000000000000015 1.1000000000000001 -1.0999999999999994 0.19999999999999987 -0.30452163999999993
decision_type=10 10 10 10 10 10 10 10 10 10 10 10
left_child=1 6 3 7 -3 -6 9 -2 -5 -1 -8 -4
right_child=2 4 11 8 5 -7 10 -9 -10 -11 -12 -13
leaf_value=0.0027386354510285163 0.0028244166939050885 -0.014269258335359525 0.021272024551469444 -0.0076198419445362179 -0.0044834973049493656 -0.012111546131655208 0.0043091915898923801 0.0092548048123650035 0.002556580053834941 -0.0039510735380282203 0.0096416578779426158 0.012364562540118872
leaf_weight=59.891990631818771 95.81430745869875 104.08785951137543 38.164746224880219 41.446911841630936 330.7098792642355 84.642379619181156 41.259954869747162 185.118896715343 38.15078491717577 69.229168929159641 42.467456042766571 35.571751683950424
leaf_count=395 465 521 180 204 1618 437 198 876 175 332 188 174
internal_value=-0.000329065 -0.00489093 0.00733155 0.00492614 -0.00790837 -0.00616355 0.00248539 0.00714941 -0.00287951 -0.000861679 0.00740479 0.018033
internal_weight=1166.56 732.289 434.267 360.531 519.44 415.352 212.849 280.933 79.5977 129.121 83.7274 73.7365
internal_count=5763 3689 2074 1720 2576 2055 1113 1341 379 727 386 354
is_linear=0
shrinkage=0.03


Tree=34
num_leaves=9
num_cat=0
split_feature=5 0 0 7 5 6 1 2
split_gain=5.41066 5.76368 4.18528 2.40225 1.7117 0.486938 0.237991 0.0434056
threshold=0.98392210000000013 -83.749956970378079 139.88179913083016 -2.4999999999999996 0.66847429999999997 0.26816999999999974 0.90000000000000036 -1.0999999999999994
decision_type=10 2 2 10 10 10 10 10
left_child=1 5 3 -3 -4 -1 -2 -7
right_child=6 2 4 -5 -6 7 -8 -9
leaf_value=-0.0030687359340749692 -0.012319136203897013 -0.0059769236171723587 -0.004915645375048139 0.002681305187921246 0.0021191071909363837 -0.011348287856913551 -0.0057558185647774516 -0.0058019464911467349
leaf_weight=23.603901885449886 20.007585860788822 25.637354306876659 115.92962400615215 611.70380278676748 38.69595081359148 21.555470161139965 28.353661462664604 24.43570014834404
leaf_count=117 127 193 688 3956 240 122 187 133
internal_value=-9.98636e-05 0.000471613 0.00121536 0.00228921 -0.00314392 -0.00750614 -0.00937102 -0.00925932
internal_weight=909.923 861.562 791.967 637.341 154.626 69.5951 48.3612 45.9912
internal_count=5763 5449 5077 4149 928 372 314 255
is_linear=0
shrinkage=0.03


Tree=35
num_leaves=13
num_cat=0
split_feature=0 0 0 5 5 4 0 0 1 1 1 0
split_gain=103.862 20.8086 8.51816 3.55535 3.10203 2.91212 2.75532 2.11026 1.85248 1.54457 1.33428 0.946449
threshold=39.103185373899358 113.71465686896126 1.0000000180025095e-35 -0.34154619999999997 -0.13886782000000006 0.8000000000000006 -76.492174434710009 71.526719091711939 0.70000000000000018 -1.0000000180025095e-35 -1.4999999999999998 171.87664356079566
decision_type=2 2 2 8 10 10 2 2 10 10 10 2
left_child=2 4 6 -3 7 9 -1 -2 -6 -4 -8 -5
right_child=1 3 5 11 8 -7 10 -9 -10 -11 -12 -13
leaf_value=0.019292598066862777 0.004418048459470727 -0.0014950306835800043 0.0046306239347083129 -0.011545136580363772 -0.0063712683524003878 -0.003997578883251791 0.004449052671161904 -0.0028285770468302511 0.00082394495939824277 0.012235248883046121 0.012999499102885177 -0.016834871975110702
leaf_weight=95.95839424431324 74.439037278294563 21.907053276896477 86.445977210998535 129.91899571567774 139.47115760296583 21.302161656320095 25.826270192861557 61.802633069455624 40.078720912337303 36.265183702111244 158.82939388602972 128.15876898169518
leaf_count=416 491 116 505 789 861 111 145 381 254 198 783 713
internal_value=0.000465071 -0.00759169 0.011726 -0.013473 -0.00224854 0.00552432 0.0147563 0.00114703 -0.00478636 0.00726907 0.0119524 -0.014442
internal_weight=1020.4 595.776 424.627 279.985 315.792 144.013 280.614 136.242 179.55 122.711 184.656 258.078
internal_count=5763 3605 2158 1618 1987 814 1344 872 1115 703 928 1502
is_linear=0
shrinkage=0.03


Tree=36
num_leaves=12
num_cat=0
split_feature=0 0 0 4 5 5 7 5 4 0 0
split_gain=101.719 17.862 14.5107 4.32141 2.83888 2.72373 1.81554 1.79312 1.77095 1.15632 0.398766
threshold=68.596109686953255 143.17962016032428 -4.8856707886660606 0.70000000000000029 -0.16629639999999998 -0.61071359999999997 1.0000000180025095e-35 -0.41061629999999999 0.59999999999999987 17.614017346873087 15.958157052232311
decision_type=2 2 2 8 8 10 10 8 10 2 2
left_child=2 3 8 5 -3 -2 -5 10 -1 -9 -4
right_child=1 4 7 6 -6 -7 -8 9 -10 -11 -12
leaf_value=-0.014667692944576276 -0.0071160599816545676 0.004720235311541178 -0.0037359282204308644 0.010431993014515452 0.016000271590711181 0.0027244443486696261 0.0021455856379930362 -0.0066529180705566394 -0.005086602342787969 -0.0016878831333065173 -0.0093126979606937381
leaf_weight=232.37484782189131 24.914978533983231 27.613317236304283 26.248818576335907 94.728454507887363 230.76802511513233 163.10757917165756 35.273318327963352 51.380575507879257 26.181215815246105 191.89687718451023 59.692092247307301
leaf_count=1106 117 117 140 512 1021 810 189 260 116 1036 318
internal_value=0.000197755 0.00911273 -0.00854791 0.00424705 0.0149073 0.00126992 0.00834638 -0.00426857 -0.0138124 -0.00284937 -0.00790845
internal_weight=1164.18 576.406 587.774 318.024 258.381 188.023 130.002 329.218 258.556 243.277 85.9409
internal_count=5742 2766 2976 1628 1138 927 701 1754 1222 1296 458
is_linear=0
shrinkage=0.03


Tree=37
num_leaves=13
num_cat=0
split_feature=0 0 2 7 3 2 2 0 4 6 4 0
split_gain=7.11295 4.25128 3.04688 3.31667 2.02536 1.36429 1.12205 0.717583 1.04043 0.680819 0.434917 0.456569
threshold=139.88179913083016 -30.377474877829396 1.3000000000000005 -1.0000000180025095e-35 -0.20000000000000009 -0.79999999999999993 -1.2999999999999996 161.02268845227232 0.8000000000000006 0.67922660000000001 -0.19999999999999948 217.08954974942961
decision_type=2 2 10 10 8 8 10 2 10 8 10 2
left_child=1 5 3 -3 10 6 -1 -6 -9 -7 -2 -12
right_child=4 2 -4 -5 7 9 -8 8 -10 -11 11 -13
leaf_value=-0.0041154932712419746 -0.0030150617465734973 -0.0011934599834625913 -0.0082200230763651051 0.0040022569973990011 -0.0055989331688610462 -0.0037185053792667257 0.0025833635066762205 0.0049704741099919928 -0.0027903774376866041 -0.010373681716338932 -0.010568537089043893 -0.0050923425045277994
leaf_weight=38.704742513597012 21.472790613770485 150.4030898436904 19.83257045596838 393.25296657532454 21.087000921368599 48.746573366224766 41.607556387782097 21.34881804138422 33.002400316298008 22.311167061328888 58.25418134778738 38.69324104487896
leaf_count=224 129 1005 126 2565 130 268 241 115 204 127 390 218
internal_value=-0.000470905 0.000919184 0.00211846 0.00256708 -0.00549112 -0.00347021 -0.000696996 -0.00150593 0.000419959 -0.00635273 -0.00786599 -0.00873985
internal_weight=908.717 714.859 563.489 543.656 193.858 151.37 80.3123 75.4382 54.3512 71.0577 118.42 96.9474
internal_count=5742 4556 3696 3570 1186 860 465 449 319 395 737 608
is_linear=0
shrinkage=0.03


Tree=38
num_leaves=15
num_cat=0
split_feature=5 6 5 5 6 7 3 2 5 5 3 4 4 6
split_gain=46.4636 16.4041 11.0323 6.17182 5.10543 2.96698 2.84974 2.61833 1.94362 1.77016 1.66987 1.10631 1.02026 0.514358
threshold=-0.010918000000000037 0.33491852999999988 0.44188640000000007 -0.58010729999999999 0.17598890000000014 1.0000000180025095e-35 0.59999999999999998 -0.49999999999999983 -0.24386939999999999 -0.56830179999999997 0.19999999999999987 -0.6000000000000002 0.19999999999999987 -0.08743853999999994
decision_type=10 10 10 8 10 10 10 10 10 10 10 10 10 10
left_child=1 3 4 7 11 -5 9 -1 -8 -3 -6 -2 -4 -14
right_child=2 6 12 5 10 -7 8 -9 -10 -11 -12 -13 13 -15
leaf_value=0.010885672735650968 -0.00040892144605759881 0.020140317606334095 -0.004534283938019355 0.0010026044590585449 -0.0030968804977005455 -0.0063477209006973373 0.010132533562545312 0.00037655656078054315 0.00074813446544558454 0.010199826715918724 0.0059082661059589219 -0.0067886206366870178 -0.014283743586325566 -0.0090307308607958502
leaf_weight=66.858146674931049 30.821338705718517 50.283618174493313 22.701972760260105 176.05925506353378 22.311916492879391 63.163658946752548 103.62603353708982 30.87186673283577 25.332902461290359 52.392730504274368 59.837916545569897 127.49518892168999 119.98941128700972 65.997177101671696
leaf_count=340 176 241 133 1073 126 355 527 159 137 270 328 756 737 384
internal_value=0.000194636 0.00586964 -0.00697491 0.00159256 -0.00250792 -0.00102838 0.0119263 0.00774586 0.00838578 0.0157771 0.00342511 -0.00559715 -0.011943 -0.0127049
internal_weight=1017.74 568.588 449.155 336.953 240.466 239.223 231.635 97.73 128.959 102.676 82.1498 158.317 208.689 185.987
internal_count=5742 3102 2640 1927 1386 1428 1175 499 664 511 454 932 1254 1121
is_linear=0
shrinkage=0.03


Tree=39
num_leaves=15
num_cat=0
split_feature=5 6 6 4 5 3 4 5 5 3 7 3 1 3
split_gain=49.998 11.1492 10.888 6.16197 4.89572 4.87243 4.01057 2.79042 1.88277 1.62398 1.501 0.887547 0.592671 0.370606
threshold=0.0063625999999999414 0.088859299999999988 -0.27129719999999996 1.9000000000000001 -0.63059379999999987 0.90000000000000036 0.29999999999999988 0.49804399999999999 -0.39588479999999987 -0.39999999999999997 -1.0000000180025095e-35 -0.29999999999999999 -1.0000000180025095e-35 -0.19999999999999982
decision_type=8 8 10 10 10 10 8 10 10 10 10 10 10 10
left_child=2 3 8 9 13 -6 12 -8 -1 -2 -5 -10 -3 -4
right_child=1 6 4 10 5 -7 7 -9 11 -11 -12 -13 -14 -15
leaf_value=-0.002707616779412374 0.00861135621502589 -0.0080083274261819725 -0.0072483661377051554 0.020489637907262732 -0.0036831468186061759 -0.013200174989209622 0.00025596476817985839 0.0087682752036427076 0.0068668871945470524 0.0036797962201802524 0.011194986218880303 6.9798847284420465e-05 -0.0017359737593844317 -0.013352168056828305
leaf_weight=51.049098141491413 133.79253442585468 35.504814401268959 31.645161055028439 35.495780736207962 225.40948975086212 59.312659904360771 104.19499106705189 47.170370474457741 45.673147097229958 128.79441702365875 82.418793484568596 26.401487924158573 25.549614481627941 138.8265119343996
leaf_count=236 630 181 154 165 1107 305 607 220 221 609 409 124 118 700
internal_value=-6.90976e-05 0.0060274 -0.00631763 0.00906851 -0.00843902 -0.0058593 0.000496666 0.00310423 0.0015485 0.00630647 0.0147126 0.00454311 -0.00571361 -0.0124579
internal_weight=1171.24 592.921 578.318 380.502 455.194 284.722 212.42 151.365 123.124 262.587 117.915 72.0746 61.0544 170.472
internal_count=5786 2939 2847 1813 2266 1412 1126 827 581 1239 574 345 299 854
is_linear=0
shrinkage=0.03


Tree=40
num_leaves=11
num_cat=0
split_feature=0 7 5 0 3 6 3 7 3 6
split_gain=6.27953 2.90425 2.67287 2.53214 3.61518 1.34916 1.18015 1.04948 0.785853 0.190285
threshold=139.88179913083016 -1.4999999999999998 -0.16629639999999998 -86.584635465982146 0.90000000000000036 0.12028509999999994 0.20000000000000001 1.0000000180025095e-35 0.70000000000000018 0.14173300000000008
decision_type=2 10 10 2 10 10 10 10 10 8
left_child=1 6 -2 8 -5 7 9 -4 -3 -1
right_child=2 3 5 4 -6 -7 -8 -9 -10 -11
leaf_value=-0.0087927476445619421 0.004439868462310992 -0.0064604244389915048 -0.0083903558591532281 0.0019591845702890609 0.0085775528798435283 0.0003194692893142902 0.00092373121401312364 -0.0023804723044393542 0.00016165382802802775 -0.0034115546412369639
leaf_weight=21.437262505292892 23.818518295884132 29.223413996398449 99.866229064762592 508.99048384279013 83.179619885981083 28.464325360953808 27.079812206327915 41.624894440174103 30.054153896868229 20.911061704158783
leaf_count=136 132 156 632 3267 536 164 169 264 166 164
internal_value=0.000439845 0.00173131 -0.00428735 0.00235805 0.00295287 -0.00560236 -0.00391277 -0.00676392 -0.00335158 -0.00677644
internal_weight=914.65 720.876 193.774 651.448 592.17 169.955 69.4281 141.491 59.2776 42.3483
internal_count=5786 4594 1192 4125 3803 1060 469 896 322 300
is_linear=0
shrinkage=0.03


Tree=41
num_leaves=14
num_cat=0
split_feature=0 0 0 5 6 2 1 7 6 0 0 0 1
split_gain=85.4092 17.8531 7.16696 5.87326 2.87958 1.98379 2.34829 1.18673 1.10794 1.35419 0.3817 0.343627 0.151716
threshold=30.524672782090537 110.78411692301917 -3.590107527426539 -0.32142719999999991 0.28993629999999976 -1.0999999999999994 1.1000000000000003 1.0000000180025095e-35 0.18408820000000028 -28.2993702807189 -60.731584758335536 171.87664356079566 -0.49999999999999994
decision_type=2 2 2 8 10 8 10 8 8 2 2 2 10
left_child=2 5 8 -3 7 -2 -7 -4 9 -1 -10 -5 -6
right_child=1 3 4 11 12 6 -8 -9 10 -11 -12 -13 -14
leaf_value=0.012086913630613672 0.0059212582878358008 0.00084604894065613433 0.0029910593682622179 -0.011430215376111694 0.0061520027552038814 -0.0035995970415078926 0.0062195282036959466 -0.0046517863855035022 0.017496717782891944 0.0035203818787513707 0.011918264014391654 -0.015627860860732742 0.012009094654986868
leaf_weight=58.134466767311096 20.007207751274109 26.799151003360748 49.83203100413084 139.01668532937765 31.811203025281429 296.40214056521654 19.145511828362942 22.471939980983734 86.179801359772682 29.891308665275574 89.844262182712555 131.09289208054543 22.911884002387524
leaf_count=263 115 139 279 842 180 1872 114 121 385 153 447 753 123
internal_value=-0.000314259 -0.00711061 0.0106281 -0.012408 0.0045284 -0.00230999 -0.00291611 0.00046844 0.0134238 0.00952351 0.0150573 -0.0137145 0.00940439
internal_weight=1023.54 632.464 391.077 296.909 127.027 335.555 315.548 72.304 264.05 88.0258 176.024 270.11 54.7231
internal_count=5786 3835 1951 1734 703 2101 1986 400 1248 416 832 1595 303
is_linear=0
shrinkage=0.03


Tree=42
num_leaves=14
num_cat=0
split_feature=0 0 0 5 4 1 3 0 7 5 4 1 0
split_gain=94.6321 22.5544 9.98442 5.20687 4.04232 3.71886 2.25096 2.07079 1.68374 1.66278 1.43368 0.882442 0.629107
threshold=57.205246042983056 144.32918837674711 1.1088900869526699 -0.44394580000000006 0.29999999999999988 0.30000000000000016 0.90000000000000036 -69.73250797128911 1.0000000180025095e-35 -0.16629639999999998 -1.5999999999999999 -0.69999999999999973 252.60248874671893
decision_type=2 2 2 10 8 10 10 2 10 10 10 10 2
left_child=2 4 7 11 5 -2 -5 -1 -6 -3 -9 -4 -11
right_child=1 9 3 6 8 -7 -8 10 -10 12 -12 -13 -14
leaf_value=-0.017036348583664356 0.0030849471179161059 0.0060365143090401231 -0.0067838441361122289 -0.00010694127117971824 0.0075729368751756791 -0.0052555653332831791 -0.0091125100260231445 -0.014483024129023308 0.001287948200608974 0.01362141631718051 -0.0080558742492354146 -0.014822196537939371 0.020213485677223992
leaf_weight=103.42651489377022 121.1361815854907 28.180662550032139 41.619002796709538 139.12367019802332 146.04246392846107 72.784858353435993 25.479174725711346 66.379343837499619 54.56289453804493 179.53965761512518 115.34556939452887 34.103817015886307 45.434187270700932
leaf_count=467 590 120 258 687 810 360 143 348 286 826 550 176 175
internal_value=-8.9273e-05 0.00756006 -0.00949991 -0.00484668 0.00300573 -9.89335e-05 -0.00172848 -0.0132706 0.00593637 0.014462 -0.0107285 -0.011098 0.0153632
internal_weight=1173.16 647.681 525.477 240.326 394.526 193.921 164.603 285.151 200.605 253.155 181.725 75.7228 224.974
internal_count=5796 3167 2629 1264 2046 950 830 1365 1096 1121 898 434 1001
is_linear=0
shrinkage=0.03


Tree=43
num_leaves=5
num_cat=0
split_feature=5 5 6 4
split_gain=5.98745 2.82105 3.99467 4.07334
threshold=0.98392210000000013 -1.3097151999999999 1.1791412000000003 -2.899999999999999
decision_type=10 8 10 8
left_child=1 -1 3 -3
right_child=-2 2 -4 -5
leaf_value=-0.0085940842609303712 -0.0096205809390256473 0.009393696720104875 0.012075915197618388 -1.614563098440261e-06
leaf_weight=24.286922141909599 50.214434221386909 38.860741339623928 22.748674049973488 781.81189116090536
leaf_count=152 330 227 130 4957
internal_value=-4.0149e-05 0.000566215 0.000879085 0.000497466
internal_weight=917.923 867.708 843.421 820.673
internal_count=5796 5466 5314 5184
is_linear=0
shrinkage=0.03


Tree=44
num_leaves=12
num_cat=0
split_feature=0 0 0 4 6 0 1 4 3 4 4
split_gain=98.9593 20.8775 8.66833 5.69112 3.27128 3.19307 2.08976 1.74637 2.91689 1.42896 1.19961
threshold=30.524672782090537 107.26824786540602 -66.545195644924192 -1.0000000180025095e-35 0.21229900000000004 144.32918837674711 -1.4999999999999998 -0.40000000000000008 -0.39999999999999997 1.6000000000000005 1.5000000000000004
decision_type=2 2 2 10 10 2 8 10 8 8 10
left_child=2 7 -1 6 -5 9 -4 8 -2 -3 -9
right_child=1 5 3 4 -6 -7 -8 10 -10 -11 -12
leaf_value=0.018749077070820925 -0.0063158774637632423 -0.0059355878218221173 0.0026874793760380401 -0.0035587555802885258 0.0075864028700000103 -0.015314267314090165 0.012546957046242251 -0.0053867259585424652 0.0028710597024259009 -0.014468253142655995 0.00020756945078858664
leaf_weight=112.84388917684555 37.266935832798481 90.150076523423195 25.210192993283272 43.318707697093487 42.147340297698975 190.36679358035326 175.4523282200098 126.08201212435961 112.95175335556269 23.880295723676682 46.329083994030952
leaf_count=487 228 520 148 220 214 1121 905 766 742 164 281
internal_value=0.000137956 -0.00727544 0.0117347 0.00869389 0.00205297 -0.012846 0.0114037 -0.00190384 0.000461889 -0.0082552 -0.00391998
internal_weight=1026 627.027 398.972 286.129 85.466 304.397 200.663 322.63 150.219 114.03 172.411
internal_count=5796 3822 1974 1487 434 1805 1053 2017 970 684 1047
is_linear=0
shrinkage=0.03


Tree=45
num_leaves=14
num_cat=0
split_feature=5 5 6 6 5 5 4 3 2 3 4 4 2
split_gain=55.0886 13.1312 6.74405 4.85369 3.53478 3.01786 2.99766 2.01286 1.8183 1.6835 1.2965 0.79217 0.485594
threshold=-0.16629639999999998 0.47791810000000007 -0.26393489999999997 -0.45236550000000014 -0.63059379999999987 1.1037032000000002 -0.40000000000000008 -0.79999999999999993 -0.59999999999999964 0.70000000000000018 -1.5999999999999999 2.7000000000000002 -0.49999999999999983
decision_type=8 10 10 8 10 10 10 10 8 10 10 10 10
left_child=2 3 6 7 12 11 10 -2 -5 -6 -1 -3 -4
right_child=1 5 4 8 9 -7 -8 -9 -10 -11 -12 -13 -14
leaf_value=0.0010064630176298405 0.012920268598965353 0.0075211785804067764 -0.014067874124645434 -0.0041376427196053471 -0.0044921441896086309 0.01756852178938664 0.0073183042942497898 0.0039079587723318335 0.001678093086300914 -0.010585740964140928 -0.0074710542795769046 0.013358018911005253 -0.0082379872266992588
leaf_weight=26.326607510447502 41.646840147674084 163.0714365541935 124.43344582617283 51.925898350775242 139.60646760463715 50.283462457358837 26.720684006810188 55.175077922642231 321.90433166921139 63.642828896641731 33.336059138178825 34.749122075736523 45.364555843174458
leaf_count=126 199 769 639 265 684 232 123 259 1665 319 157 175 221
internal_value=0.000238743 0.00541232 -0.00782619 0.0024196 -0.00955432 0.0109296 -0.000248843 0.0082286 0.000826325 -0.00660856 -0.00394171 0.00885051 -0.0127905
internal_weight=1178.19 718.756 459.431 470.652 373.047 248.104 86.3834 96.8219 373.83 203.249 59.6627 197.821 169.798
internal_count=5833 3564 2269 2388 1863 1176 406 458 1930 1003 283 944 860
is_linear=0
shrinkage=0.03


Tree=46
num_leaves=7
num_cat=0
split_feature=5 6 6 4 3 4
split_gain=5.96835 3.92593 2.7186 4.36422 1.62886 0.957157
threshold=0.98392210000000013 1.1791412000000003 0.43009060000000005 -2.899999999999999 0.59999999999999998 2.2000000000000011
decision_type=10 10 8 10 8 8
left_child=1 2 3 -1 -4 -2
right_child=5 -3 4 -5 -6 -7
leaf_value=0.011548896432442973 -0.014281089228825731 0.011436661063994605 -0.0052983563311201605 0.00093714428235050105 -0.00014077357095222377 -0.0048331872395684069
leaf_weight=32.167237117886543 18.153852880001068 25.969827979803085 88.334803596138954 591.91941611468792 135.25508899241686 31.057079255580902
leaf_count=192 110 153 533 3685 945 215
internal_value=0.000348797 0.000943003 0.000556336 0.00157155 -0.00224973 -0.00931423
internal_weight=922.857 873.646 847.677 624.087 223.59 49.2109
internal_count=5833 5508 5355 3877 1478 325
is_linear=0
shrinkage=0.03


Tree=47
num_leaves=13
num_cat=0
split_feature=0 0 0 6 3 5 5 3 2 6 3 5
split_gain=80.1091 13.3791 13.2298 3.35412 3.51733 2.63321 2.34384 1.99993 1.90458 1.79332 1.00407 0.773031
threshold=57.205246042983056 146.23824793628663 7.3027747942622918 0.19111509999999995 0.30000000000000016 -0.15940719999999983 -0.010918000000000037 1.3000000000000005 0.19999999999999987 0.38841280000000017 0.70000000000000018 0.1705769999999999
decision_type=2 2 2 8 10 10 10 10 10 8 10 10
left_child=2 5 3 4 -1 9 8 -5 -4 -2 -7 -8
right_child=1 -3 6 7 -6 10 11 -9 -10 -11 -12 -13
leaf_value=0.011018413072493122 -0.0041680266313324586 -0.015212237901564734 0.0022526913324803599 0.015846802592934386 0.00016567967209995063 -0.0059751002656247814 -0.0063046735709705757 0.0071509523484246922 0.011217015513948287 0.0032341239647150429 -0.012493561025143967 -7.2621576273308866e-05
leaf_weight=68.855350576341152 71.496491260826588 185.3080575838685 109.6644945666194 151.52958659082651 42.496278509497643 193.96254880726337 23.880479194223881 42.980053849518299 22.781276196241379 43.33049488067627 26.137112103402615 47.484527096152306
leaf_count=336 410 1098 637 720 195 1219 143 213 123 311 156 272
internal_value=-0.000585667 -0.00882535 0.00782881 0.0117262 0.00706168 -0.00511983 0.00183914 0.0141527 0.00414656 -0.00135639 -0.00700949 -0.00243428
internal_weight=1029.91 520.235 509.672 305.861 111.352 334.927 203.811 194.51 132.446 114.827 220.1 71.365
internal_count=5833 3194 2639 1464 531 2096 1175 933 760 721 1375 415
is_linear=0
shrinkage=0.03


Tree=48
num_leaves=14
num_cat=0
split_feature=0 0 0 4 1 5 0 0 3 5 3 3 5
split_gain=80.5331 13.883 12.0982 5.75674 3.09163 2.45792 2.3408 2.31945 2.22276 1.56595 0.937673 0.920835 0.580982
threshold=79.341337176314383 -4.8856707886660606 146.23824793628663 1.8000000000000007 0.30000000000000016 -0.41061629999999999 48.996645916851328 -55.179418488355843 0.90000000000000036 -0.12150925 0.80000000000000027 -0.20000000000000001 0.45870166000000001
decision_type=2 2 2 8 10 10 2 2 10 8 8 10 10
left_child=1 7 3 4 -2 6 -3 -1 -7 -4 -9 -11 -5
right_child=2 5 9 12 -6 8 -8 10 -10 11 -12 -13 -14
leaf_value=-0.01497905265124415 0.0054768236856543922 -0.0094314543881688813 0.0058300236581666836 0.0070108676923553341 -0.001481881958880755 -0.00019229086764030578 -0.0009620165901402805 -0.0065368436946904593 -0.0079077853168505862 0.01647473738742565 -0.012815759390577958 0.01051521524354463 0.016175603175278871
leaf_weight=128.90974240750074 119.75637666136026 78.26096086204052 29.671201646327972 23.620836213231087 103.36266434937716 228.83703692257404 47.292376160621643 100.75835407525301 34.444372594356537 141.66976664960384 37.975186377763748 77.678397484123707 28.842447452247143
leaf_count=595 569 434 125 133 533 1151 303 477 191 637 200 337 152
internal_value=0.000268313 -0.00671283 0.0089853 0.00452903 0.00229129 -0.00302782 -0.00640028 -0.0119127 -0.00133025 0.0137307 -0.00864158 0.0146457 0.0130184
internal_weight=1181.08 656.478 524.602 275.582 223.119 388.835 125.553 267.643 263.281 249.019 138.734 219.348 52.4633
internal_count=5837 3351 2486 1387 1102 2079 737 1272 1342 1099 677 974 285
is_linear=0
shrinkage=0.03


Tree=49
num_leaves=13
num_cat=0
split_feature=0 0 2 7 6 6 2 1 2 6 5 0
split_gain=6.82012 3.1241 2.8397 3.10921 1.90301 1.75089 1.68298 1.36602 0.737541 1.29684 0.608446 0.556937
threshold=139.88179913083016 -28.2993702807189 1.1000000000000003 -1.0000000180025095e-35 -0.38700829999999981 1.0561405000000001 -0.79999999999999993 1.3000000000000005 1.3000000000000005 -0.16835769999999992 0.92365200000000025 170.02748405157311
decision_type=2 2 8 10 10 10 8 8 10 10 8 2
left_child=1 5 3 -3 10 6 -1 -4 9 -6 11 -2
right_child=4 2 7 -5 8 -7 -8 -9 -10 -11 -12 -13
leaf_value=-0.00035678962544166383 -0.0013080918817938048 -0.00082144507426212018 -0.0086885875344430274 0.0044423741333469245 0.0021280513816267356 0.00476994706262562 -0.006820217840252529 8.6246321693200575e-05 0.0022040408626285255 -0.005684630859454632 -0.012737696886888285 -0.0076826590024977508
leaf_weight=73.738320834934711 19.67495958507061 135.53484255075455 22.634746372699738 375.9034460708499 24.006414018571377 22.32176998257637 67.459811829030514 37.587279848754406 23.243961371481419 59.912661977112293 21.051765635609627 43.824833944439888
leaf_count=423 129 850 144 2383 150 123 379 343 147 350 144 272
internal_value=-3.85977e-05 0.00128115 0.00232414 0.00305298 -0.00500343 -0.00232591 -0.00357244 -0.00362506 -0.00218456 -0.0034557 -0.0082547 -0.0059472
internal_weight=926.895 735.18 571.66 511.438 191.715 163.52 141.198 60.222 107.163 83.9191 84.5516 63.4998
internal_count=5837 4645 3720 3233 1192 925 802 487 647 500 545 401
is_linear=0
shrinkage=0.03


Tree=50
num_leaves=12
num_cat=0
split_feature=0 0 0 6 4 2 1 1 4 0 3
split_gain=85.3694 11.9917 8.84995 4.0005 4.22517 2.81772 2.61254 2.27926 1.07603 2.42252 0.796032
threshold=39.978598420716487 113.71465686896126 -46.89991175851889 0.28993629999999976 0.59999999999999987 -1.0999999999999994 -0.19999999999999996 1.1000000000000003 0.29999999999999988 147.73990490388397 -1.4999999999999998
decision_type=2 2 2 8 10 10 8 10 8 2 10
left_child=2 5 -1 4 -4 10 -5 -7 9 -3 -2
right_child=1 8 3 6 -6 7 -8 -9 -10 -11 -12
leaf_value=0.015225382941193603 -0.00015712512033752796 -0.0026412884337356172 0.0050945784178247121 0.007173360671961432 -0.0071734637545315914 -0.0055337495113329388 0.017642013272303868 0.0041241485937787634 -0.013723691312487327 -0.012777540940463883 0.0076105270376387504
leaf_weight=159.0274633616209 26.814482547342777 40.673786923289299 120.40068575739861 109.57599238306284 27.005735106766224 251.01618290692568 28.196438029408455 20.484258249402046 187.31027090549469 48.22403983771801 16.033081561326981
leaf_count=693 238 231 632 583 139 1514 151 132 1166 268 90
internal_value=-0.000271477 -0.00771795 0.00960405 0.00626103 0.0026854 -0.00362161 0.00985867 -0.00474368 -0.0122326 -0.00852746 0.003241
internal_weight=1034.76 590.556 444.206 285.179 147.406 314.348 137.772 271.5 276.208 88.8978 42.8476
internal_count=5837 3639 2198 1505 771 1974 734 1646 1665 499 328
is_linear=0
shrinkage=0.03


Tree=51
num_leaves=13
num_cat=0
split_feature=5 4 6 6 5 6 4 5 4 1 2 1
split_gain=41.0102 10.2492 8.73108 6.18686 4.30395 3.12793 2.50763 1.90764 1.69982 0.669992 0.591302 0.0646334
threshold=0.0063625999999999414 2.7000000000000002 -0.26393489999999997 0.32771530000000004 -0.63059379999999987 0.62547940000000024 0.39999999999999974 -0.41061629999999999 0.40000000000000019 0.20000000000000001 -1.0999999999999994 1.3000000000000005
decision_type=8 10 10 8 10 10 10 10 8 10 10 10
left_child=2 3 7 6 10 -6 -2 -1 -5 -9 -4 -3
right_child=1 11 4 8 5 -7 -8 9 -10 -11 -12 -13
leaf_value=-0.0031611356110721319 0.0024618927146571913 0.011448126785889093 -0.014023424082950044 -0.0064816975641612444 -0.0033259705370674349 -0.010648419827968037 0.0076476618511036026 0.0068942221729119272 0.00063144347965086404 0.0011517993620753821 -0.008826406533322971 0.018950388202146302
leaf_weight=46.009460769593716 137.04736367613077 45.813630320131779 72.954895541071892 39.350605085492134 216.3827960267663 68.2076710537076 241.80145418643951 37.263857312500477 92.613296166062355 36.46957628428936 92.5483643040061 30.7402288839221
leaf_count=216 665 217 376 190 1083 345 1150 179 556 177 468 149
internal_value=-1.87746e-05 0.00552081 -0.00572713 0.00389934 -0.00762492 -0.00523449 0.00582823 0.00142608 -0.00164883 0.00430746 -0.0114613 0.0154378
internal_weight=1157.2 587.367 569.837 510.813 450.094 284.59 378.849 119.743 131.964 73.7334 165.503 76.5539
internal_count=5771 2927 2844 2561 2272 1428 1815 572 746 356 844 366
is_linear=0
shrinkage=0.03


Tree=52
num_leaves=9
num_cat=0
split_feature=5 3 7 6 3 2 6 6
split_gain=4.14816 3.38805 3.08491 2.85643 1.74985 1.03107 1.74311 0.149583
threshold=0.95970244000000016 0.70000000000000018 -1.0000000180025095e-35 -0.90154659999999998 -1.0999999999999994 -1.0999999999999994 0.91367279999999995 -0.38700829999999981
decision_type=10 10 10 8 10 10 10 10
left_child=1 2 4 -4 -1 -3 -7 -2
right_child=7 5 3 -5 -6 6 -8 -9
leaf_value=-0.009158291689124267 -0.0097910529756147016 -0.00022932246441660309 0.009315374495536561 0.00040608238585835253 -0.0019357312040126405 0.003453211710857378 0.011403469219202685 -0.0046278322066434507
leaf_weight=33.583820998668671 23.658752784132957 35.148162484169006 29.916914746165276 455.43771927803755 159.79314571619034 113.19835652410984 30.155353203415871 27.398750841617584
leaf_count=260 161 219 191 2897 986 695 179 183
internal_value=0.000229059 0.000741948 -0.000234182 0.00104463 -0.00338929 0.00435881 0.00545357 -0.00768024
internal_weight=908.291 857.233 678.732 485.355 193.377 178.502 143.354 51.0575
internal_count=5771 5427 4334 3088 1246 1093 874 344
is_linear=0
shrinkage=0.03


Tree=53
num_leaves=10
num_cat=0
split_feature=0 0 0 4 3 2 1 0 0
split_gain=73.8161 17.719 4.88034 3.24092 3.18911 2.9142 1.50032 0.593723 0.200642
threshold=26.532211263730918 144.32918837674711 -86.584635465982146 0.99999999999999989 0.20000000000000015 -1.0999999999999994 1.1000000000000003 207.4891956177153 192.3219658265181
decision_type=2 2 2 10 10 8 10 2 2
left_child=2 5 -1 4 -4 -2 -7 8 -3
right_child=1 7 3 -5 -6 6 -8 -9 -10
leaf_value=0.016776695312493921 0.006286967127997015 -0.012332699259666888 0.012933766142749955 -0.0010435079784018011 0.0060083074873174902 -0.0042254764559073905 0.0021435766327886916 -0.017026142564173289 -0.0061732284890523457
leaf_weight=80.4993706792593 23.561829403042793 90.112551935017109 117.44843818992376 29.730354301631451 150.7373379021883 387.69014996290207 33.37215132266283 75.202475063502789 22.368970692157745
leaf_count=336 133 559 605 146 778 2423 217 433 141
internal_value=-0.000184477 -0.00644111 0.0102176 0.00819764 0.00922243 -0.00310811 -0.00370145 -0.0140514 -0.0114226
internal_weight=1010.72 632.308 378.416 297.916 268.186 444.624 421.062 187.684 112.482
internal_count=5771 3906 1865 1529 1383 2773 2640 1133 700
is_linear=0
shrinkage=0.03


Tree=54
num_leaves=14
num_cat=0
split_feature=0 0 0 4 6 3 6 4 1 2 6 0 0
split_gain=69.7588 13.4933 12.1434 3.75528 3.3978 2.80428 2.31257 2.22746 1.10349 1.01765 0.827998 1.42834 0.89217
threshold=68.596109686953255 1.1088900869526699 141.43539277154596 0.80000000000000004 -0.16835769999999992 0.70000000000000018 0.34687650000000009 -2.6999999999999988 0.50000000000000022 -0.29999999999999999 0.083343199999999965 185.02780197916323 201.36888414011381
decision_type=2 2 2 10 8 10 10 10 10 10 8 2 2
left_child=1 4 3 6 -1 7 -2 -3 -5 -6 12 -12 -4
right_child=2 5 10 8 9 -7 -8 -9 -10 -11 11 -13 -14
leaf_value=-0.0033777461791726043 0.0022661701547491528 -0.0081026874729672634 0.010044879093067983 0.010451056200717538 -0.015253728392643733 -0.0086637290343430217 -0.0051848795573296164 -0.00041804877750969516 0.0038228627602847239 -0.0094979201744858945 0.011578601627350828 0.0020043884758731314 0.0155221905763361
leaf_weight=37.501423366367817 172.61197988688946 35.586463958024979 115.08065171539783 53.856046468019485 162.09650795906782 61.349701553583145 42.589559651911259 211.4236501827836 51.353456437587738 77.242981590330601 28.332825310528278 28.582573555409908 90.922019921243191
leaf_count=169 895 250 545 266 819 340 207 1056 272 355 127 113 382
internal_value=-0.000283797 -0.00756982 0.00702781 0.00303091 -0.0123245 -0.00317262 0.000707319 -0.00166396 0.00753601 -0.0136285 0.0117513 0.00732063 0.0127729
internal_weight=1168.53 585.201 583.329 320.411 276.841 308.36 215.202 247.01 105.21 239.339 262.918 56.9154 206.003
internal_count=5796 2989 2807 1640 1343 1646 1102 1306 538 1174 1167 240 927
is_linear=0
shrinkage=0.03


Tree=55
num_leaves=13
num_cat=0
split_feature=0 0 7 5 6 6 3 3 6 6 5 1
split_gain=3.78758 3.42891 2.29348 2.41713 1.84456 2.17435 1.7651 1.7195 1.83083 1.81306 1.41139 0.981597
threshold=125.20608285957009 4.5962107424408041 -1.0000000180025095e-35 0.20147390000000012 1.0561405000000001 0.83448470000000008 -0.39999999999999997 0.70000000000000018 0.57033750000000005 0.76795398000000026 0.53105580000000019 0.20000000000000007
decision_type=2 2 10 10 10 8 10 10 10 10 10 8
left_child=1 4 6 11 5 -1 -2 8 -3 -9 -5 -4
right_child=2 7 3 10 -6 -7 -8 9 -10 -11 -12 -13
leaf_value=-0.0013527310906257318 -0.011821734588524436 0.0025827296017788184 -0.0007784362275313827 -0.0079490090604354691 0.0054145278951650304 -0.010224652170082303 -0.0021688130213588196 0.0032609428528967681 -0.0043231504985660708 0.01348205700078064 -0.0010173366228321554 0.0069894413976226118
leaf_weight=194.04932668805122 35.345805138349533 334.25814993679523 23.355687871575356 38.055756837129593 25.046739883720875 23.932921148836613 34.278770342469215 51.87073827534914 33.930063351988792 20.777701370418072 73.080735519528389 30.521801069378853
leaf_count=1127 228 2254 130 242 143 146 191 337 210 127 480 181
internal_value=8.75725e-05 0.00121722 -0.00316154 -0.00114979 -0.00162239 -0.00253423 -0.00753298 0.00278331 0.00189693 0.00686413 -0.00363094 0.00384195
internal_weight=918.504 683.866 234.639 165.014 243.029 217.982 69.6246 440.837 368.188 72.6484 111.136 53.8775
internal_count=5796 4344 1452 1033 1416 1273 419 2928 2464 464 722 311
is_linear=0
shrinkage=0.03


Tree=56
num_leaves=12
num_cat=0
split_feature=0 0 0 5 6 5 3 6 4 5 0
split_gain=80.5479 13.1151 6.06092 4.38613 3.64088 3.24731 2.26446 1.68806 1.41024 0.872147 0.536966
threshold=30.524672782090537 146.23824793628663 1.0000000180025095e-35 -0.13886782000000006 0.4916260999999999 -0.36268159999999988 1.3000000000000005 0.18408820000000028 0.19999999999999987 -0.058125399999999876 204.64400509356247
decision_type=2 2 2 10 10 8 10 8 8 10 2
left_child=2 3 6 4 -2 -4 7 -1 -7 -5 -3
right_child=1 10 5 9 -6 8 -8 -9 -10 -11 -12
leaf_value=0.0098639484380469954 -0.0020393197293185517 -0.010595017404622528 0.010581476384862043 -0.011195921093323581 0.0085062265995118191 0.0041137631696736418 0.005859810857810295 0.016374667720424105 -0.0038109643599055758 -0.0052740596631000143 -0.015957877557991218
leaf_weight=90.373825594782829 146.01060958206654 104.08295804262161 43.250847794115543 26.030087240040302 31.608366496860981 38.643398322165012 44.836794681847095 150.28922083228827 32.697309054434299 237.92397353053093 75.773558355867863
leaf_count=417 925 657 239 164 169 211 213 693 178 1489 441
internal_value=0.000245656 -0.00649694 0.0106693 -0.00363919 1.88378e-05 0.00456922 0.0129969 0.0141803 0.000469939 -0.00605533 -0.0132249
internal_weight=1021.52 621.43 400.091 441.573 177.619 114.592 285.5 240.663 71.3407 263.954 179.857
internal_count=5796 3845 1951 2747 1094 628 1323 1110 389 1653 1098
is_linear=0
shrinkage=0.03


Tree=57
num_leaves=15
num_cat=0
split_feature=5 6 4 5 1 6 6 2 3 3 5 5 1 3
split_gain=37.0463 9.07055 8.82823 5.29124 4.81005 4.44832 2.50151 1.85477 1.67414 1.66997 1.6252 1.12314 0.790534 0.710514
threshold=1.0000000180025095e-35 -0.33558519999999997 0.59999999999999987 -0.40419586999999996 -0.20000000000000009 -0.47186619999999996 0.22606660000000015 -0.89999999999999991 -0.29999999999999999 0.20000000000000001 0.22891239999999999 0.92365200000000025 0.30000000000000016 -0.79999999999999993
decision_type=10 10 10 10 10 10 10 10 8 8 10 10 10 10
left_child=1 8 5 7 -4 13 -5 -3 12 -10 -7 -6 -1 -2
right_child=2 3 4 6 11 10 -8 -9 9 -11 -12 -13 -14 -15
leaf_value=0.0081031700340141316 0.010755181339298462 -0.013299937510010223 -0.00083695775942594416 -0.00032428437405255953 0.0082847353274499453 -0.0045681216488618493 -0.0068235896318669326 -0.0075132234642372297 -0.0081197214597798027 0.0011267179807633856 0.0011894622011686077 0.01335916469906215 0.0013973264185664141 0.0033341102253499136
leaf_weight=28.216564945876598 28.211545497179031 109.66609949618578 43.640923745930195 104.38668266683817 220.30345517396927 85.298687070608139 105.02857325226068 145.66319900751114 19.873656190931797 56.67146523296833 83.070064567029476 71.95734216272831 35.107115030288696 27.84746578335762
leaf_count=133 129 580 216 518 1043 411 515 734 97 383 408 342 164 128
internal_value=-0.000203113 -0.00533217 0.00532951 -0.00733011 0.00837178 0.000692915 -0.00366701 -0.0102064 0.00133032 -0.00162463 -0.00177506 0.0097378 0.00475973 0.00764364
internal_weight=1164.94 604.613 560.329 464.745 335.902 224.428 209.415 255.329 139.869 76.5451 168.369 292.261 63.3237 56.059
internal_count=5801 3124 2677 2347 1601 1076 1033 1314 777 480 819 1385 297 257
is_linear=0
shrinkage=0.03


Tree=58
num_leaves=7
num_cat=0
split_feature=5 0 6 7 6 5
split_gain=4.10747 2.2543 3.05556 2.66501 0.437597 0.313347
threshold=0.95970244000000016 -86.584635465982146 1.1442794999999999 -1.0000000180025095e-35 -0.38700829999999981 -0.90813809999999984
decision_type=10 2 10 10 10 10
left_child=1 5 3 -3 -2 -1
right_child=4 2 -4 -5 -6 -7
leaf_value=-0.0015477019982648639 -0.010764328232648021 -0.0018838054284600486 0.011348715262012015 0.001940149507630476 -0.0040292163535489544 -0.0062761454372149278
leaf_weight=24.312371246516705 22.070923939347267 226.57703499495983 20.745539434254169 560.11341238766909 27.372960850596428 35.856564216315746
leaf_count=132 157 1451 125 3559 184 193
internal_value=0.000248046 0.000745525 0.0011722 0.000833859 -0.00774812 -0.00463087
internal_weight=917.049 867.605 807.436 786.69 49.4439 60.1689
internal_count=5801 5460 5135 5010 341 325
is_linear=0
shrinkage=0.03


Tree=59
num_leaves=14
num_cat=0
split_feature=5 6 5 2 6 5 5 1 6 2 5 3 5
split_gain=31.029 12.9435 5.50991 3.47265 3.02802 2.38185 1.68242 1.65043 1.59883 1.44252 1.21226 0.901566 0.199888
threshold=-0.0061931999999998979 0.33491852999999988 0.46816260000000004 -1.0999999999999994 -0.040106200000000085 -1.2763772599999998 -0.076260299999999934 -1.0000000180025095e-35 -0.063367899999999908 1.0000000180025095e-35 -0.24386939999999999 -0.69999999999999973 0.67787540000000013
decision_type=10 10 10 8 10 10 10 10 8 10 10 10 10
left_child=1 3 4 8 11 -3 -5 -4 -1 -6 -7 -2 -9
right_child=2 5 7 6 9 10 -8 12 -10 -11 -12 -13 -14
leaf_value=0.0012404474998852161 -0.0097307768808310123 0.018504023770026173 -0.0027134107149329157 -0.0013683677912135427 0.003506918051646539 0.0097820638322808403 0.0052659782307267469 -0.0078279353975502664 0.011554338463709369 -0.0026218642684310619 0.003676976307110091 -0.0040394975041119106 -0.012269627290913456
leaf_weight=24.113900870084763 40.516836263239384 25.37228437513113 29.66754674911499 253.20409370958805 61.05029858648777 160.09614538401365 34.725747928023338 56.003892652690411 30.254885278642178 67.558399237692356 45.784193001687527 88.622954770922661 101.18334576487541
leaf_count=128 255 119 180 1479 337 793 194 355 142 377 249 532 661
internal_value=8.71776e-06 0.00460298 -0.0059033 0.000861903 -0.00296751 0.0100051 -0.000492006 -0.00977006 0.0074696 0.00030982 0.00854377 -0.00612126 -0.0109772
internal_weight=1018.15 573.551 444.603 342.299 257.748 231.253 287.93 186.855 54.3688 128.609 205.88 129.14 157.187
internal_count=5801 3104 2697 1943 1501 1161 1673 1196 270 714 1042 787 1016
is_linear=0
shrinkage=0.03


Tree=60
num_leaves=15
num_cat=0
split_feature=5 6 5 1 6 5 1 1 5 3 6 3 6 3
split_gain=38.875 8.89274 5.34072 3.36214 3.05293 3.03219 2.2679 2.01156 1.73726 1.40948 1.26615 0.889394 0.312601 0.218314
threshold=-0.18518599999999988 0.34200459999999994 -0.63059379999999987 -0.19999999999999982 0.61717210000000011 0.47791810000000007 0.30000000000000016 -0.49999999999999994 0.30979410000000002 -0.29999999999999999 0.20237939999999979 1.3000000000000005 0.82035740000000024 0.90000000000000036
decision_type=8 8 10 10 10 10 10 8 10 10 10 10 10 10
left_child=2 3 9 10 6 -5 -4 13 -9 -1 -2 -11 -6 -3
right_child=1 7 4 5 12 -7 -8 8 -10 11 -12 -13 -14 -15
leaf_value=-0.0042673674931843963 0.0030423822164295871 -0.0034456842716535457 -0.00061233876975838987 0.0046894279453606426 -0.013442477082819846 0.0099795663525726868 -0.0078957998413297578 -0.0017716337099700356 0.005847826230564652 -0.013317246011717453 -0.0039980076193809966 -0.0053239776452010772 -0.0062400631900487134 -0.0085907414513502409
leaf_weight=30.74127421528101 107.81763925403357 24.665543429553509 153.81195583939552 227.11908426880836 23.687791779637337 192.40331938862801 46.753522098064423 95.503886349499226 31.801907643675804 129.33564838021994 24.292442247271538 24.139303840696812 27.192991860210896 25.059907607734203
leaf_count=145 523 111 754 1085 120 922 223 572 153 663 124 127 140 132
internal_value=-0.00019474 0.00403636 -0.00723693 0.00590089 -0.00425978 0.00720458 -0.00246093 -0.00177607 0.000280827 -0.0110807 0.00164921 -0.0122677 -0.0104959 -0.00658661
internal_weight=1164.33 728.664 435.662 551.632 251.446 419.522 200.565 177.031 127.306 184.216 132.11 153.475 50.8808 49.7255
internal_count=5794 3622 2172 2654 1237 2007 977 968 725 935 647 790 260 243
is_linear=0
shrinkage=0.03


Tree=61
num_leaves=10
num_cat=0
split_feature=0 3 7 5 3 2 1 1 5
split_gain=4.27291 2.57443 2.05826 2.05028 1.78096 1.73847 2.2286 0.470666 0.292326
threshold=139.88179913083016 -0.29999999999999999 1.0000000180025095e-35 -1.3664777999999995 0.19999999999999987 1.3000000000000005 0.50000000000000022 0.90000000000000036 0.36795360000000016
decision_type=2 8 10 8 10 10 10 10 10
left_child=3 2 7 -1 -3 6 -5 -2 -6
right_child=1 4 -4 5 8 -7 -8 -9 -10
leaf_value=-0.0067282258474560368 -0.011890110559401854 0.0053311109547197659 0.00015684878227145946 0.0014732952574339931 -0.00048604991754133247 -0.005954164690227623 0.0060989571944523591 -0.0057989192627276457 -0.0053420515151066036
leaf_weight=20.426978908479214 29.444958366453648 36.370902374386787 33.030749335885048 580.41890611499548 21.501676298677921 19.426064126193523 108.26551288366318 48.654626324772835 20.956130146980286
leaf_count=130 188 226 208 3652 119 134 689 316 132
internal_value=0.00064003 -0.00331206 -0.00615453 0.00168605 0.000823259 0.00197425 0.0022392 -0.00867265 -0.00319315
internal_weight=918.497 189.959 111.13 728.537 78.8287 708.11 688.684 78.0996 42.4578
internal_count=5794 1189 712 4605 477 4475 4341 504 251
is_linear=0
shrinkage=0.03


Tree=62
num_leaves=15
num_cat=0
split_feature=0 0 0 5 0 4 5 5 3 4 3 4 5 5
split_gain=68.9113 8.77228 6.8996 2.60379 2.25076 2.20984 1.89592 1.70397 1.69873 1.66122 1.34979 1.20154 1.05726 0.41145
threshold=51.754719942583627 108.28656482175838 -45.002345871562959 0.22891239999999999 207.4891956177153 -2.4999999999999991 -0.32142719999999991 -0.18518599999999988 0.59999999999999998 1.9000000000000001 1.3000000000000005 -0.49999999999999994 -0.28666709999999984 0.98392210000000013
decision_type=2 2 2 8 2 10 8 10 8 10 10 10 10 10
left_child=2 7 10 5 6 -4 -3 11 -5 -9 12 -2 -1 -6
right_child=1 4 3 8 13 -7 -8 9 -10 -11 -12 -13 -14 -15
leaf_value=0.015831841468084591 0.0018241084438619811 -0.001262606277803898 -0.00017651962932064324 0.0032223576621645648 -0.018009574770594908 0.007349765752370529 -0.010326095051950876 -0.0068077868527830661 -0.0066653008360178 0.0019066579985961821 0.0055551035733905196 -0.0051844237156320663 0.0075703321653344986 -0.0085003826154212495
leaf_weight=97.819554097950459 68.493748396635056 24.871331550180912 40.857054859399796 34.05071385204792 53.243993170559406 234.99052301794291 194.08113693445921 119.13972546160221 21.168436095118523 21.14223700761795 29.486156925559044 26.447244383394718 33.399833157658577 20.17518063634634
leaf_count=417 466 132 222 178 313 1241 1236 763 136 138 131 154 145 122
internal_value=-0.000354708 -0.00784958 0.00768419 0.00507993 -0.0112869 0.00625172 -0.00934773 -0.00343118 -0.000806805 -0.00547399 0.012734 -0.000289924 0.0140841 -0.0161051
internal_weight=1019.37 527.595 491.772 331.067 292.372 275.848 218.952 235.223 55.2191 140.282 160.706 94.941 131.219 73.4192
internal_count=5794 3324 2470 1777 1803 1463 1368 1521 314 901 693 620 562 435
is_linear=0
shrinkage=0.03


Tree=63
num_leaves=12
num_cat=0
split_feature=4 3 6 2 6 4 2 1 1 4 7
split_gain=23.6315 11.8425 7.87778 4.53097 3.49169 2.06023 1.41465 1.41243 1.37167 0.493703 0.11845
threshold=0.80000000000000004 0.90000000000000036 -0.27129719999999996 -0.59999999999999964 -0.40959499999999976 -0.6000000000000002 0.30000000000000016 -0.29999999999999999 0.19999999999999987 1.7000000000000006 -1.0000000180025095e-35
decision_type=10 10 8 8 10 10 10 10 10 10 10
left_child=1 2 5 -4 6 -1 -2 -6 -9 -8 -3
right_child=4 10 3 -5 7 -7 9 8 -10 -11 -12
leaf_value=-0.00021851039815996815 0.0033783574130755601 -0.0073104343439208564 -0.007253853719602711 -0.0013134610986778039 -0.00065918231098212874 0.0058975378597941374 0.0065769287809592037 0.010106466280447318 0.0036188379593147437 0.013902617959870484 -0.012601788962656875
leaf_weight=82.545010149478912 25.669443346560001 32.268394023180008 181.71971043199301 310.74358286708593 46.446030057966709 117.79552308470011 26.399458788335323 35.944994285702705 149.2048302218318 62.51471770554781 88.809887081384659
leaf_count=393 122 174 926 1634 218 555 121 176 700 310 469
internal_value=-0.000284979 -0.00307579 -0.00152492 -0.00355635 0.00622672 0.00343362 0.0104425 0.00396431 0.00511098 0.0121935 -0.0115374
internal_weight=1160.06 813.882 692.804 492.463 346.179 200.341 114.584 231.596 185.15 88.9142 121.078
internal_count=5798 4151 3508 2560 1647 948 553 1094 876 431 643
is_linear=0
shrinkage=0.03


Tree=64
num_leaves=13
num_cat=0
split_feature=3 0 0 3 3 6 0 2 6 6 3 2
split_gain=3.57249 2.6594 3.55639 2.336 1.98225 2.48377 1.67613 1.94482 1.22013 1.17398 0.689267 0.68093
threshold=0.70000000000000018 7.3027747942622918 139.88179913083016 0.19999999999999987 0.30000000000000016 0.24571899999999988 -93.937142366747011 -0.39999999999999997 -0.38700829999999981 0.75463779999999991 -0.19999999999999996 -1.0999999999999994
decision_type=10 2 2 8 10 10 2 10 8 10 8 10
left_child=1 4 3 -3 10 -6 -2 11 -4 -9 -1 -8
right_child=6 2 8 -5 5 -7 7 9 -10 -11 -12 -13
leaf_value=-0.0033493327172098961 -0.002306175138645217 0.003528762403666045 -0.005906524727653099 -0.0011596921283386883 0.0072083784546490793 -0.0047489872801786499 0.0036597840564044043 -0.00015842688503021142 -0.00095426810091031296 0.006814340981257115 -0.0088066379809769186 0.011509211249901136
leaf_weight=47.337291657924652 29.364175252616405 251.67888433486223 78.979835547506809 149.28725021332502 22.745757691562176 30.860299184918404 21.23240952193737 63.045330487191677 100.94190762192011 27.987666852772236 53.665495596826077 38.294546395540237
leaf_count=272 160 1606 519 1058 123 184 139 384 622 166 317 248
internal_value=0.000213509 -0.000719155 0.000221386 0.00179038 -0.00414914 0.000506805 0.00394243 0.00519607 -0.00322907 0.00222849 -0.00652757 0.00920997
internal_weight=915.421 735.497 580.888 400.966 154.609 53.6061 179.924 150.56 179.922 91.033 101.003 59.527
internal_count=5798 4701 3805 2664 896 307 1097 937 1141 550 589 387
is_linear=0
shrinkage=0.03


Tree=65
num_leaves=15
num_cat=0
split_feature=5 6 5 2 6 5 5 6 5 1 4 4 6 6
split_gain=28.4125 8.78783 6.54042 3.82979 3.31997 2.18311 2.09506 3.13033 1.68776 1.5851 1.48239 1.03962 0.993222 0.844921
threshold=-0.0061931999999998979 0.36173170000000004 0.45098030000000006 0.30000000000000016 0.23285190000000003 0.18256410000000009 -0.62118839999999986 0.70367773000000033 -0.58010729999999999 0.20000000000000015 -0.19999999999999948 1.5000000000000004 -0.040106200000000085 0.66643390000000025
decision_type=10 10 10 10 10 10 10 10 8 10 10 10 10 10
left_child=1 3 4 8 11 -6 7 -3 -1 -4 -5 -2 -11 -8
right_child=2 6 9 10 5 -7 13 -9 -10 12 -12 -13 -14 -15
leaf_value=0.0057793522747657308 -0.0056891984566421264 0.017761568505604688 -0.0047435646518488332 -0.00018132534613423201 -0.0024248634423780151 0.0073225100520136251 0.0030524205909841953 0.006569832819275815 0.001092633328115979 -0.012975320892618936 -0.010726000324952774 0.0001707955199904895 -0.0057926822601610988 0.0083845517965131806
leaf_weight=101.02060767263174 134.49391148984432 46.906397633254528 55.544720031321049 20.942082785069942 35.008271262049675 39.607805974781513 60.158975653350353 56.706669449806213 207.92447891831398 102.62560898810625 23.657263182103634 33.506082072854042 35.602392598986626 60.864640310406685
leaf_count=504 809 229 343 119 191 220 311 269 1242 689 137 206 221 308
internal_value=0.000132899 0.0044785 -0.00561019 0.00148739 -0.00225109 0.00288417 0.00905117 0.0122208 0.00269276 -0.0096536 -0.00629205 -0.00454932 -0.0113921 0.0059603
internal_weight=1014.57 578.181 436.389 353.544 242.616 74.6161 224.637 103.613 308.945 193.773 44.5993 168 138.228 121.024
internal_count=5798 3119 2679 2002 1426 411 1117 498 1746 1253 256 1015 910 619
is_linear=0
shrinkage=0.03


Tree=66
num_leaves=14
num_cat=0
split_feature=0 0 0 3 6 0 5 3 6 0 5 3 0
split_gain=55.6269 14.8116 10.4522 4.21255 3.07538 2.77292 2.69047 2.47326 2.04585 1.80898 1.59574 1.23812 0.83957
threshold=68.596109686953255 146.23824793628663 -4.8856707886660606 0.70000000000000018 0.33491852999999988 94.614771960383351 -0.41061629999999999 0.90000000000000036 -0.16396135999999981 204.64400509356247 -0.015349799999999801 1.5000000000000002 48.996645916851328
decision_type=2 2 2 8 10 2 10 10 8 2 8 10 2
left_child=2 3 8 4 -2 -5 12 -8 -1 10 -3 -10 -4
right_child=1 9 6 5 -6 -7 7 -9 11 -11 -12 -13 -14
leaf_value=-0.0038500047720635465 0.0019746946734104532 0.0022363132059601823 -0.0085475441006570702 0.0023639969968786839 -0.0066235744016698061 0.016035677204113089 0.00010619739214004319 -0.008533568195329409 -0.013213228146659902 0.015201206272402623 0.010686129175178378 -0.0050733831827702511 -0.0023717217269506805
leaf_weight=35.454458937048912 238.80412170290947 28.447057247161865 77.190660282969475 28.04479605704546 39.2715829834342 24.605837926268578 194.42281849682331 30.197111554443836 191.98290807008743 104.96114259958267 104.43584269285202 27.678456194698811 32.578812323510647
leaf_count=163 1201 123 436 167 199 116 968 167 958 439 495 144 218
internal_value=-0.000290865 0.0063756 -0.00672013 0.00220736 0.000664849 0.00958996 -0.00315518 -0.00121583 -0.0112424 0.0120068 0.00902392 -0.0123233 -0.00689778
internal_weight=1158.08 568.57 589.505 330.726 278.076 52.6506 334.389 224.62 255.116 237.844 132.883 219.661 109.769
internal_count=5794 2740 3054 1683 1400 283 1789 1135 1265 1057 618 1102 654
is_linear=0
shrinkage=0.03


Tree=67
num_leaves=11
num_cat=0
split_feature=0 0 7 6 5 1 0 3 6 5
split_gain=5.43408 4.06969 2.66023 2.17179 1.53471 1.38409 2.18251 1.01771 0.541142 0.475515
threshold=139.88179913083016 -86.584635465982146 -1.0000000180025095e-35 0.12028509999999994 -0.41061629999999999 0.90000000000000036 178.05674080651696 1.3000000000000005 -0.16835769999999992 -0.58010729999999999
decision_type=2 2 10 10 10 10 2 8 8 10
left_child=1 9 7 5 -4 8 -7 -3 -2 -1
right_child=3 2 4 -5 -6 6 -8 -9 -10 -11
leaf_value=-0.0070944770566654866 -0.0058667147434188259 -0.0016321218584721155 0.005798402479185491 0.0023122830704581806 0.0021397909660730722 0.0048860176031564053 -0.0056996371391623037 0.0044944938372017641 -0.012622551712144299 -0.0014180237019455111
leaf_weight=43.265056282281876 49.87175739556551 168.37690989673138 154.61934551596642 33.961631409823895 323.2175020724535 20.52330119907856 54.125641234219074 23.507882237434387 22.632168591022491 22.445922315120697
leaf_count=236 310 1041 1023 194 2030 149 349 200 141 121
internal_value=0.000324209 0.00147438 0.00218314 -0.00426029 0.00337144 -0.00580333 -0.00266529 -0.000786469 -0.00865383 -0.00539286
internal_weight=916.547 735.433 669.722 181.114 477.837 147.153 74.6489 191.885 72.5039 65.711
internal_count=5794 4651 4294 1143 3053 949 498 1241 451 357
is_linear=0
shrinkage=0.03


Tree=68
num_leaves=13
num_cat=0
split_feature=0 0 0 0 6 3 2 2 3 3 6 0
split_gain=60.9431 12.7361 5.28872 3.27927 3.12411 3.20431 2.76159 2.92053 2.00844 1.56988 1.42989 0.479618
threshold=33.93400192509808 108.28656482175838 -46.89991175851889 207.4891956177153 0.24571899999999988 0.20000000000000001 -1.0999999999999994 0.70000000000000018 1.3000000000000005 1.3000000000000005 0.44807969999999991 -86.584635465982146
decision_type=2 2 2 2 8 10 8 10 8 10 10 2
left_child=2 6 9 10 5 -4 -2 -8 -6 11 -3 -1
right_child=1 3 4 -5 8 -7 7 -9 -10 -11 -12 -13
leaf_value=0.017084546662513571 0.0078242709962928758 -0.009234016065273444 0.0060267993840466575 -0.016444290494112113 0.01076393741771668 -0.0035474446965858475 -0.0038935475461476174 0.0041688890575562057 0.0012958629431675216 0.0055162584777193211 -0.00061347912896157406 0.010604532466737452
leaf_weight=68.535123184323311 19.578999042510986 191.98005293309689 75.792672954499722 68.859838128089905 108.79806611686945 47.308181770145893 255.38305509090424 43.627072036266327 26.314954914152622 29.531272254884243 19.797799281775951 60.382768183946609
leaf_count=275 108 1221 395 418 557 251 1627 263 151 134 114 280
internal_value=3.87159e-05 -0.00606971 0.0087914 -0.0106733 0.00595279 0.00235253 -0.00191224 -0.00266798 0.00903196 0.0130937 -0.00846087 0.0145587
internal_weight=1015.89 599.227 416.663 280.638 258.214 123.101 318.589 299.01 135.113 158.449 211.778 128.918
internal_count=5794 3751 2043 1753 1354 646 1998 1890 708 689 1335 555
is_linear=0
shrinkage=0.03


Tree=69
num_leaves=14
num_cat=0
split_feature=0 0 0 4 5 1 4 0 0 0 5 0 5
split_gain=59.2016 10.4068 6.567 4.94452 2.23838 1.88963 1.81492 1.37183 1.07555 0.757273 0.736791 0.450082 1.3888
threshold=68.596109686953255 139.88179913083016 -45.002345871562959 1.8000000000000007 -0.41775819999999991 0.50000000000000022 -1.7 109.0330838302706 54.448376538409782 231.46813225511417 -0.0061931999999998979 -103.14537568836055 -0.8571783999999999
decision_type=2 2 2 8 10 10 10 2 2 2 8 2 8
left_child=2 3 11 5 8 -2 -6 -5 -4 10 -3 -1 -13
right_child=1 9 4 7 6 -7 -8 -9 -10 -11 -12 12 -14
leaf_value=-0.015246817896235998 0.0028710840112076493 0.0050020671593085878 -0.008728904555660652 0.0054827752243852695 0.0040606494553647099 -0.0025000644519589874 -0.0038687525155861394 0.015740146943683017 -0.0016787791863989569 0.014466102125886325 0.010558936279227313 -0.0029528507964713359 -0.011915045355235821
leaf_weight=54.428205907344818 166.00117123872042 41.00312277674675 130.74611034244299 35.480977714061737 24.820146515965462 85.387707985937595 252.97075886279345 22.938363440334797 25.923502631485462 67.262355543673038 159.76210761070251 25.243421100080013 65.024223610758781
leaf_count=254 815 176 733 210 131 433 1255 124 182 276 743 126 322
internal_value=-1.40963e-06 0.00676325 -0.00675076 0.00294365 -0.00480991 0.00103352 -0.003101 0.0104338 -0.00765035 0.0110435 0.00957316 -0.012223 -0.00969528
internal_weight=1156.99 577.836 579.156 309.808 434.461 251.389 277.791 58.4193 156.67 268.028 200.765 144.696 90.2676
internal_count=5780 2777 3003 1582 2301 1248 1386 334 915 1195 919 702 448
is_linear=0
shrinkage=0.03


Tree=70
num_leaves=7
num_cat=0
split_feature=5 6 7 6 2 3
split_gain=3.36761 2.76049 2.30404 1.78078 0.0787389 0.107236
threshold=0.94159840000000028 1.1791412000000003 -2.4999999999999996 0.29648330000000023 0.90000000000000036 -0.39999999999999997
decision_type=10 10 10 10 10 10
left_child=1 2 -1 -4 -2 -6
right_child=4 -3 3 -5 5 -7
leaf_value=-0.0072528037244141714 -0.0036767438003676716 0.0093679793395092421 0.0013267110887139495 -0.00170191364906827 -0.0044394306737764117 -0.01025742813543545
leaf_weight=32.206235095858574 19.295110575854778 24.610690854489803 554.33355901390314 249.27446932345629 19.126223310828209 16.762766674160957
leaf_count=234 126 136 3504 1523 143 114
internal_value=-0.000111665 0.000366137 4.69442e-05 0.000382535 -0.006973 -0.00807887
internal_weight=915.609 860.425 835.814 803.608 55.1841 35.889
internal_count=5780 5397 5261 5027 383 257
is_linear=0
shrinkage=0.03


Tree=71
num_leaves=12
num_cat=0
split_feature=0 0 4 6 0 5 4 3 3 4 0
split_gain=61.0109 16.0994 4.75662 1.90089 1.84253 1.67721 2.30942 1.64914 1.27174 1.07753 0.13793
threshold=30.524672782090537 113.71465686896126 0.80000000000000004 -0.38700829999999981 153.08004332896056 -0.15940719999999983 1.2000000000000008 -0.59999999999999964 0.20000000000000001 1.6000000000000005 207.4891956177153
decision_type=2 2 10 8 2 10 10 8 10 8 2
left_child=2 5 3 -1 9 7 -7 -2 -5 -3 -6
right_child=1 4 -4 8 10 6 -8 -9 -10 -11 -12
leaf_value=0.0019106728976918041 -0.0053611075256898367 -0.0052857827103478822 -0.00099227911330944016 0.013472791627839101 -0.010943802467970323 -0.0052701783851440611 0.0018632972433047313 0.0022960579183260747 0.0088862781711061805 -0.01288672639540062 -0.015838557240414518
leaf_weight=25.901408068835735 26.584302514791489 78.980093359947205 36.988431185483932 125.49368150532246 90.643319137394428 144.07079714536667 53.316801451146603 123.91889805346727 212.36130554229021 23.942004814743996 70.052794218063354
leaf_count=128 155 475 182 602 585 902 329 789 1032 170 431
internal_value=0.000102667 -0.00584353 0.00913635 0.0101658 -0.011363 -0.00155938 -0.00334491 0.000814635 0.0107615 -0.00756905 -0.0134911
internal_weight=1012.25 611.509 400.745 363.756 263.618 347.891 197.388 150.503 337.855 102.922 160.696
internal_count=5780 3836 1944 1762 1661 2175 1231 944 1634 645 1016
is_linear=0
shrinkage=0.03


Tree=72
num_leaves=15
num_cat=0
split_feature=0 0 0 3 6 6 0 6 3 6 0 1 0 6
split_gain=47.5324 10.5697 10.0222 3.30952 2.86813 2.8084 2.15834 1.76395 1.02306 0.937823 0.589221 0.513658 0.094574 0.033361
threshold=75.617314676218271 141.43539277154596 -2.4077019660962828 0.80000000000000027 0.34200459999999994 -0.80451119999999965 -69.73250797128911 -0.40141734000000007 -0.20000000000000009 0.52536660000000002 48.072851340041446 0.50000000000000022 252.60248874671893 0.80164350000000006
decision_type=2 2 2 8 10 8 2 10 10 8 2 10 2 10
left_child=2 4 6 7 5 -2 13 -4 12 -8 -5 -10 -3 -1
right_child=1 8 3 10 -6 -7 9 -9 11 -11 -12 -13 -14 -15
leaf_value=-0.015380587054005105 -0.0046085108955187431 0.010774527817193147 0.0035682926776456564 -0.010478703433529071 -0.0040078631744196024 0.004892499925974023 -0.0055675383165591204 -0.0021625579025841522 0.0095310440519418838 -0.010962674276192951 -0.0038871541867833699 0.0042475727098899721 0.01594737658262774 -0.008820715952433231
leaf_weight=67.119639173150063 28.21723959594965 126.71339242905378 56.076516285538673 39.75136973708868 48.892188429832458 208.09159369021654 104.33549201488495 230.23695897310972 52.160337619483471 55.435436278581619 29.104009039700031 43.005167633295059 35.244397044181824 27.5284593552351
leaf_count=318 141 601 267 244 234 1061 517 1184 219 297 217 201 140 135
internal_value=-6.61998e-05 0.00636391 -0.00579203 -0.00247739 0.00232072 0.00368602 -0.0102823 -0.00099815 0.0107188 -0.00771534 -0.00814435 0.00747466 0.0123441 -0.014011
internal_weight=1151.91 542.324 609.588 355.169 285.201 236.309 254.419 286.313 257.123 159.771 68.8554 95.1655 161.958 94.6481
internal_count=5776 2597 3179 1912 1436 1202 1267 1451 1161 814 461 420 741 453
is_linear=0
shrinkage=0.03


Tree=73
num_leaves=10
num_cat=0
split_feature=2 7 3 6 6 6 6 5 6
split_gain=4.35729 2.56606 2.49957 2.15455 1.30925 3.00102 0.271509 0.349662 0.139105
threshold=1.1000000000000003 -1.0000000180025095e-35 1.1000000000000003 0.50645490999999987 -0.90154659999999998 -0.44382050000000012 -0.26393489999999997 0.72670800000000024 -0.56938559999999983
decision_type=10 10 10 10 8 8 10 10 10
left_child=1 2 3 -1 -3 -6 8 -8 -2
right_child=6 4 -4 -5 5 -7 7 -9 -10
leaf_value=-0.001546500084197487 -0.0048202657152191103 0.0078305314746778664 0.0064795133125039681 -0.0096787471511362213 -0.003803736228553704 0.0023636753048265086 -0.0057367761225985761 -0.00041763260908093589 -0.010270066964943678
leaf_weight=175.13692187517881 27.865146070718765 26.320087477564812 23.867648310959339 30.953699439764023 78.311144523322582 489.34710748493671 23.682834044098854 19.543586894869804 17.58344029635191
leaf_count=1140 192 164 145 190 490 3056 148 126 125
internal_value=0.000100441 0.000792962 -0.00187063 -0.00296824 0.00183118 0.00148707 -0.00603309 -0.00362451 -0.00773762
internal_weight=912.612 823.937 229.958 206.091 593.978 567.658 88.675 43.2264 45.4486
internal_count=5776 5185 1475 1330 3710 3546 591 274 317
is_linear=0
shrinkage=0.03


Tree=74
num_leaves=15
num_cat=0
split_feature=5 5 6 6 5 2 2 2 5 1 7 1 6 3
split_gain=25.8491 8.39048 6.91001 5.22577 3.05875 3.12531 1.90557 1.89708 1.06533 0.997758 2.04116 0.785911 1.48377 1.26979
threshold=-0.24889590000000025 0.38891850000000022 0.28993629999999976 0.26209210000000027 -0.58010729999999999 -0.49999999999999983 -0.59999999999999964 -0.79999999999999993 0.18256410000000009 -0.39999999999999997 1.0000000180025095e-35 0.20000000000000015 -0.040106200000000085 -1.0000000180025095e-35
decision_type=10 10 10 10 10 10 8 10 10 10 10 10 10 10
left_child=2 3 4 7 6 -6 -1 -2 -5 10 -4 13 -13 -3
right_child=1 11 9 8 5 -7 -8 -9 -10 -11 -12 12 -14 -15
leaf_value=0.0085199875874996597 0.0033247182682075603 0.00097065187065189216 0.010094421270572067 0.0018407527914582175 -0.0075628299126934851 0.002622645698029885 0.0012470200601020307 -0.0046945295790240833 0.0080715656393509222 0.013888449483029686 0.0020417952435548168 -0.011669596923892453 -0.0043027607319020512 -0.0077855577076635244
leaf_weight=62.705256283283234 26.559596352279186 19.970370680093765 106.04931554943323 88.339783944189548 43.090967014431953 58.006718993186951 66.084591671824455 217.15386831015348 31.885137870907784 46.26427910476923 42.05067440867424 113.8314606025815 41.389059491455555 43.95152074098587
leaf_count=304 150 127 513 471 218 315 466 1310 170 221 205 781 258 267
internal_value=-1.53886e-05 -0.00410086 0.00558195 -0.00126971 0.00198832 -0.00187054 0.00497416 -0.00377133 0.00374954 0.0096759 0.00794936 -0.00866946 -0.00990083 -0.005178
internal_weight=1007.33 583.081 424.252 363.938 229.888 101.098 128.79 243.713 120.225 194.364 148.1 219.142 155.221 63.9219
internal_count=5776 3534 2242 2101 1303 533 770 1460 641 939 718 1433 1039 394
is_linear=0
shrinkage=0.03


Tree=75
num_leaves=14
num_cat=0
split_feature=5 4 6 5 6 4 1 1 6 3 6 6 3
split_gain=31.3821 7.0828 4.68808 4.82847 3.45746 2.3592 2.03782 1.62795 1.26754 0.953032 0.68151 0.700564 0.674662
threshold=-0.18518599999999988 2.5000000000000009 0.072785000000000002 -0.58010729999999999 -0.39403079999999996 0.50000000000000011 0.30000000000000016 0.19999999999999987 0.0046286000000004277 -1.0000000180025095e-35 0.5899156000000001 0.44137680000000007 1.3000000000000005
decision_type=8 10 10 10 8 8 10 10 10 10 10 10 10
left_child=2 4 3 9 7 -6 -5 -2 -3 -1 11 -4 -12
right_child=1 8 10 6 5 -7 -8 -9 -10 -11 12 -13 -14
leaf_value=-0.0037209475584060172 0.0010829070519257056 0.013760559168503829 -0.0080258438445299056 0.0047052765411674238 -0.00075729939118385724 0.0035072568428548409 -0.0040635416307913327 0.008035942718929448 0.0047786884262743402 -0.011753073047566266 -0.012162737769832512 -0.0029231469421574347 -0.005593686736510904
leaf_weight=31.73169744759798 41.417953103780746 66.22492591291666 110.42934647202492 70.451371982693672 223.89495728164911 235.6719466522336 30.408533185720444 128.66732092946768 26.837182477116585 31.233284309506416 81.781024910509586 40.793719865381718 33.188251063227654
leaf_count=153 195 327 570 348 1103 1238 146 627 127 156 426 208 178
internal_value=0.000213019 0.00402273 -0.00616247 -0.00208141 0.00282858 0.00144383 0.00199448 0.00642207 0.0115461 -0.00827675 -0.00858943 -0.00678696 -0.0105786
internal_weight=1152.73 722.714 430.017 163.825 629.652 459.567 100.86 170.085 93.0621 62.965 266.192 151.223 114.969
internal_count=5802 3617 2185 803 3163 2341 494 822 454 309 1382 778 604
is_linear=0
shrinkage=0.03


Tree=76
num_leaves=10
num_cat=0
split_feature=4 5 3 4 2 0 5 5 5
split_gain=3.83882 3.19194 2.4305 1.7307 1.42924 1.35388 0.469883 0.68555 0.314203
threshold=1.8000000000000007 -1.2763772599999998 -0.89999999999999991 -2.899999999999999 -0.20000000000000001 40.868633320390025 0.71528560000000019 0.92365200000000025 0.42475850000000009
decision_type=8 10 10 10 10 2 8 8 10
left_child=1 -1 4 -4 -3 -2 8 -8 -7
right_child=5 2 3 -5 -6 6 7 -9 -10
leaf_value=-0.0078917154255387263 0.0032008426345043867 -0.0076851615532438199 0.0078957112415860634 0.0016798876562231009 -2.3771753080669202e-05 -0.0036301642423150647 0.0014525500471896581 -0.004751770084836333 -0.0096727516793288434
leaf_weight=29.299565151333809 16.796963177621365 31.950885243713856 38.790789060294628 611.32238706946373 53.930576913058758 22.872185587882996 18.148406326770782 65.989901907742023 26.090944476425648
leaf_count=181 110 190 227 3750 349 144 130 543 178
internal_value=0.000205614 0.00107109 0.00147874 0.0021082 -0.00314007 -0.00410495 -0.00510943 -0.0034071 -0.00744797
internal_weight=915.193 765.294 735.995 650.113 85.8815 149.898 133.101 84.1383 48.9631
internal_count=5802 4697 4516 3977 539 1105 995 673 322
is_linear=0
shrinkage=0.03


Tree=77
num_leaves=12
num_cat=0
split_feature=6 4 4 2 7 2 4 1 3 7 6
split_gain=21.0077 10.4124 5.76867 3.47145 2.96896 2.36931 1.96287 1.27576 0.855629 0.593585 0.368869
threshold=0.32771530000000004 -0.59999999999999987 0.80000000000000004 -1.2999999999999996 1.0000000180025095e-35 -1.2999999999999996 2.5000000000000009 -0.90000000000000002 0.4000000000000003 -1.4999999999999998 -0.08743853999999994
decision_type=10 10 10 8 10 10 10 10 10 10 10
left_child=1 3 5 -1 -5 -2 7 -3 -4 -7 -8
right_child=2 6 8 4 -6 9 10 -9 -10 -11 -12
leaf_value=0.0092877372743888076 0.013244145526482958 0.001644817125605281 0.0005835235287500989 0.0019254963968160261 -0.0053058558577343106 0.0012324916834169264 -0.013165071047356163 -0.0058304351140238695 -0.0069198606843675096 0.0064223059261161557 -0.0051951047407339107
leaf_weight=35.386074282228947 49.981584243476391 19.797821670770645 24.246277078986168 166.77771885693073 67.744703263044357 24.903820209205151 41.195281967520714 336.55910352617502 24.384751103818417 203.24705552309752 16.767221964895725
leaf_count=168 241 103 140 994 395 122 295 2076 123 1028 117
internal_value=-0.000428964 -0.00341254 0.00577578 0.00116359 -0.000230523 0.00742573 -0.00637199 -0.00539813 -0.00347322 0.00589439 -0.0114552
internal_weight=1010.99 684.228 326.763 269.908 234.522 278.132 414.319 356.357 48.631 228.151 57.9625
internal_count=5802 4148 1654 1557 1389 1391 2591 2179 263 1150 412
is_linear=0
shrinkage=0.03


Tree=78
num_leaves=14
num_cat=0
split_feature=5 6 5 5 3 5 6 3 6 6 3 5 5
split_gain=28.2217 8.51783 4.77513 4.24331 3.88689 3.60789 2.88229 2.14293 1.56887 1.31787 1.2715 1.07153 0.671988
threshold=-0.19120150000000022 0.32771530000000004 -0.63059379999999987 1.0700121000000002 -1.0999999999999994 0.30979410000000002 0.067697899999999991 -0.29999999999999999 0.54143450000000004 0.83448470000000008 0.19999999999999987 -0.5407730999999999 0.1705769999999999
decision_type=8 8 10 10 10 8 10 10 10 10 10 10 10
left_child=2 3 7 4 -2 12 10 -1 -7 -9 -4 -8 -3
right_child=1 5 6 -5 -6 8 11 9 -10 -11 -12 -13 -14
leaf_value=-0.0020120155869389812 0.010818970432703917 -0.0040162104838066624 -0.0019705747019114067 0.013357885220280745 0.0032389597293945357 -0.00037389944578937689 -0.00041849301882156766 -0.012781172152381254 0.0080790891174928828 -0.0050380884002119838 0.0046013806852168385 -0.0074390929800345184 -0.010049429815286172
leaf_weight=29.250495627522469 68.347679324448109 69.104177854955196 71.73149760812521 49.826650008559227 419.95077537745237 63.070387072861195 24.348831802606583 118.78703316301107 23.50801407545805 34.615498177707195 35.494777835905552 109.3919398188591 25.088857874274254
leaf_count=144 327 350 360 244 2039 410 125 626 114 188 165 553 117
internal_value=-0.000149526 0.00346346 -0.00624975 0.00534373 0.00439885 -0.00212695 -0.00336682 -0.00986204 0.00223707 -0.0112481 0.000312999 -0.00622207 -0.00604875
internal_weight=1142.52 718.897 423.62 538.125 488.298 180.771 240.967 182.653 86.5784 153.403 107.226 133.741 94.193
internal_count=5762 3601 2161 2610 2366 991 1203 958 524 814 525 678 467
is_linear=0
shrinkage=0.03


Tree=79
num_leaves=10
num_cat=0
split_feature=5 0 6 4 6 6 1 0 4
split_gain=2.74603 3.04263 2.88545 2.42434 1.70618 4.2364 1.66709 1.59874 0.62224
threshold=0.98392210000000013 4.5962107424408041 0.75463779999999991 2.7000000000000002 0.15609450000000011 -0.10977440000000026 -0.39999999999999997 54.448376538409782 2.9000000000000008
decision_type=10 2 10 10 8 10 8 2 10
left_child=1 4 3 -3 5 -1 -6 -4 -2
right_child=8 2 7 -5 6 -7 -8 -9 -10
leaf_value=-0.0053368839515189432 -0.0093677421221469298 0.0016760175133125814 0.014276208895931185 -0.007149443398753709 -0.0020222980645027075 0.0073855148682650685 -0.0090678499698422857 0.002471503764244621 -0.0020465770397887282
leaf_weight=40.41087219119072 24.360404275357723 546.88236116617918 19.889137916266918 24.619188100099564 128.35879998654127 44.175918571650982 36.482128143310547 22.005142748355865 21.718671143054962
leaf_count=230 164 3543 125 178 770 250 210 128 164
internal_value=0.000306968 0.000703209 0.00183583 0.00123712 -0.00206349 0.00134883 -0.00380265 0.00900037 -0.00645514
internal_weight=908.903 862.824 613.396 571.502 249.428 84.5868 164.841 41.8943 46.0791
internal_count=5762 5434 3974 3721 1460 480 980 253 328
is_linear=0
shrinkage=0.03


Tree=80
num_leaves=12
num_cat=0
split_feature=0 0 4 2 1 0 5 1 5 0 1
split_gain=64.2603 11.6954 5.02616 2.70787 2.71824 2.41344 2.12406 1.95175 1.62915 1.54 1.20243
threshold=33.93400192509808 113.71465686896126 0.99999999999999989 -1.0999999999999994 1.1000000000000003 1.1088900869526699 -0.31333139999999982 -0.19999999999999996 -1.3097151999999999 144.32918837674711 -1.4999999999999998
decision_type=2 2 10 10 10 2 8 8 10 2 8
left_child=2 3 5 8 -5 10 -3 -7 -2 -8 -1
right_child=1 6 -4 4 -6 7 9 -9 -10 -11 -12
leaf_value=0.0065839538662612069 -0.00080363463506568679 -0.0019875698991235887 -0.0019392727910345904 -0.0046990470737198536 0.0057007652376877957 0.0021893383248632551 -0.0077237930364619511 0.010683872032964843 0.0098799372478053163 -0.013954540684920011 0.012253382251024391
leaf_weight=63.535371653735638 29.101374842226505 22.483318023383617 35.101597487926483 254.70123932510614 20.580571472644806 70.252290681004524 76.250267826020718 35.35427014529705 17.074261710047722 158.4880471304059 220.98694019764662
leaf_count=298 262 125 174 1552 134 392 494 187 88 1048 1008
internal_value=-0.000107993 -0.00659167 0.00868944 -0.00270734 -0.00383371 0.00965819 -0.0113018 0.0053875 0.00372613 -0.0121339 0.0111229
internal_weight=1003.91 578.679 425.23 321.457 275.282 390.129 257.222 105.607 46.1756 234.738 284.522
internal_count=5762 3703 2059 2036 1686 1885 1667 579 350 1542 1306
is_linear=0
shrinkage=0.03


Tree=81
num_leaves=13
num_cat=0
split_feature=0 0 0 5 5 6 3 3 5 0 5 6
split_gain=45.1643 9.91891 9.51074 4.00514 3.21863 2.90167 2.54633 2.36915 2.11503 0.749969 0.483042 0.393187
threshold=75.617314676218271 139.88179913083016 17.614017346873087 -0.40419586999999996 -0.16629639999999998 -0.025721099999999938 0.70000000000000018 0.90000000000000036 -0.089308800000000396 -55.179418488355843 -0.55923250000000024 -0.44382050000000012
decision_type=2 2 2 8 8 8 8 10 10 2 8 10
left_child=2 3 5 -2 -3 10 -5 8 -4 -7 -1 -6
right_child=1 4 7 6 11 9 -8 -9 -10 -11 -12 -13
leaf_value=-0.0062750635072952813 -0.0058606609497487226 0.001098120509829642 -0.002699144566943831 0.0026261468258058553 0.014137153548962625 -0.012675337775412559 0.010858666323062767 -0.0080911950442636802 0.0027002394379493848 -0.0082855608477394541 -0.0012658714437544444 0.0099358946954566912
leaf_weight=24.815311759710312 38.272630542516708 28.828989289700985 131.40732519328594 204.8635418638587 96.053094640374184 98.789651058614254 37.03109022974968 33.711942598223686 120.25171454995871 147.83581138402224 49.550045281648636 139.17510561645031
leaf_count=123 181 122 757 1034 447 490 199 189 597 786 237 620
internal_value=0.000407536 0.00664972 -0.00520354 0.00264381 0.0107719 -0.00870591 0.00408083 -0.00118193 -0.000116783 -0.0102609 -0.00322743 0.01191
internal_weight=1150.59 544.224 606.362 280.167 264.057 320.991 241.895 285.371 251.659 246.625 74.3654 235.228
internal_count=5782 2603 3179 1414 1189 1636 1233 1543 1354 1276 360 1067
is_linear=0
shrinkage=0.03


Tree=82
num_leaves=9
num_cat=0
split_feature=2 6 0 7 6 6 0 0
split_gain=3.6363 2.29625 2.00078 2.34869 1.4289 1.17016 0.886487 0.20144
threshold=1.1000000000000003 1.1791412000000003 -30.377474877829396 -1.0000000180025095e-35 0.68898246000000019 -0.29648445000000007 144.32918837674711 185.02780197916323
decision_type=10 10 2 10 8 10 2 2
left_child=1 2 4 -4 -1 7 -7 -2
right_child=5 -3 3 -5 -6 6 -8 -9
leaf_value=-0.0012162616605773131 -0.0048775828570631445 0.0085690643537038973 -0.0020932037343353513 0.0018461153401662337 -0.0079887361371320798 -0.0062527601270536744 0.0014345726516844805 -0.011640892345886136
leaf_weight=101.75312929600477 18.906393945217133 24.664828754961491 184.24103552103043 483.44424046576023 34.99811265617609 20.456503719091415 25.589738413691521 21.72240637242794
leaf_count=576 140 140 1214 3062 211 131 162 146
internal_value=-0.000252546 0.000372173 6.94684e-05 0.000751621 -0.00317016 -0.00592275 -0.00225854 -0.00937299
internal_weight=915.776 829.101 804.437 667.685 136.751 86.675 46.0462 40.6288
internal_count=5782 5203 5063 4276 787 579 293 286
is_linear=0
shrinkage=0.03


Tree=83
num_leaves=11
num_cat=0
split_feature=0 0 4 0 0 2 6 2 4 4
split_gain=51.8024 13.2292 4.17176 2.18809 2.1316 1.8713 1.707 1.64472 1.27481 1.07537
threshold=30.524672782090537 107.26824786540602 1.1000000000000001 -122.17572730190214 207.4891956177153 0.59999999999999998 0.17598890000000014 -0.69999999999999973 0.39999999999999974 -2.4999999999999991
decision_type=2 2 10 2 2 8 10 10 8 8
left_child=2 5 3 -1 8 7 -7 -2 -3 -5
right_child=1 4 -4 9 -6 6 -8 -9 -10 -11
leaf_value=0.015663242678088642 0.0018044111045585121 -0.0054075702838529754 -0.0032161586248125066 0.0039312733530689828 -0.015365754486243671 -0.00019658647582356187 0.0094033206834358788 -0.0041601569230125977 -0.010633401660832941 0.0086699698965817112
leaf_weight=38.040724590420723 49.954985186457634 90.467187613248825 25.411115929484367 65.847039945423603 66.427560575306416 65.157302588224411 17.311353802680969 187.73683352768421 126.64761720597744 274.93371859937906
leaf_count=149 279 525 128 324 426 488 100 1150 876 1337
internal_value=-0.00023536 -0.00578327 0.00801961 0.00880538 -0.0104444 -0.00155814 0.0022409 -0.00289525 -0.00862665 0.00782443
internal_weight=1007.94 603.703 404.233 378.821 283.542 320.16 82.4687 237.692 217.115 340.781
internal_count=5782 3844 1938 1810 1827 2017 588 1429 1401 1661
is_linear=0
shrinkage=0.03


Tree=84
num_leaves=11
num_cat=0
split_feature=0 0 0 0 5 5 1 4 4 5
split_gain=42.4288 12.2178 4.59555 2.3208 2.33545 2.08056 2.35452 1.78405 1.36387 0.19252
threshold=55.195098539515364 144.32918837674711 -69.73250797128911 204.64400509356247 -0.10634250000000021 0.90474050000000006 0.50000000000000022 1.1000000000000001 -2.899999999999999 -0.8571783999999999
decision_type=2 2 2 2 10 10 10 10 8 8
left_child=2 5 9 4 -3 6 -2 8 -4 -1
right_child=1 3 7 -5 -6 -7 -8 -9 -10 -11
leaf_value=-0.0081080287594631536 0.0031092808692036039 -0.00040042437170942688 -0.011141005873402209 0.014289767316964363 0.0094847699291024917 0.010003539178399962 -0.0019645022109119649 0.00079992979180516842 -0.0046459379524523619 -0.013804113462688445
leaf_weight=40.832911409437656 267.35380969196558 25.765582390129566 31.020450957119465 101.20611374080181 114.18061235547066 23.763833276927471 113.96506038308144 46.569361217319965 323.16603647917509 56.325524240732193
leaf_count=203 1398 109 175 427 545 123 588 219 1710 275
internal_value=0.000377452 0.0054306 -0.00616974 0.0107078 0.00771377 0.00219677 0.00158708 -0.00464489 -0.00536196 -0.0119242
internal_weight=1144.15 646.235 497.914 241.152 139.946 405.083 381.319 400.756 354.186 97.1584
internal_count=5772 3190 2582 1081 654 2109 1986 2104 1885 478
is_linear=0
shrinkage=0.03


Tree=85
num_leaves=8
num_cat=0
split_feature=0 5 4 0 6 6 2
split_gain=3.89654 2.62718 1.73617 5.76216 2.50332 1.55965 0.427641
threshold=204.64400509356247 0.98392210000000013 -2.899999999999999 -45.002345871562959 1.1791412000000003 -0.21248347999999981 0.80000000000000027
decision_type=2 10 8 2 10 10 8
left_child=1 2 3 -1 -4 6 -2
right_child=5 -3 4 -5 -6 -7 -8
leaf_value=-0.0032219599805185452 -0.0049397754679137455 -0.0080488242158964704 0.00011047528476798053 0.014208089090887133 0.0095069112250243809 -0.00053876725631833288 -0.012661253721381894
leaf_weight=31.526336990296841 22.140893906354904 26.031470537185669 734.35479358583689 28.741682812571526 21.440917566418648 26.098402194678783 22.406170792877674
leaf_count=181 132 197 4669 178 120 145 150
internal_value=-5.75519e-05 0.000525329 0.000846183 0.00554205 0.000437768 -0.00658098 -0.00970928
internal_weight=912.741 842.095 816.064 60.268 755.796 70.6455 44.5471
internal_count=5772 5345 5148 359 4789 427 282
is_linear=0
shrinkage=0.03


Tree=86
num_leaves=13
num_cat=0
split_feature=0 0 0 6 0 7 1 5 7 1 7 0
split_gain=37.4531 8.35489 7.23428 2.74268 2.25507 1.99757 1.56505 1.51162 4.57132 1.97419 1.32385 0.0553436
threshold=63.992889829447002 153.08004332896056 -45.002345871562959 0.28993629999999976 26.532211263730918 -1.0000000180025095e-35 0.30000000000000016 -0.18518599999999988 1.0000000180025095e-35 1.1000000000000003 1.0000000180025095e-35 252.60248874671893
decision_type=2 2 2 10 2 8 10 8 10 10 10 2
left_child=2 7 5 6 -5 -1 -4 8 -2 -9 -7 -3
right_child=1 11 3 4 -6 10 -8 9 -10 -11 -12 -13
leaf_value=0.0041259729598091977 0.0043637465425874879 -0.010991135941334962 -0.0010181789527726394 0.0077584336863014041 0.00027792473412753966 0.014553712374259193 0.0047213632370676625 -0.0061138767190749913 -0.0098862945470961326 0.0023416550111147205 0.0066647778401348135 -0.016603257707596054
leaf_weight=46.907830394804478 56.899890899658203 118.84632098674774 175.352857388556 110.84362445771694 53.35654304176569 74.798105739057064 51.076357908546925 194.42471130937338 25.12402580678463 25.730985693633556 43.872802771627903 27.64949694275856
leaf_count=199 320 797 1012 562 302 321 270 1306 134 189 189 171
internal_value=-0.000377203 -0.00678524 0.00480635 0.00251778 0.0054077 0.00997343 0.000350541 -0.00382511 -0.000318298 -0.00509557 0.0120245 -0.0125634
internal_weight=1004.88 448.675 556.208 390.629 164.2 165.579 226.429 302.18 82.0239 220.156 118.671 146.496
internal_count=5772 2917 2855 2146 864 709 1282 1949 454 1495 510 968
is_linear=0
shrinkage=0.03


Tree=87
num_leaves=15
num_cat=0
split_feature=0 0 0 3 3 0 4 7 6 3 7 6 0 5
split_gain=42.3559 7.23146 6.4755 5.11982 2.44684 2.42324 2.02465 1.60615 2.09227 1.52662 1.22822 1.02391 0.262294 0.153666
threshold=68.596109686953255 139.88179913083016 -45.002345871562959 0.70000000000000018 0.80000000000000027 23.204132987012034 -0.40000000000000008 -1.0000000180025095e-35 0.12028509999999994 -0.20000000000000009 1.0000000180025095e-35 0.2070353999999999 91.679425181971297 -0.8571783999999999
decision_type=2 2 2 8 8 2 10 10 10 10 10 10 2 8
left_child=2 3 10 6 5 -4 -2 9 -9 -3 13 -6 -5 -1
right_child=1 7 4 12 11 -7 -8 8 -10 -11 -12 -13 -14 -15
leaf_value=-0.0082536962199400588 -0.0026605547284893169 0.016391816992993909 -0.0050133618536162281 0.0065879186010254394 -0.0033886537730928395 2.9613346123450196e-05 0.002789524278930383 0.0090370807212851057 0.00084977504704143725 0.0061824521494147286 -0.0055176381373287214 -0.010557738871009753 0.014034019071081056 -0.014343025542550313
leaf_weight=32.725336223840714 88.144316971302032 49.956852160394192 165.05238502472639 24.868353098630905 35.473310649394989 172.88021940737963 175.99570614099503 151.52922295033932 35.5835090726614 29.221883282065392 39.357039995491505 53.228235349059105 23.38248934596777 69.914412267506123
leaf_count=170 435 231 844 149 249 881 897 702 152 124 197 316 115 349
internal_value=0.000159544 0.00584845 -0.00563044 0.00268491 -0.00370493 -0.00247065 0.000955177 0.00944177 0.00754273 0.013215 -0.0110929 -0.00802451 0.0111752 -0.0128751
internal_weight=1147.31 578.682 568.631 312.391 426.634 337.933 264.14 266.291 187.113 79.1787 141.997 88.7015 48.2508 102.64
internal_count=5811 2805 3006 1596 2290 1725 1332 1209 854 355 716 565 264 519
is_linear=0
shrinkage=0.03


Tree=88
num_leaves=11
num_cat=0
split_feature=4 6 4 0 4 7 4 5 5 6
split_gain=2.08518 2.23113 2.21491 2.01654 3.88808 1.75792 1.35608 1.01262 2.55001 2.39354
threshold=1.9000000000000001 0.26816999999999974 2.2000000000000011 15.958157052232311 -2.2999999999999989 -1.0000000180025095e-35 2.7000000000000002 -0.58010729999999999 -0.1742201999999998 -0.019461899999999917
decision_type=10 10 10 2 8 10 10 10 10 8
left_child=3 2 -2 7 -5 -6 -4 9 -9 -1
right_child=1 -3 6 4 5 -7 -8 8 -10 -11
leaf_value=0.0048282902910915535 -0.012275333071171068 0.004316012437019014 0.0034064041764139408 0.01116060876415241 -0.0018535780991021779 0.0020093079083722851 -0.0051325774929113195 0.0037588493777834403 -0.0039034049010190528 -0.0054137585657573224
leaf_weight=21.263239376246929 26.795254327356815 21.116252534091473 20.901628278195858 30.517879746854305 146.00308272242546 353.85425055772066 45.358537219464779 76.914408333599567 69.776698157191277 102.57061026245356
leaf_count=123 178 128 149 187 957 2260 334 460 412 623
internal_value=-5.41237e-05 -0.00375775 -0.00571651 0.000493882 0.00156442 0.000873817 -0.00238896 -0.00159526 0.000105611 -0.00353599
internal_weight=915.072 114.172 93.0554 800.9 530.375 499.857 66.2602 270.525 146.691 123.834
internal_count=5811 789 661 5022 3404 3217 483 1618 872 746
is_linear=0
shrinkage=0.03


Tree=89
num_leaves=13
num_cat=0
split_feature=0 0 0 3 4 5 3 5 6 4 0 0
split_gain=49.347 7.49631 6.51017 2.38592 1.65699 1.60909 1.56081 0.927149 0.789416 0.733216 0.570622 0.328764
threshold=57.205246042983056 146.23824793628663 1.0000000180025095e-35 0.70000000000000018 0.59999999999999987 0.090087399999999998 -0.29999999999999999 -0.1742201999999998 -0.27129719999999996 0.90000000000000024 201.36888414011381 161.02268845227232
decision_type=2 2 2 10 10 10 10 8 10 10 2 2
left_child=2 3 4 6 7 8 -2 -1 -4 -7 11 -3
right_child=1 10 5 -5 -6 9 -8 -9 -10 -11 -12 -13
leaf_value=0.008545913642566242 -0.0053329804826774043 -0.01255783502350839 6.4104735894632931e-05 -0.011012934397754326 0.0017775474002483204 -0.0044513428563356487 -0.00086759888149552644 0.013865220946057634 0.0048883876064032819 0.0019287644857253715 -0.014665645051604498 -0.0069772875862452108
leaf_weight=214.46095931529999 139.74294955283403 29.892849281430244 39.738727062940598 36.208080664277077 27.71052759885788 33.944781132042408 141.77902678400278 53.697918698191643 128.63432708382607 23.95767717063427 74.467533446848392 61.425008080899715
leaf_count=973 986 203 246 209 126 192 859 256 708 140 491 422
internal_value=-0.000132633 -0.00700114 0.00623381 -0.0041926 0.00913186 0.00232891 -0.00313853 0.00984538 0.00378447 -0.00186804 -0.0121034 -0.00936114
internal_weight=1005.66 483.515 522.145 317.73 295.869 226.276 281.522 268.159 168.373 57.9025 165.785 91.3179
internal_count=5811 3170 2641 2054 1355 1286 1845 1229 954 332 1116 625
is_linear=0
shrinkage=0.03


Tree=90
num_leaves=10
num_cat=0
split_feature=0 0 5 0 4 4 4 1 5
split_gain=40.5266 16.6131 3.11359 2.63762 2.12568 1.67783 1.05966 1.04507 0.895448
threshold=139.88179913083016 23.204132987012034 -0.68082299999999996 -103.14537568836055 1.8000000000000007 2.5000000000000009 1.7000000000000006 -1.4999999999999998 -0.11244600000000025
decision_type=2 2 8 2 8 8 10 8 10
left_child=1 3 -3 -1 -4 6 8 -5 -2
right_child=5 2 4 7 -6 -7 -8 -9 -10
leaf_value=-0.014716115226584864 0.0041183809602815293 -0.0075038683188186584 -0.00028542039861393324 -0.0019934018437647162 0.0046162188269727004 0.014810568213935992 0.0037024081981854189 -0.0077742707208724275 0.010802237812664541
leaf_weight=50.841322705149651 31.153556555509567 40.504291594028473 396.06710660457611 36.186098523437977 94.506595179438591 59.806038320064545 44.047728791832924 255.85194590687752 119.78116352111101
leaf_count=250 135 205 2008 220 579 294 204 1304 535
internal_value=-0.000255939 -0.00333166 6.36712e-06 -0.00842764 0.000695904 0.0101553 0.00839276 -0.00710358 0.00959895
internal_weight=1128.75 873.957 531.078 342.879 490.574 254.788 194.982 292.038 150.935
internal_count=5734 4566 2792 1774 2587 1168 874 1524 670
is_linear=0
shrinkage=0.03


Tree=91
num_leaves=13
num_cat=0
split_feature=4 0 5 5 0 5 0 4 5 1 7 0
split_gain=5.20948 2.9265 2.84376 2.61473 1.86167 1.68584 2.50209 1.11842 1.06854 0.773797 0.697807 0.261207
threshold=1.8000000000000007 15.958157052232311 -0.63776779999999988 -0.34920470000000009 36.220430428302855 -0.1742201999999998 -49.250232086423345 -1.0000000180025095e-35 -0.8571783999999999 1.7000000000000004 -1.0000000180025095e-35 183.08024133591258
decision_type=8 2 10 10 2 10 2 10 10 8 10 2
left_child=1 5 8 -4 -2 6 -1 -7 -3 11 -11 -6
right_child=4 2 3 -5 9 7 -8 -9 -10 10 -12 -13
leaf_value=-0.0028984238233898414 0.0042612500457125356 0.0038049543078236153 -0.0033053836137390447 0.0031479687674723341 -0.0084430290475585174 -0.0081118299153682509 0.0037941537426985686 -0.00051779706278260503 0.013428128619562689 -0.0059203161601565774 0.0011201089964738059 -0.0038222017756065932
leaf_weight=91.921782284975052 16.166192747652531 24.027718141674995 61.897445723414421 384.66618466377258 57.193542823195457 35.187026135623455 99.627639159560204 32.140124268829823 25.560584910213947 17.321396768093109 26.327185995876789 29.920321144163609
leaf_count=524 101 150 376 2421 406 210 619 182 146 158 241 200
internal_value=0.000696557 0.00170676 0.00304569 0.00222679 -0.00437995 -0.000868468 0.000590452 -0.00477305 0.00954088 -0.00556586 -0.00199512 -0.00714957
internal_weight=901.957 755.029 496.152 446.564 146.929 258.877 191.549 67.3272 49.5883 130.762 43.6486 87.1139
internal_count=5734 4628 3093 2797 1106 1535 1143 392 296 1005 399 606
is_linear=0
shrinkage=0.03


Tree=92
num_leaves=12
num_cat=0
split_feature=0 0 0 0 5 4 7 6 0 4 0
split_gain=47.1313 10.0992 7.07369 2.39171 3.69466 2.5143 1.87813 1.63071 1.14227 1.07846 0.513175
threshold=70.565076616213801 -43.332440747378989 146.23824793628663 15.958157052232311 -0.31333139999999982 0.59999999999999987 -1.4999999999999998 0.48493010000000009 -103.14537568836055 -0.49999999999999994 196.21409288184194
decision_type=2 2 2 2 8 8 8 10 2 8 2
left_child=1 8 6 4 -3 -5 -2 -8 -1 -10 -4
right_child=2 3 10 5 -6 -7 7 -9 9 -11 -12
leaf_value=0.014942011167784288 0.0030767596793158784 0.00090419078007510925 -0.010013978774678705 -0.0014919629913016136 0.0094853813671136652 0.0049362488400106147 -0.0065928816936596689 0.00060428422983506121 0.0059268838015299535 0.013455249968807842 -0.015554896414333774
leaf_weight=61.813428677618504 21.678148180246353 92.091315768659115 83.931603960692883 162.87319243699312 85.865000888705254 76.374789647758007 197.9818837121129 32.002305306494236 72.418940968811512 28.395532570779324 73.731154762208462
leaf_count=250 137 465 578 931 432 526 1291 182 321 123 498
internal_value=-0.000343586 0.00514238 -0.00808304 0.00260751 0.00519074 0.000619148 -0.00480707 -0.00559985 0.0113736 0.00858293 -0.0130037
internal_weight=989.157 579.832 409.325 417.204 177.956 239.248 251.662 229.984 162.628 100.814 157.663
internal_count=5734 3048 2686 2354 897 1457 1610 1473 694 444 1076
is_linear=0
shrinkage=0.03


Tree=93
num_leaves=14
num_cat=0
split_feature=0 0 0 4 7 3 4 3 4 2 1 2 4
split_gain=38.6619 6.993 5.44673 2.77229 2.97697 1.96471 1.87445 1.70952 1.61536 1.52745 1.42039 1.31982 0.694159
threshold=68.596109686953255 125.20608285957009 -4.8856707886660606 -0.40000000000000008 1.0000000180025095e-35 0.80000000000000027 0.59999999999999987 0.59999999999999998 2.5000000000000009 0.49999999999999994 0.50000000000000022 0.19999999999999987 0.40000000000000019
decision_type=2 2 2 8 10 8 10 10 8 10 10 10 8
left_child=2 3 6 4 -2 10 11 -5 9 -3 -4 -1 -7
right_child=1 8 5 7 -6 12 -8 -9 -10 -11 -12 -13 -14
leaf_value=-0.010540265004266363 -0.0062253732661581244 0.0094037690973383294 -0.0005120864780584416 0.0025054829570620107 0.0050780146947552174 -0.010400693879163824 -0.00083885854213913084 0.010152914186493781 0.012911548546881497 0.0043256421739220558 -0.0061585830457649869 -0.0027236308316913576 -0.0036693601878404741
leaf_weight=189.55358145385981 56.706765979528427 131.63992673903704 216.69026903808117 144.32603047788143 27.288254261016846 30.283676348626614 25.074520952999592 28.948042772710323 66.772061005234718 112.44227057695389 44.51593941450119 26.253275275230408 36.915483459830284
leaf_count=1005 280 581 1124 779 133 177 117 140 326 516 217 126 259
internal_value=0.000103293 0.00561528 -0.00539843 0.00190117 -0.00247415 -0.00281714 -0.00878878 0.00403202 0.0086104 0.0071982 -0.00157199 -0.00967257 -0.00721307
internal_weight=1137.41 568.123 569.287 257.269 83.995 328.405 240.881 173.274 310.854 244.082 261.206 215.807 67.1992
internal_count=5780 2755 3025 1332 413 1777 1248 919 1423 1097 1341 1131 436
is_linear=0
shrinkage=0.03


Tree=94
num_leaves=12
num_cat=0
split_feature=7 5 1 3 2 3 5 6 2 5 3
split_gain=2.14479 2.726 2.06348 1.84948 1.45001 1.4279 1.08706 1.43634 1.0016 1.64142 1.12331
threshold=-1.0000000180025095e-35 -0.076260299999999934 0.30000000000000016 0.20000000000000007 0.20000000000000001 1.3000000000000005 -0.70277100000000003 -0.68627526999999977 -0.39999999999999997 0.13764199999999974 -1.2999999999999996
decision_type=10 10 10 8 10 8 10 10 10 10 10
left_child=5 2 3 -2 -4 6 -1 -8 9 -3 -10
right_child=1 8 4 -5 -6 -7 7 -9 10 -11 -12
leaf_value=-0.0077833709289455424 -0.0013327123406427234 -0.002882940177364064 0.012327541153223327 0.003668961269274235 0.0016936449145491413 0.0035625394558570066 -0.0079588211467514162 -0.0010277341037581067 0.0040782617291742216 0.0079437728486685556 -0.0022570885962592633
leaf_weight=33.17312516272068 105.29754980653524 19.858045548200607 26.942747123539448 166.54144974052906 20.921916395425797 28.850709989666939 27.33327928930521 173.51331707090139 23.234792403876781 22.09086861461401 261.92304675281048
leaf_count=197 641 124 159 1068 133 232 171 1082 156 134 1683
internal_value=-4.48667e-05 0.000884124 0.00283354 0.00174247 0.00827922 -0.00230455 -0.00308725 -0.0021414 -0.00103515 0.00305735 -0.0016795
internal_weight=909.681 646.81 319.704 271.839 47.8647 262.87 234.02 200.847 327.107 41.9489 285.158
internal_count=5780 4098 2001 1709 292 1682 1450 1253 2097 258 1839
is_linear=0
shrinkage=0.03


Tree=95
num_leaves=14
num_cat=0
split_feature=0 0 0 6 3 3 5 2 5 3 3 2 2
split_gain=41.8596 7.25816 6.02426 3.19849 2.77554 2.77148 2.28013 2.1332 1.86723 1.89712 1.53711 1.07093 0.376649
threshold=57.205246042983056 113.71465686896126 1.1088900869526699 0.20237939999999979 0.30000000000000016 0.59999999999999998 -0.32142719999999991 1.1000000000000003 -0.23725949999999982 -0.39999999999999997 0.30000000000000016 -0.39999999999999997 0.19999999999999987
decision_type=2 2 2 8 10 10 8 8 8 8 10 10 10
left_child=2 7 3 4 -1 -5 -3 11 10 -10 -4 -2 -8
right_child=1 6 8 5 -6 -7 12 -9 9 -11 -12 -13 -14
leaf_value=0.0075384845124161571 -0.00017898392855754991 -0.0010720032249649254 0.0013725141259391983 0.01498965615022332 -0.0024136757924214098 0.0071773614298276554 -0.014007163559910229 0.0039118842502128114 0.0062766904653438491 -0.0022138614969970803 0.0088719616415233425 -0.0051251494771723735 -0.0095051071061360778
leaf_weight=63.100020788609982 54.54869969189167 24.37019856274128 53.476338684558868 82.616394408047199 36.957694120705128 112.32065332680941 57.835961356759071 34.511114716529846 25.316757619380951 103.46047278493643 44.297194458544254 140.39936912804842 163.25928544253111
leaf_count=294 312 134 287 363 163 533 369 286 142 619 239 894 1145
internal_value=-7.6851e-05 -0.00648487 0.00576453 0.00855845 0.00392259 0.0107804 -0.0100252 -0.00256458 0.00202027 -0.000372467 0.00503653 -0.00378024 -0.0109665
internal_weight=996.47 474.925 521.546 294.995 100.058 194.937 245.465 229.459 226.551 128.777 97.7735 194.948 221.095
internal_count=5780 3140 2640 1353 457 896 1648 1492 1287 761 526 1206 1514
is_linear=0
shrinkage=0.03


Tree=96
num_leaves=14
num_cat=0
split_feature=0 0 0 3 5 3 0 4 5 0 4 3 2
split_gain=33.0485 8.63626 5.62649 3.79184 2.10257 1.91795 2.24293 1.75011 1.16065 1.05679 0.936313 0.80417 1.17423
threshold=68.596109686953255 141.43539277154596 -22.578588009361848 0.70000000000000018 -0.12150925 0.80000000000000027 23.204132987012034 2.100000000000001 0.54062140000000036 94.614771960383351 0.40000000000000019 1.5000000000000002 -0.39999999999999997
decision_type=2 2 2 8 8 8 2 10 10 2 8 8 10
left_child=2 3 11 7 -3 6 -4 -2 -6 -5 -7 12 -1
right_child=1 4 5 9 8 10 -8 -9 -10 -11 -12 -13 -14
leaf_value=-0.012309718515887745 -0.00097908468084665517 0.001180322407316955 -0.0051076495139179105 0.0035997290970515477 0.012458011712681344 -0.010300231487685182 0.00010232839624823409 0.0061238014650071585 0.0073334187248927912 0.012837032402279217 -0.0033239798792800228 -0.0034154335982725221 -0.0060616685715231102
leaf_weight=107.05518881976604 237.15855500102043 30.32227385789156 122.7381632104516 27.864607118070126 98.04783671349287 40.337089844048023 177.53654606640339 30.841676384210587 125.95820594578981 22.819073915481567 39.355768740177155 23.451766103506088 58.191421627998352
leaf_count=576 1184 132 631 169 451 241 918 166 589 110 270 126 283
internal_value=-0.000317548 0.00474669 -0.00541739 0.00141438 0.00881444 -0.00324231 -0.00207604 -6.44923e-05 0.00979949 0.00853783 -0.00725469 -0.00960043 -0.0103521
internal_weight=1141.68 573.012 568.666 318.684 254.328 379.968 300.275 268 224.006 50.6837 79.6929 188.698 165.247
internal_count=5846 2801 3045 1629 1172 2060 1549 1350 1040 279 511 985 859
is_linear=0
shrinkage=0.03


Tree=97
num_leaves=12
num_cat=0
split_feature=0 0 4 3 2 5 5 3 4 4 2
split_gain=1.82127 2.74385 2.8829 2.53914 1.69276 1.49942 1.73123 1.68407 0.959102 0.926073 0.556969
threshold=139.88179913083016 4.5962107424408041 -2.7999999999999989 0.59999999999999998 1.0000000180025095e-35 -0.16629639999999998 0.54062140000000036 -0.49999999999999994 0.40000000000000019 -0.29999999999999977 -0.79999999999999993
decision_type=2 2 8 10 10 10 10 10 10 10 8
left_child=1 3 -3 10 -4 -2 8 -8 -7 -5 -1
right_child=5 2 4 9 -6 6 7 -9 -10 -11 -12
leaf_value=-0.0019318877160929015 0.0044667632765975716 0.011988983029457086 0.00021423600210945532 0.00011763950995913075 0.0038402320086919797 -0.0018864088010513715 -0.0040607065258059793 0.0038473708653159106 -0.0091350003981448286 0.0060915541972006628 -0.0059760205238409284
leaf_weight=62.998051203787327 21.735426187515259 21.632789336144924 267.50367014855146 81.636551879346371 200.27580822259188 29.666209869086742 46.229968391358852 41.026636771857738 43.473846837878227 27.827825576066971 70.989157751202583
leaf_count=385 128 128 1788 496 1294 182 328 267 288 159 403
internal_value=0.000403201 0.00107157 0.00235833 -0.00151061 0.00179087 -0.00224297 -0.00325975 -0.000335459 -0.00650375 0.00183607 -0.00421246
internal_weight=914.996 732.864 489.412 243.452 467.779 182.132 160.397 87.2566 73.1401 109.464 133.987
internal_count=5846 4653 3210 1443 3082 1193 1065 595 470 655 788
is_linear=0
shrinkage=0.03


Tree=98
num_leaves=14
num_cat=0
split_feature=0 0 1 3 0 1 1 2 4 2 3 3 0
split_gain=37.9315 13.7662 2.91068 2.10741 3.84169 2.14859 2.08441 1.7901 1.16285 0.9824 1.31374 0.192351 0.0895888
threshold=15.958157052232311 113.71465686896126 0.90000000000000036 0.20000000000000001 -66.545195644924192 -1.4999999999999998 0.20000000000000007 -1.0999999999999994 0.80000000000000004 -0.49999999999999983 -0.19999999999999982 1.1000000000000003 144.32918837674711
decision_type=2 2 10 10 2 10 8 8 10 10 10 10 2
left_child=3 2 7 9 11 -6 8 -2 -3 -1 -11 -5 -8
right_child=1 6 -4 4 5 -7 12 -9 -10 10 -12 -13 -14
leaf_value=0.01345127231779948 0.0047696370732117667 -0.0018003471388127409 0.006708807378973271 0.012361157549117407 -0.0047881214291044666 0.0043546513086343492 -0.0081507037173563085 -0.0023138855939740608 -0.0097693915756965673 0.0018397579862785745 0.011136303626958645 0.0067384154752015259 -0.012533556397706459
leaf_weight=74.500032529234886 30.721205398440361 46.845298022031784 36.427542977035046 52.527882695198059 24.656585559248924 108.39298225194216 48.732561089098454 341.64915733784437 23.193914130330086 28.349412709474564 26.565250560641289 32.391677916049957 126.11946892738342
leaf_count=354 172 275 229 220 136 522 334 2153 157 133 119 140 902
internal_value=-6.77602e-06 -0.00425683 -0.000855007 0.00793768 0.00589705 0.00254827 -0.00980478 -0.00167403 -0.00491446 0.0110275 0.00689105 0.0107104 -0.0115726
internal_weight=1001.07 653.689 408.798 347.384 217.969 133.05 244.891 372.37 70.0392 129.415 54.9147 84.9196 174.852
internal_count=5846 4222 2554 1624 1018 658 1668 2325 432 606 252 360 1236
is_linear=0
shrinkage=0.03


Tree=99
num_leaves=14
num_cat=0
split_feature=0 0 0 4 3 5 3 5 0 5 4 0 4
split_gain=37.7384 9.65842 6.28749 2.31208 2.07422 2.55546 0.995749 0.940286 0.914778 1.02102 0.851392 0.747921 0.308576
threshold=68.596109686953255 148.94211039701909 17.614017346873087 1.8000000000000007 0.90000000000000036 -0.24889590000000025 -0.89999999999999991 -0.14527509999999991 -69.73250797128911 -0.8571783999999999 0.99999999999999989 92.591649253129859 2.5000000000000009
decision_type=2 2 2 8 10 10 10 8 2 8 10 2 8
left_child=2 3 8 6 5 -4 -2 -3 9 -1 -10 -5 -9
right_child=1 7 4 11 -6 -7 -8 12 10 -11 -12 -13 -14
leaf_value=-0.0059808020633704438 0.0044499085189744049 0.0036995060007903322 -0.0046435633877300857 0.0018722334898486467 -0.0088533525158814748 0.0017335957694758618 -0.000118801617381266 0.0090828047451457141 -0.0078105872092944532 -0.014093772524301992 -0.001573941132945082 0.0089148844612501922 0.013417495611242345
leaf_weight=34.139060616493225 47.610205210745335 26.827886037528515 93.856411285698414 23.270113065838814 30.502342067658901 127.82779780030251 232.13373793661594 141.76613231003284 201.77336276322603 52.782355837523937 24.967192143201828 43.721985273063183 58.242051802575588
leaf_count=180 238 113 556 148 175 633 1145 636 1091 273 112 237 283
internal_value=-0.000228212 0.00517233 -0.00569982 0.00197085 -0.00211166 -0.00100923 0.000723242 0.00991798 -0.00850633 -0.011406 -0.00717262 0.00676851 0.0106415
internal_weight=1139.42 573.572 565.849 346.736 252.187 221.684 279.744 226.836 313.662 86.9214 226.741 66.9921 200.008
internal_count=5820 2800 3020 1768 1364 1189 1383 1032 1656 453 1203 385 919
is_linear=0
shrinkage=0.03


Tree=100
num_leaves=11
num_cat=0
split_feature=0 6 6 1 0 5 1 1 6 1
split_gain=3.16404 2.45838 2.49671 1.76833 2.47724 1.66749 1.55491 3.16739 1.8937 1.79996
threshold=139.88179913083016 0.28993629999999976 1.1791412000000003 -1.2999999999999996 -28.2993702807189 -0.59220759999999995 1.5000000000000002 0.80000000000000027 0.12028509999999994 1.1000000000000003
decision_type=2 8 10 10 2 8 10 8 10 8
left_child=1 3 5 -1 -5 -3 7 8 -2 -9
right_child=6 2 -4 4 -6 -7 -8 9 -10 -11
leaf_value=0.0098854428623404589 -0.007450073587800146 -0.0052783697781025006 0.007169731030342916 -0.0041870521420229647 0.0029125513087420491 -0.00024328907379638127 -0.0085822803162117454 0.0095419518630148019 0.0018540692063041654 -0.00087884140519678162
leaf_weight=23.497385196387768 67.702248714864254 80.325458608567715 26.233232125639915 45.798857040703297 364.2976548075676 195.01176600158215 33.790514670312405 22.02480836212635 24.650012947618961 31.6031833589077
leaf_count=137 433 509 150 255 2279 1319 243 135 142 218
internal_value=0.000299619 0.00117474 -0.000897367 0.00260973 0.0020788 -0.00178014 -0.00321411 -0.00172846 -0.004999 0.00384971
internal_weight=914.935 735.164 301.57 433.594 410.097 275.337 179.771 145.98 92.3523 53.628
internal_count=5820 4649 1978 2671 2534 1828 1171 928 575 353
is_linear=0
shrinkage=0.03


Tree=101
num_leaves=14
num_cat=0
split_feature=5 5 3 6 1 4 3 3 3 6 2 6 1
split_gain=18.3135 6.60386 6.29878 3.35942 2.57455 2.55521 1.49634 1.3914 1.18282 1.07738 1.06656 1.03145 0.737094
threshold=-0.24889590000000025 0.36126109999999995 -0.39999999999999997 0.32120979999999993 -0.20000000000000009 -0.59999999999999987 1.1000000000000003 1.1000000000000003 -0.20000000000000009 -0.035761399999999936 0.59999999999999998 -0.32482820000000007 0.20000000000000015
decision_type=8 10 10 10 8 10 10 10 8 10 10 10 10
left_child=2 4 11 5 7 -4 -5 -2 -6 12 -11 -1 -3
right_child=1 9 3 6 8 -7 -8 -9 -10 10 -12 -13 -14
leaf_value=-0.0070439393937137395 0.00059816101835780025 -0.0040044647489485153 0.0054902652412727945 0.011031382642278239 -0.0051152563032463953 -0.0030104722065548276 0.0045856694566328397 0.0075852591904719442 -0.00094671666518416026 -0.007609361641668198 -0.00067099170951179536 7.8218284685293638e-05 -0.010345864768912548
leaf_weight=28.61801153421402 106.46643652021885 29.882596112787724 102.7447758987546 130.10950372368097 103.77985540777445 41.411249093711376 56.858290106058121 29.220943190157413 146.85851702094078 36.641313672065735 40.302339978516102 39.928023390471935 105.78854737430811
leaf_count=147 583 196 509 630 661 212 281 156 963 225 263 210 784
internal_value=-1.44081e-05 -0.00332335 0.00492412 0.00662236 -0.000955609 0.00302923 0.00924169 0.00231897 -0.00273904 -0.00750478 -0.00423781 -0.00317201 -0.0091411
internal_weight=998.61 598.941 399.67 331.124 386.326 144.156 186.968 135.687 250.638 212.615 76.9437 68.546 135.671
internal_count=5820 3831 1989 1632 2363 721 911 739 1624 1468 488 357 980
is_linear=0
shrinkage=0.03


Tree=102
num_leaves=15
num_cat=0
split_feature=0 0 0 6 1 3 3 2 0 7 0 1 3 3
split_gain=32.2076 7.10199 4.65363 2.8656 2.73792 2.32084 2.11566 1.86855 1.62355 1.23489 1.2087 1.14312 0.933088 1.5388
threshold=55.195098539515364 141.43539277154596 -35.343439652721933 0.21883179999999983 0.50000000000000022 0.20000000000000001 -0.20000000000000009 -0.89999999999999991 34.959182206173871 -1.0000000180025095e-35 106.26578255170229 0.50000000000000022 1.3000000000000005 0.70000000000000018
decision_type=2 2 2 8 10 10 10 8 2 10 2 10 10 8
left_child=2 4 12 5 7 -4 9 -2 -5 -3 -6 -8 13 -1
right_child=1 6 3 8 10 -7 11 -9 -10 -11 -12 -13 -14 -15
leaf_value=-0.0081958637823922615 -0.0041639527040513973 0.014403407371828249 -0.0037075899111444861 -0.0084632378246826904 0.00073742407514665298 0.0033918170092448988 0.007012943308866976 0.0040474504198155297 -0.0013323247149294802 0.007715169282276879 -0.0050445921811485593 0.00060892725284285092 -0.0038936588105365089 -0.016175682382952018
leaf_weight=86.354568429291248 23.741225600242615 47.640226349234581 110.84613259136677 120.27275872975588 64.306937210261822 59.858497098088264 53.22727756947279 238.31470090150833 40.021241009235382 108.72473139315844 58.652702905237675 45.893623806536198 24.738279089331627 43.103049449622631
leaf_count=436 115 224 560 665 338 302 228 1269 233 507 301 214 137 231
internal_value=-0.000267326 0.00413643 -0.00606359 -0.00395751 0.00152592 -0.00119247 0.00796565 0.0032395 -0.00677699 0.0101361 -0.00210999 0.00421947 -0.0103182 -0.0113555
internal_weight=1125.7 640.501 485.195 330.999 385.016 170.705 255.486 262.056 160.294 156.365 122.96 99.1209 154.196 129.458
internal_count=5760 3196 2564 1760 2023 862 1173 1384 898 731 639 442 804 667
is_linear=0
shrinkage=0.03


Tree=103
num_leaves=6
num_cat=0
split_feature=5 4 5 3 4
split_gain=3.9813 2.63579 3.5022 2.54394 0.928903
threshold=0.95970244000000016 2.7000000000000002 0.74077770000000009 -0.89999999999999991 2.2000000000000011
decision_type=10 10 10 8 10
left_child=1 2 3 -1 -2
right_child=4 -3 -4 -5 -6
leaf_value=-0.0045120196077942827 -0.012716204347627462 -0.008550243889281179 0.0095842971293744819 0.00091296717743243429 -0.0036918197234965056
leaf_weight=82.190873667597771 18.320270381867886 23.307342298328876 33.616186216473579 718.51475278288126 29.341259568929672
leaf_count=523 121 173 212 4505 226
internal_value=-3.08851e-05 0.000458149 0.000759241 0.000331558 -0.00803864
internal_weight=905.291 857.629 834.322 800.706 47.6615
internal_count=5760 5413 5240 5028 347
is_linear=0
shrinkage=0.03


Tree=104
num_leaves=11
num_cat=0
split_feature=0 0 0 6 5 3 4 0 5 3
split_gain=37.4719 6.28906 5.72627 3.08951 1.90281 1.66319 1.56481 1.52816 1.52037 0.871442
threshold=57.205246042983056 -46.89991175851889 207.4891956177153 -0.029897959999999942 -0.7246810199999999 0.70000000000000018 -1.7 7.3027747942622918 -0.28134710000000002 1.1000000000000003
decision_type=2 2 2 10 8 10 8 2 10 10
left_child=1 8 4 6 -2 -6 -3 -5 9 -1
right_child=2 3 -4 7 5 -7 -8 -9 -10 -11
leaf_value=0.013912225800776185 0.0039078818687921929 -0.0063268109554090336 -0.014070936504156209 0.0078382957072507566 -0.0041415175331049655 -0.010721705400344702 0.0014570295341062869 0.002933956551122482 0.0042765023743109127 0.0063909288829300248
leaf_weight=91.52210059762001 19.79487606883049 24.973031133413315 61.58607242256403 121.54689180850983 345.99062992632389 36.749925017356873 98.683560341596603 121.7658217176795 34.162504196166992 31.94094579666853
leaf_count=386 102 133 428 594 2371 223 562 673 150 138
internal_value=0.000332468 0.00580005 -0.00584347 0.00356286 -0.00442751 -0.00490344 -0.000299741 0.00549242 0.0107388 0.0122909
internal_weight=988.716 524.595 464.122 366.969 402.535 382.741 123.657 243.313 157.626 123.463
internal_count=5760 2636 3124 1962 2696 2594 695 1267 674 524
is_linear=0
shrinkage=0.03


Tree=105
num_leaves=12
num_cat=0
split_feature=5 5 1 2 7 2 7 3 3 3 5
split_gain=17.2102 6.68399 3.1557 2.20542 1.83427 1.48285 1.24118 1.13926 1.07127 0.44654 0.124211
threshold=0.46816260000000004 -0.19120150000000022 -0.20000000000000009 -1.2999999999999996 1.0000000180025095e-35 -0.59999999999999964 1.0000000180025095e-35 0.20000000000000001 -0.20000000000000009 -1.2999999999999996 -0.88889649999999976
decision_type=10 8 10 10 10 8 8 10 10 10 10
left_child=1 3 -2 10 -5 8 -7 9 -3 -4 -1
right_child=2 5 7 4 -6 6 -8 -9 -10 -11 -12
leaf_value=-0.011182643544920441 -0.0024980906831248398 0.0013093592437038398 0.0044870670560460419 -0.0048544596024594645 4.4325106453741418e-05 0.00018222280148485646 0.0037760026495719128 0.0030439616404250918 -0.0061115807248326966 0.0099252320270713998 -0.0059317035856747916
leaf_weight=37.923038423061371 25.625750012695789 25.659968465566635 28.443403251469135 253.58284613490105 93.601311594247818 282.77728468179703 119.95341005176306 39.123869098722935 41.512227408587933 151.41396209597588 29.693301349878311
leaf_count=213 124 132 140 1316 476 1465 612 178 213 750 168
internal_value=9.14793e-05 -0.00186191 0.00705234 -0.00461336 -0.00355186 0.000589901 0.00128581 0.00820077 -0.00338244 0.00920984 -0.00944393
internal_weight=1129.31 884.703 244.607 414.8 347.184 469.903 402.731 218.981 67.1722 179.857 67.6163
internal_count=5787 4595 1192 2173 1792 2422 2077 1068 345 890 381
is_linear=0
shrinkage=0.03


Tree=106
num_leaves=7
num_cat=0
split_feature=6 5 0 4 0 4
split_gain=3.72906 2.78564 2.13721 4.50349 2.96367 0.410205
threshold=1.1791412000000003 0.98392210000000013 1.0000000180025095e-35 -2.7999999999999989 -9.0548593139521909 2.5000000000000009
decision_type=10 10 2 8 2 10
left_child=1 2 4 -4 -1 -3
right_child=-2 5 3 -5 -6 -7
leaf_value=-0.0015509599838270699 0.01010555072146936 -0.011075592877608375 0.012268022655069528 -9.8636010626997663e-05 -0.011741285835670839 -0.0040653471642005043
leaf_weight=185.18957813084126 23.910463571548462 18.195373460650444 22.706467799842358 608.23042680323124 25.271258451044559 25.438426315784454
leaf_count=1094 135 122 136 3955 153 192
internal_value=-0.000502737 -0.000844496 -0.000438308 0.000439378 -0.00301865 -0.00782676
internal_weight=908.942 885.032 841.398 630.937 210.461 43.6338
internal_count=5787 5652 5338 4091 1247 314
is_linear=0
shrinkage=0.03


Tree=107
num_leaves=14
num_cat=0
split_feature=0 0 4 1 3 3 0 1 5 0 4 5 1
split_gain=31.9846 8.8712 3.16568 2.39241 2.75877 1.60999 2.32919 1.26655 1.13581 0.854215 0.983264 0.257405 0.124631
threshold=33.93400192509808 113.71465686896126 0.59999999999999987 -1.0000000180025095e-35 -0.19999999999999982 1.3000000000000005 1.0000000180025095e-35 -0.20000000000000001 -0.4375776999999999 207.4891956177153 -0.79999999999999993 -0.62118839999999986 1.1000000000000003
decision_type=2 2 10 8 10 10 2 10 10 2 10 10 10
left_child=2 3 5 8 -5 6 -1 -4 -2 10 -3 -7 -11
right_child=1 9 7 4 -6 11 -8 -9 -10 12 -12 -13 -14
leaf_value=0.0099158068102860111 0.00027459489793999891 -0.012176618056409716 0.0038135740725700521 -0.0014681614774977501 0.0058726058995573248 -1.3598233071058978e-05 0.0040792873187076558 -0.0048940725627980471 -0.0057782329662820209 -0.014727576218564306 -0.0058386570902214333 0.0041313109971749806 -0.0079840380750703412
leaf_weight=226.95281740278006 38.123350836336613 29.697639442980289 25.766590386629105 131.44276981800795 64.793076768517494 25.857597410678864 98.073566287755966 24.453371822834015 94.7801503688097 28.193232074379921 148.67133871465921 23.105284757912159 31.307615041732788
leaf_count=1021 204 175 134 915 397 122 530 115 582 191 1050 118 233
internal_value=0.000357056 -0.0042895 0.00654539 -0.00106292 0.0010413 0.00748348 0.00824318 -0.000485626 -0.00409498 -0.00864031 -0.00719715 0.00214392 -0.0120733
internal_weight=991.218 567.009 424.209 329.139 196.236 373.989 325.026 50.22 132.904 237.87 178.369 48.9629 59.5008
internal_count=5787 3747 2040 2098 1312 1791 1551 249 786 1649 1225 240 424
is_linear=0
shrinkage=0.03


Tree=108
num_leaves=13
num_cat=0
split_feature=0 0 4 0 6 1 3 4 2 3 2 6
split_gain=26.4487 6.43388 3.3189 3.27607 2.90677 1.97784 1.90172 1.67387 1.0206 0.82146 1.24916 1.10705
threshold=54.448376538409782 146.23824793628663 2.100000000000001 -3.590107527426539 -0.2771209999999999 0.50000000000000022 1.5000000000000002 -0.49999999999999994 0.49999999999999994 -0.49999999999999994 -0.49999999999999983 0.2834891000000001
decision_type=2 2 10 2 8 10 10 10 10 10 10 10
left_child=3 2 5 4 -1 -2 -6 -3 -9 10 -5 -11
right_child=1 7 -4 9 6 -7 -8 8 -10 11 -12 -13
leaf_value=0.0018959203365867278 0.0019309379294440629 0.0011770819786603079 0.009085490484615549 -0.0011213761199254406 -0.0099578247866896896 -0.0028981154309309534 -0.00096246006879148786 0.011842576129006651 0.0067233480415979608 0.00021833732716335891 -0.010527007620867623 -0.0043315466102704691
leaf_weight=22.978569008409977 263.57545175403357 32.545025452971458 41.486047178506851 25.661524578928947 189.23623143881559 101.77341133356094 25.011758148670197 69.835459411144257 137.81302621215582 105.75433568656445 23.083291277289391 82.636582635343075
leaf_count=107 1389 140 218 152 1007 531 141 315 647 546 110 457
internal_value=-6.50905e-05 0.00386813 0.0015334 -0.00541437 -0.00788522 0.000564767 -0.00895358 0.00771073 0.008683 -0.00283079 -0.00614043 -0.00183783
internal_weight=1121.39 647.028 406.835 474.362 237.227 365.349 214.248 240.194 207.648 237.136 48.7448 188.391
internal_count=5760 3240 2138 2520 1255 1920 1148 1102 962 1265 262 1003
is_linear=0
shrinkage=0.03


Tree=109
num_leaves=10
num_cat=0
split_feature=0 4 4 3 2 0 5 0 3
split_gain=2.34063 2.66954 1.98238 1.92164 1.77979 1.45913 0.981867 0.983801 0.187937
threshold=-76.492174434710009 1.9000000000000001 -1.4999999999999996 -0.89999999999999991 -0.20000000000000001 204.64400509356247 0.27509800000000006 217.08954974942961 0.70000000000000018
decision_type=2 10 10 8 10 2 8 2 10
left_child=2 3 8 4 -2 -5 -3 -8 -1
right_child=1 6 -4 5 -6 -7 7 -9 -10
leaf_value=-0.01069750822867443 -0.0078272436927657695 0.0023757412859637707 0.0010531229406791002 0.0022387081964644227 0.00062639280102520887 -0.0046120818479730282 -0.0066280835635676109 0.00019672677032922891 -0.0047004012154083412
leaf_weight=21.671725392341614 31.803173542022705 17.659886710345745 31.70914962887764 606.17480617761612 55.620900563895702 24.758250623941422 65.696550935506821 25.614541932940483 22.84799736738205
leaf_count=121 190 108 172 3872 361 144 483 173 136
internal_value=0.000214203 0.000687438 -0.00464808 0.00135604 -0.00270595 0.00193573 -0.00358623 -0.00480277 -0.00840509
internal_weight=903.557 827.328 76.2289 718.357 87.4241 630.933 108.971 91.3111 44.5197
internal_count=5760 5331 429 4567 551 4016 764 656 257
is_linear=0
shrinkage=0.03


Tree=110
num_leaves=14
num_cat=0
split_feature=0 0 0 0 5 3 5 7 7 7 0 0 0
split_gain=33.9611 5.12749 4.72799 1.87119 3.30216 2.59373 1.75487 2.63392 1.68297 2.37589 0.733438 0.341798 0.294262
threshold=55.920790173950884 -76.492174434710009 146.23824793628663 4.5962107424408041 -0.24386939999999999 0.20000000000000001 -0.16629639999999998 1.0000000180025095e-35 -1.0000000180025095e-35 1.0000000180025095e-35 127.9801609356074 207.4891956177153 164.48203777566565
decision_type=2 2 2 2 8 10 10 10 8 10 2 2 2
left_child=1 8 6 5 -5 -3 7 -2 -1 -10 -8 12 -4
right_child=2 3 11 4 -6 -7 10 -9 9 -11 -12 -13 -14
leaf_value=0.0040231034617734078 0.0019917939183917389 0.009684654738841612 -0.010721972845253998 0.0056303883888875776 -0.0018732059633222537 0.0027182802423502779 -0.0061502907336749933 -0.0078170462347090588 0.017532450426718589 0.005528800386200892 -0.0010921926513589625 -0.012597764197244832 -0.0058538409552835197
leaf_weight=29.689473055303097 85.628318816423416 79.370920047163963 33.567256957292557 90.462961003184319 114.04766646772623 125.47814851999283 169.15466259419918 28.884112074971199 44.598352439701557 30.341135896742344 33.156222298741341 60.16632991284132 60.000145584344864
leaf_count=121 555 378 240 489 675 597 1133 182 183 125 220 428 434
internal_value=-0.000122579 0.00518471 -0.00591328 0.00358691 0.00150108 0.00558392 -0.00371986 -0.000705874 0.0109874 0.0133223 -0.00536767 -0.0101741 -0.00805558
internal_weight=984.546 513.989 470.557 409.36 204.511 204.849 316.823 114.512 104.629 74.9395 202.311 153.734 93.5674
internal_count=5760 2568 3192 2139 1164 975 2090 737 429 308 1353 1102 674
is_linear=0
shrinkage=0.03


Tree=111
num_leaves=14
num_cat=0
split_feature=5 3 4 5 3 4 3 6 1 7 3 3 1
split_gain=14.121 3.97975 3.8501 3.17629 2.07563 1.8544 1.80711 1.72036 1.69639 1.12469 1.06744 0.903069 0.675529
threshold=-0.015349799999999801 0.90000000000000036 1.9000000000000001 -0.60219229999999968 -0.39999999999999997 -1.1999999999999993 -0.29999999999999999 0.12028509999999994 0.70000000000000018 -1.0000000180025095e-35 1.3000000000000005 1.0000000180025095e-35 1.1000000000000003
decision_type=10 10 10 8 10 8 10 10 10 10 10 10 10
left_child=1 3 4 6 8 -5 -1 12 -2 -3 -11 -6 -4
right_child=2 9 7 5 11 -7 -8 -9 -10 10 -12 -13 -14
leaf_value=0.0001032289082952582 0.0076627327116139043 -0.002672623422464865 0.011347626101730677 0.0027173695831571578 -0.0021804631537604112 -0.0020423000149864087 -0.0078658826302449546 0.0012753911543614989 0.0013428892254663983 -0.014025975395751712 -0.005598022563905538 0.001455495879175304 0.0056759975310430597
leaf_weight=33.391740821301937 70.484603509306908 25.993044279515743 61.099833659827709 100.30608701705933 97.733550161123276 241.17232731729746 103.10728765279055 34.990768775343895 82.737292438745499 37.689028583467007 35.838229671120644 148.09622178226709 53.727786011993885
leaf_count=167 337 145 308 512 468 1307 564 161 398 213 205 729 279
internal_value=-0.000127029 -0.00338748 0.00330309 -0.00220093 0.00172024 -0.000625153 -0.00598164 0.00732742 0.0044004 -0.00870837 -0.0105361 -4.68764e-06 0.00904145
internal_weight=1126.37 577.498 548.87 477.977 399.052 341.478 136.499 149.818 153.222 99.5203 73.5273 245.83 114.828
internal_count=5793 3113 2680 2550 1932 1819 731 748 735 563 418 1197 587
is_linear=0
shrinkage=0.03


Tree=112
num_leaves=8
num_cat=0
split_feature=6 0 0 7 7 6 0
split_gain=2.57747 1.74274 2.68859 1.97571 1.67443 1.16988 0.865637
threshold=1.0561405000000001 -30.377474877829396 124.11168062257595 -1.0000000180025095e-35 1.0000000180025095e-35 0.67922660000000001 -52.721032803983796
decision_type=10 2 2 10 10 8 2
left_child=1 5 3 -3 -4 6 -1
right_child=-2 2 4 -5 -6 -7 -8
leaf_value=0.00066858646142748193 0.0075554205249731173 -0.0011940798944286503 -0.0037629329892951394 0.0029315292622481572 0.0018048215678506563 -0.007771083353443088 -0.005001801318712213
leaf_weight=66.841132938861847 38.476865753531456 140.41162427514791 155.52896238863468 378.40847504884005 66.166531778872013 30.448642082512379 32.157487235963345
leaf_count=380 222 940 1016 2436 420 187 192
internal_value=0.000426862 7.02047e-05 0.000636772 0.00181425 -0.00209804 -0.00307404 -0.00132523
internal_weight=908.44 869.963 740.516 518.82 221.695 129.447 98.9986
internal_count=5793 5571 4812 3376 1436 759 572
is_linear=0
shrinkage=0.03


Tree=113
num_leaves=12
num_cat=0
split_feature=0 0 0 6 6 6 6 1 2 5 5
split_gain=25.5538 7.57354 2.75731 1.96148 1.75376 1.73411 1.62156 1.46054 0.854734 1.44451 0.792679
threshold=30.524672782090537 146.23824793628663 -103.14537568836055 -0.47186619999999996 0.26209210000000027 -0.13987180000000018 -0.80451119999999965 -1.0000000180025095e-35 0.59999999999999998 0.63875660000000012 -0.14527509999999991
decision_type=2 2 2 8 8 10 10 10 10 10 8
left_child=2 4 -1 -4 6 -5 -2 -6 10 -10 -3
right_child=1 8 3 5 7 -7 -8 -9 9 -11 -12
leaf_value=0.011063280515638011 0.0024279795442499834 -0.0050285537217479069 -0.0033707084208227539 0.010122466053341869 -0.0015914677754768304 0.0038777460717346595 -0.0043890091387918957 0.004559652605412275 -0.0019803895909008677 -0.010217809468421098 -0.014645034196652152
leaf_weight=63.375387825071812 32.614658996462822 17.250149145722389 24.499212555587292 45.893290445208549 100.78584268689156 275.12049103528261 248.31081597507 46.786171466112137 34.344063512980938 48.58680023252964 50.622559644281864
leaf_count=254 213 103 114 229 680 1347 1586 279 245 381 362
internal_value=-0.000247884 -0.00428652 0.0054566 0.00428506 -0.00219767 0.00491207 -0.00356896 0.000444198 -0.00996085 -0.00711305 -0.0127137
internal_weight=988.189 579.301 408.888 345.513 428.497 321.014 280.925 147.572 150.804 82.9309 67.8727
internal_count=5793 3849 1944 1690 2758 1576 1799 959 1091 626 465
is_linear=0
shrinkage=0.03


Tree=114
num_leaves=13
num_cat=0
split_feature=0 0 0 5 3 1 5 2 2 5 3 3
split_gain=28.3557 6.06073 4.5718 3.41488 3.23349 2.67466 2.03996 1.14252 1.81544 0.760875 0.558187 0.527948
threshold=76.478896705409298 -46.89991175851889 201.36888414011381 -0.40419586999999996 0.90000000000000036 0.50000000000000022 -0.082800400000000093 0.59999999999999998 1.1000000000000003 -0.8571783999999999 0.59999999999999998 1.1000000000000003
decision_type=2 2 2 8 10 10 10 10 10 8 8 10
left_child=1 9 3 -2 6 -5 -3 -4 -9 10 -1 -6
right_child=2 4 7 5 11 -7 -8 8 -10 -11 -12 -13
leaf_value=-0.0020985854367144472 -0.0042237296981862439 -0.003652739163949184 0.014984781978488728 0.0066148252839742308 -0.012596931167011299 0.0015045591372853746 0.00068775211934536998 0.0010438946558714828 0.010834650017838452 -0.012250802923715864 -0.0090646186817246316 -0.0058766304065216287
leaf_weight=22.962582491338253 43.061729997396469 229.66950155049562 34.532887309789658 205.0559239089489 22.073911726474762 170.92269546538591 164.31940696388483 28.172682300209999 43.185213267803192 80.599919319152832 22.386732168495655 50.60876802355051
leaf_count=115 207 1302 154 1008 123 885 815 118 197 431 126 301
internal_value=-0.000146022 -0.0046253 0.00490679 0.00342224 -0.00298635 0.0043419 -0.00185653 0.0103624 0.00729065 -0.0103521 -0.00609605 -0.00859703
internal_weight=1117.55 592.621 524.931 419.04 466.672 375.979 393.989 105.891 71.3579 125.949 45.3493 72.6827
internal_count=5782 3213 2569 2100 2541 1893 2117 469 315 672 241 424
is_linear=0
shrinkage=0.03


Tree=115
num_leaves=9
num_cat=0
split_feature=3 2 2 3 2 5 4 3
split_gain=1.51344 2.08583 3.46586 1.84814 1.49559 1.59355 1.49258 1.0547
threshold=-0.89999999999999991 -0.20000000000000001 0.20000000000000001 -1.2999999999999996 1.3000000000000005 -1.2763772599999998 -2.899999999999999 -1.0000000180025095e-35
decision_type=10 8 8 10 10 10 10 10
left_child=1 -1 -3 -4 5 -2 -7 -6
right_child=4 2 3 -5 7 6 -8 -9
leaf_value=-0.0089458921480973039 -0.0056463809396533312 0.0080606932355799261 -0.00039282250108811195 -0.0095175125177155932 0.00027937093145109429 0.0068434943458326822 0.00096470393661067739 -0.0083926390247314932
leaf_weight=30.725937023758888 25.954245522618294 26.172941759228706 58.333552718162537 25.750641383230686 23.276344031095505 36.588974244892597 654.11400892585516 21.792180672287941
leaf_count=186 167 167 495 185 169 212 4052 149
internal_value=0.000157378 -0.00264327 -0.000575001 -0.00356459 0.000689591 0.00103329 0.00132307 -0.00433321
internal_weight=902.709 140.983 110.257 84.0842 761.726 716.657 690.703 45.0685
internal_count=5782 1033 847 680 4749 4431 4264 318
is_linear=0
shrinkage=0.03


Tree=116
num_leaves=13
num_cat=0
split_feature=0 0 0 5 3 7 1 5 5 2 0 1
split_gain=28.4152 6.95484 4.55094 2.86394 1.85514 1.28337 1.18714 1.58097 1.06306 0.578316 0.567091 0.79084
threshold=76.478896705409298 -46.89991175851889 146.23824793628663 -0.83232685999999989 0.80000000000000027 -1.0000000180025095e-35 -0.90000000000000002 -0.31333139999999982 -0.8077331999999996 -0.89999999999999991 217.08954974942961 1.3000000000000005
decision_type=2 2 2 8 8 8 10 10 8 10 2 10
left_child=1 5 6 9 -5 -1 -2 -8 -7 -3 11 -4
right_child=2 3 10 4 -6 8 7 -9 -10 -11 -12 -13
leaf_value=0.0042872824315168812 -0.0096936836602392919 0.0041388545090220276 -0.0095926146735328521 4.4667885283540835e-05 0.004883582919928491 0.0066034192106593928 0.0026692619048075288 -0.0039679860094622337 0.013722623374028371 0.01154207373105976 -0.01367310285977315 -0.0023207971884887805
leaf_weight=44.027864038944244 21.365103669464588 26.962348818778992 80.330171920359135 312.17619889229536 87.450169146060944 49.336543589830399 36.191468641161919 164.20319198071957 64.012317456305027 24.672816015779972 49.15957996994257 20.555786442011595
leaf_count=188 151 150 568 1702 562 204 205 1114 280 127 356 175
internal_value=2.13746e-05 0.00400311 -0.00646328 0.00206116 0.00115083 0.00933652 -0.00360302 -0.00273349 0.0110338 0.00838301 -0.0104381 -0.00829052
internal_weight=980.444 608.638 371.805 451.262 399.626 157.377 221.76 200.395 113.349 51.6352 150.046 100.886
internal_count=5782 3213 2569 2541 2264 672 1470 1319 484 277 1099 743
is_linear=0
shrinkage=0.03


Tree=117
num_leaves=13
num_cat=0
split_feature=0 0 0 3 0 3 3 3 1 1 7 2
split_gain=23.9544 5.29163 5.24907 3.17328 2.63363 2.36709 2.03499 2.12954 1.56277 1.24201 1.20774 0.746394
threshold=65.58766876492065 -69.73250797128911 156.06264634812376 0.80000000000000027 23.204132987012034 -0.29999999999999999 0.19999999999999987 -0.79999999999999993 -0.20000000000000001 -0.69999999999999973 1.0000000180025095e-35 0.90000000000000036
decision_type=2 2 2 8 2 10 8 10 8 10 10 10
left_child=1 -1 6 4 -3 10 7 -2 -8 -5 -4 -7
right_child=2 3 5 9 -6 11 8 -9 -10 -11 -12 -13
leaf_value=-0.011293414380429759 0.0037853959056807192 -0.0042829804121272434 0.012313825928506295 -0.0053344486448207986 0.00088117160302785306 0.00071146167030040441 0.0085338088359414952 -0.0020550408114341084 0.0021034847536272779 -0.013333020556943081 0.0050032686476411065 0.0064972539748084255
leaf_weight=86.424582779407501 84.755105674266815 185.24583965539932 88.360258623957634 77.579203426837921 164.12181457132101 44.538318961858749 52.611170761287212 145.25308822840452 94.601353250443935 25.052546419203281 39.16367232054472 33.74231231957674
leaf_count=460 430 968 415 503 833 187 254 731 513 133 182 163
internal_value=-0.000132995 -0.00467314 0.00406391 -0.0032976 -0.00187882 0.00786296 0.00191548 0.000131835 0.00460641 -0.00781559 0.0103422 0.00344574
internal_weight=1121.45 538.424 583.025 451.999 349.368 205.805 377.221 230.008 147.213 102.632 127.524 78.2806
internal_count=5772 2897 2875 2437 1801 947 1928 1161 767 636 597 350
is_linear=0
shrinkage=0.03


Tree=118
num_leaves=8
num_cat=0
split_feature=6 4 6 6 6 3 4
split_gain=2.31728 1.99223 2.69411 2.02974 1.87828 1.59787 0.867514
threshold=1.1791412000000003 1.9000000000000001 0.57033750000000005 -0.40959499999999976 0.26816999999999974 0.90000000000000036 2.2000000000000011
decision_type=10 10 10 8 10 10 10
left_child=1 2 3 -1 6 -4 -3
right_child=-2 4 5 -5 -6 -7 -8
leaf_value=-0.0014130095725523727 0.0083724198367400825 -0.009595814125815812 -0.0058905907059794167 0.0025095760253940908 0.0040272692315441415 0.00083226052811327992 -0.0029702566291333393
leaf_weight=151.87273473292589 28.020916700363159 25.805556066334248 72.360670991241932 497.25954959541559 20.252058699727058 52.171972177922726 60.091025568544865
leaf_count=934 155 177 443 3146 123 330 464
internal_value=0.000569543 0.000275124 0.000809948 0.00158805 -0.00348402 -0.0031507 -0.0053791
internal_weight=907.834 879.814 773.665 649.132 106.149 124.533 85.8966
internal_count=5772 5617 4853 4080 764 773 641
is_linear=0
shrinkage=0.03


Tree=119
num_leaves=15
num_cat=0
split_feature=5 3 5 5 2 3 5 2 5 2 1 4 4 5
split_gain=12.2949 4.32275 3.83303 2.34248 1.88807 1.93211 1.31531 1.29054 1.01734 0.823077 0.637486 0.356184 0.272938 0.0649412
threshold=-0.13886782000000006 -0.39999999999999997 0.46816260000000004 -0.089308800000000396 -1.0999999999999994 0.20000000000000015 -0.50491829999999982 1.1000000000000003 -0.29300739999999992 -0.69999999999999973 0.20000000000000015 0.80000000000000004 0.80000000000000004 -0.63776779999999988
decision_type=10 10 10 10 10 10 10 10 10 8 10 10 8 10
left_child=1 6 3 -2 13 -6 9 -5 -8 -1 12 -12 -4 -3
right_child=2 4 10 7 5 -7 8 -9 -10 -11 11 -13 -14 -15
leaf_value=0.0049467295339823778 -0.0091593922377763842 0.0087484628181760116 -0.00071691077020342314 -0.0014673309311959487 0.0064425546541080417 0.0012168845856921162 -0.0090596674249305391 0.0055683039412875914 -0.00062695163793117983 -0.0014585980014631256 -0.012330825445238804 -0.006958203598801416 -0.0054242962244409627 0.004650540645764467
leaf_weight=21.950691938400269 29.607956573367119 74.697035923600197 18.159475266933441 270.66257654130459 96.747786998748779 178.44655054807663 25.705328807234764 20.73951730132103 23.546512611210346 50.196304269134998 26.349423542618752 89.315625444054604 32.530581250786781 24.75352069735527
leaf_count=106 173 356 115 1634 495 873 139 131 149 384 183 691 214 129
internal_value=-0.000374426 0.00293602 -0.00373942 -0.00177341 0.00451566 0.00313621 -0.00192461 -0.00088111 -0.00545746 0.000684519 -0.00737073 -0.00864237 -0.00395367 0.00799992
internal_weight=983.409 496.044 487.365 321.01 374.645 275.194 121.399 291.402 49.2518 72.147 166.355 115.665 50.6901 99.4506
internal_count=5772 2631 3141 1938 1853 1368 778 1765 288 490 1203 874 329 485
is_linear=0
shrinkage=0.03


Tree=120
num_leaves=13
num_cat=0
split_feature=0 0 0 3 6 6 6 3 0 5 5 1
split_gain=30.297 8.36269 3.39133 2.38094 2.20614 2.7358 1.71482 1.36176 1.21838 1.19276 0.906771 0.657074
threshold=79.341337176314383 -45.002345871562959 141.43539277154596 0.70000000000000018 0.62547940000000024 0.44137680000000007 0.39622139999999989 1.3000000000000005 36.220430428302855 -0.028719300000000222 -0.95888639999999992 0.90000000000000036
decision_type=2 2 2 8 8 10 10 10 2 10 8 10
left_child=1 7 3 6 5 -3 -2 10 -6 -4 -1 -11
right_child=2 4 9 -5 8 -7 -8 -9 -10 11 -12 -13
leaf_value=-0.0061966741686164915 0.0026305751758546906 -0.0023346478662018811 0.0029859731681479581 0.0094259463447284378 -0.0086406265657657678 0.0049263010081312796 -0.0049245895061141584 -0.0036526805634387385 -0.0022325971979170692 0.010893077270832236 -0.014107456731267147 0.0066870272730111032
leaf_weight=29.866133160889149 190.94685710221529 325.49859952926636 44.702789016067982 37.675387434661388 64.311679676175117 49.610082790255547 26.66699057072401 25.399749182164669 50.891810089349747 96.97197500616312 78.79830876737833 114.15341618657112
leaf_count=162 960 1687 195 190 365 269 132 139 355 447 412 548
internal_value=7.20879e-05 -0.00434641 0.0054595 0.0029266 -0.00247572 -0.00132218 0.00161493 -0.0108531 -0.00602046 0.00788251 -0.0123014 0.00882622
internal_weight=1135.49 624.376 511.117 255.289 490.312 375.109 217.614 134.064 115.203 255.828 108.664 211.125
internal_count=5861 3389 2472 1282 2676 1956 1092 713 720 1190 574 995
is_linear=0
shrinkage=0.03


Tree=121
num_leaves=11
num_cat=0
split_feature=4 3 6 0 4 6 2 2 5 0
split_gain=3.46467 2.05092 2.59856 2.73381 1.50225 1.45275 1.41161 2.84066 0.417455 0.303874
threshold=1.9000000000000001 0.70000000000000018 0.27473200000000003 201.36888414011381 -1.0999999999999996 0.26816999999999974 -1.0999999999999994 -0.20000000000000009 0.36795360000000016 173.24117562164136
decision_type=10 10 10 2 10 10 10 10 10 2
left_child=1 2 3 -1 -4 8 -3 -8 -2 -10
right_child=5 6 4 -5 -6 -7 7 -9 9 -11
leaf_value=0.0019026249008686359 -0.001385918690614851 -0.001323642417474398 -0.0064478640370967 -0.0062216068915542906 -0.00055631967526068135 0.002083747046302042 0.0096589406212368167 0.0011316234443569234 -0.0090847061473218922 -0.0041443030887176498
leaf_weight=442.08509970456362 16.72515344619751 36.807949177920818 65.631328523159027 35.804585039615631 89.181982487440109 21.329857215285301 61.564569495618343 77.751254752278328 38.008599292486906 35.764597095549107
leaf_count=2849 107 227 402 218 536 130 385 448 296 263
internal_value=0.000254188 0.000946389 0.000139483 0.00123582 -0.00317756 -0.00457857 0.00376123 0.00510399 -0.00617572 -0.00710472
internal_weight=920.655 808.827 632.703 477.89 154.813 111.828 176.124 139.316 90.4983 73.7732
internal_count=5861 5065 4005 3067 938 796 1060 833 666 559
is_linear=0
shrinkage=0.03


Tree=122
num_leaves=14
num_cat=0
split_feature=0 0 0 4 6 5 5 4 0 5 7 4 4
split_gain=26.7735 7.29198 2.80359 3.10465 2.44906 2.11989 2.02663 0.999823 0.942002 0.821282 1.06733 0.464427 1.08862
threshold=26.532211263730918 113.71465686896126 -46.89991175851889 -1.0000000180025095e-35 0.35426830000000026 -0.58010729999999999 -0.18518599999999988 1.7000000000000006 74.14240885465405 -0.28134710000000002 1.0000000180025095e-35 -0.99999999999999978 0.29999999999999988
decision_type=2 2 2 10 10 10 8 10 2 10 10 10 10
left_child=2 5 9 6 -5 8 -4 -7 -2 10 -1 -3 -13
right_child=1 11 3 4 -6 7 -8 -9 -10 -11 -12 12 -14
leaf_value=0.011516953958541893 0.0048599082544143772 -0.012512327732061849 0.0033479000881009744 -0.0058973984620973446 0.0047634670869864835 -0.003527796340191046 0.010704835842052967 0.0015237568331907027 -0.0019129008216368286 0.0039055012115310774 0.0045266409437027455 -0.0031495265141162358 -0.0087432795761761741
leaf_weight=89.976427108049393 51.318720951676369 31.019897982478142 126.347073122859 44.074492052197456 27.418458335101604 242.38783691823483 45.468235805630684 38.230084106326103 24.208126097917557 37.58969485014677 36.76158768683672 48.521262302994728 155.51564002037048
leaf_count=380 362 187 637 216 132 1492 236 250 164 163 151 321 1170
internal_value=-0.000316292 -0.0043806 0.0055599 0.00340304 -0.00176471 -0.00163101 0.00554246 -0.00282497 0.00270508 0.00855863 0.00973811 -0.00842589 -0.0075202
internal_weight=998.838 591.202 407.636 243.308 71.493 356.145 171.815 280.618 75.5268 164.328 126.738 235.057 204.037
internal_count=5861 3946 1915 1221 348 2268 873 1742 526 694 531 1678 1491
is_linear=0
shrinkage=0.03


Tree=123
num_leaves=12
num_cat=0
split_feature=0 0 0 5 5 6 7 7 1 0 5
split_gain=22.5012 6.02543 3.17969 2.37996 2.17301 2.26897 2.08557 1.84182 1.72085 0.661248 0.215747
threshold=79.341337176314383 -45.002345871562959 204.64400509356247 -0.56830179999999997 -0.60219229999999968 0.051665199999999974 1.0000000180025095e-35 1.0000000180025095e-35 0.50000000000000022 20.485759651675156 -0.8571783999999999
decision_type=2 2 2 8 8 8 10 10 10 2 8
left_child=1 7 3 -2 9 -6 -4 10 -5 -3 -1
right_child=2 4 6 8 5 -7 -8 -9 -10 -11 -12
leaf_value=-0.0069813926668074611 -0.0048562734725496066 -0.0035389904093084856 0.011929054254216507 0.0058640600757341021 0.0014212276657121483 -0.0031482898539924157 0.0021786907664312666 -0.0030395717269227178 0.0017753515158032878 -0.0091221034530096518 -0.013039596748603022
leaf_weight=28.96207607537508 24.920626096427441 53.849209509789944 73.293984122574329 208.02633897215128 168.66621803492308 220.58543132245541 29.871626660227776 35.196865379810333 174.69727002084255 38.405897684395313 63.764022670686245
leaf_count=159 115 322 323 1003 854 1243 139 189 897 210 336
internal_value=9.71545e-05 -0.00378163 0.0047166 0.0034483 -0.00219444 -0.00117536 0.00933705 -0.00944862 0.0040447 -0.00621273 -0.0116014
internal_weight=1120.24 609.43 510.81 407.644 481.507 389.252 103.166 127.923 382.724 92.2551 92.7261
internal_count=5790 3313 2477 2015 2629 2097 462 684 1900 532 495
is_linear=0
shrinkage=0.03


Tree=124
num_leaves=6
num_cat=0
split_feature=5 5 6 4 4
split_gain=2.49235 1.75403 1.86736 1.31218 0.676952
threshold=0.98392210000000013 -1.2763772599999998 1.1791412000000003 2.7000000000000002 2.2000000000000011
decision_type=10 8 10 10 10
left_child=1 -1 3 -3 -2
right_child=4 2 -4 -5 -6
leaf_value=-0.0063985429852751559 -0.010878067037920908 0.00051706337287911854 0.0081514386199137995 -0.0057590169174039927 -0.0028734904443349515
leaf_weight=29.070936761796474 16.409202586859465 787.61132406443357 23.088976413011551 26.171383768320084 26.425290770828724
leaf_count=181 109 4971 124 193 212
internal_value=-8.96455e-05 0.000277027 0.000545546 0.000281288 -0.00675644
internal_weight=908.777 865.943 836.872 813.783 42.8345
internal_count=5790 5469 5288 5164 321
is_linear=0
shrinkage=0.03


Tree=125
num_leaves=11
num_cat=0
split_feature=0 5 0 4 4 0 3 6 1 5
split_gain=24.4532 5.94383 4.10855 2.56383 3.25219 2.39916 1.74416 1.02036 1.14644 0.486941
threshold=79.341337176314383 -0.58010729999999999 207.4891956177153 -1.8999999999999999 -1.5999999999999999 -103.14537568836055 1.1000000000000003 0.48493010000000009 0.70000000000000018 0.95970244000000016
decision_type=2 8 2 8 8 2 10 10 10 10
left_child=1 5 7 -3 -5 -1 -7 8 -2 -4
right_child=2 3 9 4 -6 6 -8 -9 -10 -11
leaf_value=0.013844681888403342 -0.0066762521813355713 -0.005114205266913056 -0.015162481295656538 0.012348350240354836 0.0015130927721524912 0.0071677148148689843 -0.00076397804515825757 0.00033388354923525422 -0.0023512950544736125 -0.0059081980644642689
leaf_weight=42.792563438415527 175.08757937699556 42.534631930291653 42.461610354483128 21.998228013515472 362.44290652871132 127.63858761638403 29.618621796369553 32.113665521144867 90.615578252822161 16.195769496262074
leaf_count=172 1161 222 316 118 2026 625 150 186 688 126
internal_value=-2.77249e-05 0.00353182 -0.00625108 0.00149605 0.00228368 0.00773442 0.00569631 -0.00467193 -0.00527194 -0.0132721
internal_weight=983.5 627.026 356.474 426.976 384.441 200.05 157.257 297.817 265.703 58.6574
internal_count=5790 3313 2477 2366 2144 947 775 2035 1849 442
is_linear=0
shrinkage=0.03


Tree=126
num_leaves=13
num_cat=0
split_feature=6 4 4 3 2 3 4 4 2 3 6 6
split_gain=9.6773 5.08725 3.72347 3.64866 2.28107 1.69403 1.65062 1.47183 1.07124 0.970671 0.864888 0.324237
threshold=-0.27129719999999996 0.80000000000000004 2.5000000000000009 0.90000000000000036 -1.0999999999999994 0.59999999999999998 -0.6000000000000002 -1.8 0.49999999999999994 -0.79999999999999993 0.43009060000000005 0.85143564999999999
decision_type=8 8 10 10 10 8 10 8 10 10 8 10
left_child=2 3 6 4 -2 8 7 -1 -3 -8 -7 -5
right_child=1 5 -4 11 -6 10 9 -9 -10 -11 -12 -13
leaf_value=0.0048263045204845261 -0.0070948020817742678 0.0065393777372625304 0.011947379849559774 -0.0097494109427240742 -0.0012772401008438598 -0.0057226408722411363 0.0065217939993324116 -0.0032314091211365433 0.0013580280453824435 0.0023042901145053007 0.00044435957782355709 -0.0050200359984467809
leaf_weight=24.861719556152821 68.34520360827446 60.80890654027462 42.319511353969574 69.22937697917223 371.97115582972765 24.990360766649246 88.162201434373856 59.791701406240463 86.629127629101276 122.92247958481312 62.450109362602234 39.65289181470871
leaf_count=122 392 290 224 399 1883 124 443 288 413 600 407 237
internal_value=-0.000118991 -0.0019473 0.0040881 -0.00351806 -0.00224975 0.00172226 0.00278351 -0.000727766 0.00363941 0.00417593 -0.00153236 -0.00832309
internal_weight=1122.13 784.077 338.058 549.199 440.316 234.879 295.738 84.6534 147.438 211.085 87.4405 108.882
internal_count=5822 4145 1677 2911 2275 1234 1453 410 703 1043 531 636
is_linear=0
shrinkage=0.03


Tree=127
num_leaves=12
num_cat=0
split_feature=3 0 0 3 3 6 6 6 0 6 1
split_gain=1.97311 1.88121 1.74052 1.80605 3.10497 1.93149 0.877148 0.851481 0.875023 0.642756 0.12381
threshold=0.70000000000000018 -63.910244786584705 -19.00078633085479 -1.0999999999999994 -1.2999999999999996 0.57033750000000005 0.0046286000000004277 0.1002645000000001 24.285044168920312 0.24571899999999988 -1.4999999999999998
decision_type=10 2 2 8 10 10 10 10 2 10 10
left_child=2 10 6 4 -4 -5 -1 -3 -9 -8 -2
right_child=1 7 3 5 -6 -7 9 8 -10 -11 -12
leaf_value=-0.0075491386782808945 -0.0036742913758241423 5.5326904138190913e-06 0.00072768910404619159 0.0014044339050968788 -0.01154774903007872 -0.0046663522341501484 0.0023935336980542643 0.0029621018007915064 0.008547008893577698 -0.0034603196412583983 -0.00044683311959141148
leaf_weight=33.214026607573032 20.804166875779629 27.684030137956142 46.592085987329483 507.34576348215342 25.219559036195278 47.068706929683685 20.266407124698162 59.220674201846123 53.158809475600719 49.721385389566422 20.965740561485291
leaf_count=187 126 163 310 3349 170 284 113 379 323 298 120
internal_value=0.000358935 0.00311014 -0.000343397 0.000261649 -0.0040544 0.000851935 -0.00385724 0.00473925 0.00585547 -0.00171865 -0.00227527
internal_weight=911.261 181.833 729.428 626.226 71.8116 554.414 103.202 140.064 112.379 69.9878 41.7699
internal_count=5822 1111 4711 4113 480 3633 598 865 702 411 246
is_linear=0
shrinkage=0.03


Tree=128
num_leaves=14
num_cat=0
split_feature=0 0 0 4 4 7 2 2 1 7 0 3 3
split_gain=26.9731 4.61268 4.25663 2.15319 1.70613 2.18194 1.51001 1.14959 1.10055 0.906708 0.773831 1.05813 0.529982
threshold=68.596109686953255 18.827462611071045 146.23824793628663 0.80000000000000004 0.40000000000000019 1.0000000180025095e-35 -1.0999999999999994 -0.20000000000000001 -1.0000000180025095e-35 1.0000000180025095e-35 217.08954974942961 0.19999999999999987 -0.49999999999999994
decision_type=2 2 2 10 8 10 10 8 10 10 2 10 10
left_child=1 3 4 7 5 -2 12 -1 -8 -6 11 -4 -3
right_child=2 6 10 -5 9 -7 8 -9 -10 -11 -12 -13 -14
leaf_value=0.0053422427522272628 0.0011096702586116342 0.0015268318560927444 -0.0095066169733320181 -0.0013952115022214696 -0.0077110273483169262 -0.0068587861866463099 -0.0028916480368497586 0.009558634594078198 0.0016853941042013351 -0.0013561795815267468 -0.013695971058831793 -0.0018570810069224509 0.0086649607083480722
leaf_weight=239.54612945020199 98.685522668063641 20.258596658706665 76.408839702606201 31.088985778391361 87.833127915859222 39.343438252806664 94.980945505201817 93.9959532096982 85.15950632840395 28.954476527869701 47.461940057575703 23.874351598322392 17.911409556865692
leaf_count=1123 602 173 595 147 639 239 559 427 490 211 355 164 98
internal_value=-0.000196626 0.00391582 -0.00612676 0.00595821 -0.00366017 -0.00132201 0.000447524 0.00665409 -0.000740818 -0.00625587 -0.0101218 -0.00786018 0.00549206
internal_weight=985.503 582.942 402.562 364.631 254.817 138.029 218.31 333.542 180.14 116.788 147.745 100.283 38.17
internal_count=5822 3017 2805 1697 1691 841 1320 1550 1049 850 1114 759 271
is_linear=0
shrinkage=0.03


Tree=129
num_leaves=12
num_cat=0
split_feature=0 5 0 1 0 6 5 6 5 0 1
split_gain=19.4629 3.62631 3.41474 2.6961 3.80022 1.31382 1.69281 1.5713 1.23896 0.569484 0.458431
threshold=94.614771960383351 -0.40419586999999996 -55.179418488355843 0.50000000000000022 168.0944430526977 -0.40141734000000007 -1.0655117999999997 -0.78796480000000024 0.018461600000000026 -116.44825007957193 -1.2999999999999996
decision_type=2 8 2 10 2 8 8 10 8 2 8
left_child=2 -2 9 8 -5 7 -7 -4 -3 -1 -11
right_child=1 3 5 4 -6 6 -8 -9 -10 10 -12
leaf_value=-0.011180124414888772 -0.0043192010536556961 0.004306155033306021 -0.0042440694374921029 -0.00045645700156758304 0.0072653336433872763 -0.0097626345834448437 -0.002163732662151968 0.0038770859498096395 0.010472742619472992 -0.0016896945940911476 -0.0071797943032537786
leaf_weight=34.003117352724075 30.07072176784277 52.271809741854668 27.021169930696487 107.02147620916367 117.24326872080564 23.655661441385746 456.27120026946068 61.0105160176754 118.63090565055609 23.593969292938709 47.959153853356838
leaf_count=178 139 230 129 550 563 152 2517 300 568 148 252
internal_value=0.000185276 0.00517598 -0.00298063 0.00594346 0.00365082 -0.00202073 -0.00263508 0.00129019 0.00876266 -0.00782055 -0.00559809
internal_weight=1098.75 425.238 673.515 395.167 224.265 567.959 479.927 88.0317 170.903 105.556 71.5531
internal_count=5726 2050 3676 1911 1113 3098 2669 429 798 578 400
is_linear=0
shrinkage=0.03


Tree=130
num_leaves=9
num_cat=0
split_feature=6 6 4 6 3 3 7 4
split_gain=2.0424 2.39888 1.88666 1.67685 1.67115 1.05328 1.22646 0.588379
threshold=1.1791412000000003 0.43009060000000005 1.9000000000000001 -0.57771879999999987 -0.89999999999999991 0.90000000000000036 -1.0000000180025095e-35 -0.19999999999999993
decision_type=10 8 10 10 10 10 10 10
left_child=1 2 4 -4 -1 6 -3 -7
right_child=-2 5 3 -5 -6 7 -8 -9
leaf_value=-0.0022325357445494606 0.0079199464720286356 -0.0076163316442914297 -0.0081492943168147772 4.4699159611770824e-06 0.0022966613150300764 -0.0013614677129225837 -0.0020109814698062063 0.0042519030923645227
leaf_weight=82.821093641221523 25.088112957775593 49.5847532376647 30.35110567137599 63.41301728785038 462.51861510425806 45.206294484436512 114.39568050205708 20.366210430860519
leaf_count=534 139 357 235 454 2842 290 758 117
internal_value=0.000235713 -3.02753e-05 0.000915827 -0.00291382 0.00159478 -0.00262771 -0.00388115 0.000559714
internal_weight=893.745 868.657 639.104 93.7641 545.34 229.553 163.98 65.5725
internal_count=5726 5587 4065 689 3376 1522 1115 407
is_linear=0
shrinkage=0.03


Tree=131
num_leaves=9
num_cat=0
split_feature=0 0 0 6 5 6 7 5
split_gain=22.8806 4.78492 3.75978 2.35602 2.06916 1.05633 1.15499 1.02998
threshold=68.596109686953255 -122.17572730190214 212.95376115403556 -0.27129719999999996 -0.24889590000000025 0.56159238999999983 1.0000000180025095e-35 -0.34154619999999997
decision_type=2 2 2 8 10 10 8 10
left_child=1 -1 5 7 -5 6 -2 -3
right_child=2 3 -4 4 -6 -7 -8 -9
leaf_value=0.012851256074012912 -0.0039148483159654295 -0.0060997124123714211 -0.013567658431214748 0.0050149684279787053 0.00084106463735079701 0.00055104706066531352 -0.0080577185795913855 0.00052080295310590475
leaf_weight=39.57404936850071 220.09823061898351 28.821207500994205 47.719968799501657 274.90695969760418 176.73750831186771 29.93645403534174 93.442417200654745 54.573670752346516
leaf_count=154 1547 140 368 1428 947 180 652 310
internal_value=-0.000428863 0.00337145 -0.00598309 0.00255778 0.00340873 -0.0047498 -0.00525662 -0.00198285
internal_weight=965.81 574.613 391.197 535.039 451.644 343.477 313.541 83.3949
internal_count=5726 2979 2747 2825 2375 2379 2199 450
is_linear=0
shrinkage=0.03


Tree=132
num_leaves=14
num_cat=0
split_feature=0 0 3 0 3 3 5 2 3 5 7 3 3
split_gain=20.0704 4.1025 3.56946 2.749 3.89628 2.6826 2.09524 1.37271 1.37199 1.24474 1.16047 1.05372 0.438068
threshold=68.596109686953255 120.91100310119317 0.40000000000000013 22.393864281388918 0.90000000000000036 -0.69999999999999973 -0.16629639999999998 -0.49999999999999983 1.5000000000000002 -0.18518599999999988 1.0000000180025095e-35 -1.0999999999999994 1.1000000000000003
decision_type=2 2 8 2 10 8 8 10 8 10 10 10 8
left_child=3 2 9 7 5 -5 -3 8 -1 -2 -9 -8 -4
right_child=1 6 12 4 -6 -7 11 10 -10 -11 -12 -13 -14
leaf_value=-0.0082422826602059351 -0.0045785294737389279 0.00051651565260707585 0.0095962777450076964 -0.0075787645507056651 -0.010738542704797594 0.0019010023971332323 0.011461749438268909 -0.004832572953669974 -0.00011907156984282592 0.00078001071392496942 0.00071211735725329743 0.0063347809175182991 0.0033787903133498912
leaf_weight=149.59527053683996 49.751448839902878 45.377494715154171 34.168363347649574 26.682936862111092 27.368348985910416 172.23794101923704 53.807562135159969 109.67193758487701 21.457941241562366 131.96673332899809 46.618394188582897 220.94565184414387 24.644512332975864
leaf_count=862 251 196 165 135 154 951 266 571 131 692 233 1045 153
internal_value=0.000373463 0.00435519 0.00135293 -0.0036617 -0.00108426 0.000474754 0.00655544 -0.00540035 -0.00725558 -0.000770389 -0.00320789 0.00752575 0.00745983
internal_weight=1114.29 560.662 240.531 553.633 226.289 198.921 320.131 327.344 171.053 181.718 156.29 274.753 58.8129
internal_count=5805 2768 1261 3037 1240 1086 1507 1797 993 943 804 1311 318
is_linear=0
shrinkage=0.03


Tree=133
num_leaves=10
num_cat=0
split_feature=3 6 0 6 2 0 2 5 3
split_gain=2.24232 2.86285 2.27788 2.12364 2.0826 1.44231 1.42626 0.727779 0.611971
threshold=0.70000000000000018 0.57033750000000005 -89.135339537477293 0.034106299999999708 1.1000000000000003 8.709311929941693 0.19999999999999987 -0.41775819999999991 -1.0000000180025095e-35
decision_type=10 10 2 10 10 2 10 10 10
left_child=1 4 -2 -4 6 -5 -1 -3 -6
right_child=2 7 3 5 8 -7 -8 -9 -10
leaf_value=-0.00096345247466454818 -0.0042102768487941736 -0.002615016222633602 -0.0036660263902883799 0.0021352428568243856 -0.002658947345355483 0.0085554572452024337 0.0020657429682231698 -0.0092874565258536032 -0.0086188404700564131
leaf_weight=357.62886345386505 32.032264702022076 30.63674172013998 23.139300525188446 64.427499212324619 50.020746435970068 66.149121910333633 222.80837634950876 37.544404596090317 23.576105728745461
leaf_count=2316 179 189 136 404 367 405 1420 230 159
internal_value=-0.000286769 -0.00104466 0.00261016 0.0041193 -0.000411773 0.00558325 0.000207055 -0.00667276 -0.00499499
internal_weight=907.963 722.215 185.748 153.716 654.034 130.577 580.437 68.1811 73.5969
internal_count=5805 4681 1124 945 4262 809 3736 419 526
is_linear=0
shrinkage=0.03


Tree=134
num_leaves=14
num_cat=0
split_feature=0 0 4 3 0 0 6 0 1 0 4 0 1
split_gain=22.3371 4.77241 2.61884 2.29298 1.59395 1.56916 2.57744 1.32632 1.23588 3.22233 1.14686 1.00804 0.186909
threshold=49.87136562600552 119.82680697545915 -0.49999999999999994 0.70000000000000018 95.547564913199167 -46.89991175851889 0.1002645000000001 207.4891956177153 -1.4999999999999998 -93.937142366747011 0.39999999999999974 -3.590107527426539 1.1000000000000003
decision_type=2 2 10 10 2 2 10 2 8 2 8 2 10
left_child=2 3 8 4 -2 -4 -7 10 9 -1 -3 -10 -9
right_child=1 7 5 -5 -6 6 -8 12 11 -11 -12 -13 -14
leaf_value=0.0088642198110749793 -0.0024723172275254415 -0.0027254627219595786 0.006614127303012367 -0.0085840216107393869 0.0028013443252925862 -0.0045016027787985902 0.0033124907651442804 -0.014890553119911347 0.0083976877276065419 -0.0039315080985042241 -0.0083304340936324415 0.0042382484843872205 -0.007720900438776367
leaf_weight=27.040661364793777 167.41365471482277 59.866500817239285 34.33611211925745 36.468265905976295 68.897277817130089 63.019405975937843 81.061248309910297 27.410971947014332 150.66692817211151 35.115616202354431 92.47211130335927 107.95071962475777 28.792468976229429
leaf_count=111 1133 377 144 212 467 329 412 203 680 181 714 607 235
internal_value=-0.000158501 -0.00474484 0.00426686 -0.00207076 -0.000908577 0.00130334 -0.000141663 -0.00811223 0.00586989 0.0018807 -0.00628438 0.00677479 -0.0121484
internal_weight=980.512 481.321 499.191 272.779 236.311 178.417 144.081 208.542 320.774 62.1563 152.339 258.618 56.2034
internal_count=5805 3341 2464 1812 1600 885 741 1529 1579 292 1091 1287 438
is_linear=0
shrinkage=0.03


Tree=135
num_leaves=13
num_cat=0
split_feature=5 5 6 6 6 6 5 6 3 6 5 6
split_gain=10.3135 4.66609 3.18677 2.31708 2.14648 1.56633 1.50746 1.83808 0.866441 0.889486 0.40751 0.225239
threshold=0.38891850000000022 -0.63059379999999987 -0.40959499999999976 0.11047400000000009 0.95583580000000012 -0.94075890000000006 0.90474050000000006 -0.54726275999999985 -0.20000000000000001 0.71418870000000012 0.61049964000000034 -0.38700829999999981
decision_type=10 8 8 10 10 10 10 10 10 10 10 10
left_child=1 8 5 6 -4 -3 7 -2 -1 -10 -5 -8
right_child=3 2 4 10 -6 -7 11 -9 9 -11 -12 -13
leaf_value=-0.0014086448527174937 0.00013048636047845977 -0.0025251973140966288 -0.00097632774700705282 0.0026660287948320448 -0.0087681551135319891 0.0052527822550961041 0.012451387375050686 0.0070680695432667768 -0.0084917176759354927 -0.0026807356836737934 -0.0016752466461456149 0.0063043745925915598
leaf_weight=33.949478484690189 53.747240327298641 26.31100582331419 502.85711959004402 29.463982328772545 29.149892471730709 104.9038372784853 35.439482674002647 91.289262928068638 97.608020514249802 38.804641038179398 39.768019072711468 29.202341578900814
leaf_count=173 271 129 2670 143 159 498 179 456 557 234 189 148
internal_value=7.48428e-05 -0.0015987 -0.000444511 0.00501666 -0.00148092 0.00365771 0.00655584 0.00458718 -0.00595119 -0.00699193 0.000227456 0.0103264
internal_weight=1112.49 833.584 663.222 278.91 532.007 131.215 209.678 145.037 170.362 136.413 69.232 64.6418
internal_count=5806 4420 3456 1386 2829 627 1054 727 964 791 332 327
is_linear=0
shrinkage=0.03


Tree=136
num_leaves=7
num_cat=0
split_feature=5 6 6 4 4 3
split_gain=2.94872 1.81993 2.76936 1.88041 1.45223 1.0504
threshold=0.95970244000000016 1.1791412000000003 0.57033750000000005 1.9000000000000001 2.2000000000000011 0.70000000000000018
decision_type=10 10 8 10 10 8
left_child=1 2 3 -1 -2 -4
right_child=4 -3 5 -5 -6 -7
leaf_value=0.0017632516591057938 -0.012372157632323313 0.0079318587173693271 -0.0059374970380458433 -0.0033773235441058903 -0.0017725404827432104 -0.0010451120378185443
leaf_weight=605.93026424199343 18.210080362856388 24.759667411446571 63.55168479681015 66.897929616272449 27.346615437418222 99.58494671434164
leaf_count=3725 124 140 391 478 217 731
internal_value=0.000230036 0.000640068 0.000378224 0.00123099 -0.00681402 -0.00307089
internal_weight=906.281 860.724 835.965 672.828 45.5567 163.137
internal_count=5806 5465 5325 4203 341 1122
is_linear=0
shrinkage=0.03


Tree=137
num_leaves=14
num_cat=0
split_feature=0 0 0 1 5 1 3 7 3 0 7 2 5
split_gain=19.2269 4.18183 3.0188 1.91615 1.81621 1.67908 2.17019 1.59252 1.33262 0.705816 0.646291 0.571951 0.484766
threshold=57.205246042983056 153.08004332896056 -66.545195644924192 -1.4999999999999998 0.44188640000000007 -0.19999999999999996 -0.20000000000000001 -1.0000000180025095e-35 1.0000000180025095e-35 207.4891956177153 -1.0000000180025095e-35 0.59999999999999998 -0.95888639999999992
decision_type=2 2 2 8 10 8 8 8 10 2 10 10 8
left_child=2 5 7 -4 -5 8 -7 -1 -2 10 -3 -11 -9
right_child=1 9 3 4 -6 6 -8 12 -10 11 -12 -13 -14
leaf_value=0.0020758974193285408 -0.0010156939961969342 -0.010705580026025691 -0.0039643114484341855 0.0035284029324368473 -0.0042066159689629571 -0.004194008275839092 0.0016845761408315241 0.0054107605785312859 -0.0083860524087993951 -0.016650852721425465 -0.0041683733207361906 -0.0079044738195108415 0.011902341941408386
leaf_weight=35.6264333948493 34.476384371519089 21.33472191542387 35.510421544313431 348.17586099356413 25.457503288984299 110.3500807210803 106.78306204080582 29.772999741137028 65.018959291279316 19.256357479840517 55.192533511668444 37.334194853901863 51.369244433939457
leaf_count=145 212 162 191 1833 139 774 758 122 389 147 421 296 217
internal_value=-0.000299048 -0.00482489 0.00358032 0.00231182 0.00295279 -0.002869 -0.00133016 0.00774756 -0.00600293 -0.00920484 -0.00653565 -0.0119908 0.00997274
internal_weight=975.659 449.746 525.912 409.144 373.633 316.628 217.133 116.769 99.4953 133.118 76.5273 56.5906 81.1422
internal_count=5806 3159 2647 2163 1972 2133 1532 484 601 1026 583 443 339
is_linear=0
shrinkage=0.03


Tree=138
num_leaves=12
num_cat=0
split_feature=0 0 6 3 4 1 3 0 3 0 6
split_gain=17.9343 4.80177 2.09101 2.00537 1.91571 2.33999 2.95621 1.78449 1.63041 1.50451 1.46948
threshold=105.11388587613637 22.393864281388918 -0.27129719999999996 0.90000000000000036 0.60000000000000042 0.40000000000000013 -0.20000000000000001 199.08277893015796 1.5000000000000002 96.430508429808597 0.010430699999999906
decision_type=2 2 8 10 8 8 10 2 10 2 10
left_child=1 2 -1 9 7 -6 -7 10 -4 -3 -2
right_child=4 3 8 -5 5 6 -8 -9 -10 -11 -12
leaf_value=0.00064035923481093996 -0.0014709212918088182 0.00047841986102315967 -0.0074910271965304785 -0.0068068841408774009 0.01128211828882783 0.0069487962428012532 -0.0019695514248185505 0.0083760827886397715 2.3650160250529882e-05 -0.0059049811255155555 0.0047782441613554482
leaf_weight=38.517891146242619 90.93507507443428 328.59102147817612 250.96036969870329 41.10454323142767 65.758674502372742 110.09266998618841 44.535233035683632 30.073254503309727 28.885814286768436 31.910331830382347 47.516929969191551
leaf_count=183 422 1784 1391 222 314 564 223 130 175 171 215
internal_value=-0.00032034 -0.00311865 -0.0058409 -0.00091535 0.00483383 0.00665746 0.00439894 0.0023259 -0.00672856 -0.000159666 0.000765592
internal_weight=1108.88 719.97 318.364 401.606 388.912 220.387 154.628 168.525 279.846 360.501 138.452
internal_count=5794 3926 1749 2177 1868 1101 787 767 1566 1955 637
is_linear=0
shrinkage=0.03


Tree=139
num_leaves=8
num_cat=0
split_feature=4 6 5 5 6 6 3
split_gain=1.93628 3.73163 1.49757 3.17045 2.47914 1.72701 1.37979
threshold=-2.899999999999999 0.39622139999999989 -0.83232685999999989 -0.64769613999999975 0.32120979999999993 -0.39403079999999996 0.59999999999999998
decision_type=8 10 8 8 10 8 10
left_child=1 -1 6 4 -4 -5 -2
right_child=2 -3 3 5 -6 -7 -8
leaf_value=0.012238162247017468 -0.0080224639775519288 -0.0021909524153105732 0.013507922176199495 -0.0026038209938300388 0.00036390701985881892 0.00073058823667995244 0.0010496432467765318
leaf_weight=29.156141139566898 32.699586778879166 28.119942717254162 23.555323258042336 180.4186266772449 24.098401069641113 563.24324599653482 23.423023141920567
leaf_count=172 193 177 133 1203 145 3625 146
internal_value=0.000441349 0.00554698 6.57614e-05 0.000412735 0.00752676 -9.03547e-05 -0.00446004
internal_weight=904.714 57.2761 847.438 791.316 47.6537 743.662 56.1226
internal_count=5794 349 5445 5106 278 4828 339
is_linear=0
shrinkage=0.03


Tree=140
num_leaves=13
num_cat=0
split_feature=0 0 0 6 0 6 5 0 5 0 6 5
split_gain=23.1984 7.37529 2.92589 2.49124 2.14212 2.12691 1.47448 1.18548 1.23936 1.71915 0.775314 0.135854
threshold=107.26824786540602 15.958157052232311 95.547564913199167 0.22606660000000015 63.269646003495957 0.061564199999999965 -0.065001300000000026 207.4891956177153 -0.31333139999999982 192.3219658265181 -0.13987180000000018 0.95970244000000016
decision_type=2 2 2 8 2 8 8 2 8 2 8 10
left_child=1 3 4 5 -3 -1 -5 8 -2 -10 -4 -9
right_child=7 2 10 6 -6 -7 -8 11 9 -11 -12 -13
leaf_value=0.0048083108528776553 -0.00019457162297132426 0.00084583186648027329 0.011210502475963641 0.0063062820844332216 -0.0039182509569531641 -0.0032073765184507568 0.013130641646125383 -0.013299846287122621 -0.0083131556340970674 0.0014565355569743259 0.0022009695426952894 -0.0058653145009512735
leaf_weight=96.034086190164089 25.304957181215286 203.90436784923077 17.299400612711906 171.96294761449099 138.91575298458338 38.19798918068409 38.518128097057343 39.693350076675415 152.14087339863181 16.553609166294336 18.972279787063599 15.395633157342671
leaf_count=442 143 1195 124 798 934 171 180 306 1118 132 122 129
internal_value=-4.5691e-05 0.00267589 -0.00021987 0.00581805 -0.00111322 0.00249405 0.00783085 -0.00785113 -0.0064364 -0.00734015 0.00733553 -0.0118831
internal_weight=972.893 723.805 379.092 344.713 342.82 134.232 210.481 249.088 193.999 168.694 36.2717 55.089
internal_count=5794 3966 2375 1591 2129 613 978 1828 1393 1250 246 435
is_linear=0
shrinkage=0.03


Tree=141
num_leaves=11
num_cat=0
split_feature=0 0 5 1 0 2 6 6 6 1
split_gain=15.0474 4.42431 3.41045 2.84894 4.33902 2.13371 1.91456 1.85375 1.18151 0.954245
threshold=105.11388587613637 -4.8856707886660606 -0.39588479999999987 0.50000000000000022 144.32918837674711 -1.2999999999999996 -1.0000000180025095e-35 -0.2771209999999999 0.32771530000000004 -1.4999999999999998
decision_type=2 2 8 10 2 8 8 8 10 8
left_child=1 7 -2 8 -5 -3 -7 -1 -4 -9
right_child=2 5 3 4 -6 6 -8 9 -10 -11
leaf_value=0.0016390119290730202 -0.0051181697556472857 -0.0088675881435793021 0.0098000826577090451 -0.0032521565427217286 0.0058916193284666296 0.0017157824603029445 -0.0020955895342863362 -0.0026443218433615024 0.002379568185753344 -0.0079026476396379542
leaf_weight=24.44818802177906 25.378797352313995 23.267229981720448 126.25070752203465 63.183647274971008 149.3369137570262 211.72700328379869 257.26294422894716 46.630692690610886 27.153390154242516 158.16201389580965
leaf_count=112 113 137 592 323 724 1081 1461 281 116 859
internal_value=7.9415e-05 -0.002486 0.0047813 0.00552762 0.00316085 -0.000861529 -0.000374985 -0.00588144 0.00860318 -0.0067969
internal_weight=1112.8 721.498 391.303 365.925 212.521 492.257 468.99 229.241 153.404 204.793
internal_count=5799 3931 1868 1755 1047 2679 2542 1252 708 1140
is_linear=0
shrinkage=0.03


Tree=142
num_leaves=6
num_cat=0
split_feature=0 4 0 6 6
split_gain=2.21329 1.36251 3.58204 2.05944 1.32814
threshold=258.72972577310776 -2.899999999999999 -12.822032088832541 1.1791412000000003 0.57033750000000005
decision_type=2 8 2 10 10
left_child=1 2 -1 4 -3
right_child=-2 3 -4 -5 -6
leaf_value=-0.00097830886546029414 -0.0078880769326527961 0.00053390130968358394 0.013400766848035551 0.0081003655979496447 -0.0028603339778804178
leaf_weight=37.146355748176575 23.290171146392822 686.57540583238006 21.12071917206049 24.46496369689703 117.06665851175785
leaf_count=224 149 4439 126 133 728
internal_value=0.000376541 0.000636729 0.00488098 0.000310595 2.48337e-05
internal_weight=909.664 886.374 58.2671 828.107 803.642
internal_count=5799 5650 350 5300 5167
is_linear=0
shrinkage=0.03


Tree=143
num_leaves=13
num_cat=0
split_feature=5 6 4 4 3 2 6 6 2 3 5 7
split_gain=7.69376 4.35862 2.51239 2.63864 1.93344 2.75448 2.22091 1.11628 1.03223 1.29954 0.743542 0.599606
threshold=0.46816260000000004 0.26209210000000027 -0.59999999999999987 -1.8 0.59999999999999998 -1.0999999999999994 0.5899156000000001 -0.68627526999999977 0.90000000000000036 -1.0000000180025095e-35 0.5913381000000002 -1.0000000180025095e-35
decision_type=10 10 10 10 10 10 10 10 10 10 10 10
left_child=1 2 3 -1 6 -6 -3 -4 10 -10 -2 -12
right_child=8 4 7 -5 5 -7 -8 -9 9 -11 11 -13
leaf_value=-0.0021305283522587252 -0.0075694718592611331 0.0027041280864914365 -0.00792298442767163 0.0038951506518676922 0.0075289210636794585 -0.00098551994802556649 0.01007464442092729 -0.0022852168531769359 -0.012100506689384311 -0.0028286624114688391 -0.0057404418434114455 0.00022318892541871711
leaf_weight=121.63555248826742 28.871656809002161 97.878744781017303 34.643227800726891 130.85638458281755 40.437794871628284 134.63298570364714 59.688145890831947 201.06915563344955 43.076429203152657 24.273798786103725 17.970998492091894 43.662512887269258
leaf_count=739 201 497 231 722 201 689 297 1232 361 182 126 321
internal_value=-0.000440358 0.000737149 -0.00106573 0.00100733 0.0033598 0.00113559 0.00572015 -0.00326118 -0.006398 -0.00918525 -0.00395155 -0.00181594
internal_weight=978.697 820.842 488.204 252.492 332.638 175.071 157.567 235.712 157.855 67.3502 90.5052 61.6335
internal_count=5799 4608 2924 1461 1684 890 794 1463 1191 543 648 447
is_linear=0
shrinkage=0.03


Tree=144
num_leaves=14
num_cat=0
split_feature=0 0 6 6 6 6 0 6 2 5 1 5 1
split_gain=16.837 4.69482 2.90904 1.6107 2.31612 2.05936 1.50916 1.49834 1.21693 1.17561 2.17056 1.07888 0.876449
threshold=36.966734028383947 146.23824793628663 -0.051223400000000023 -0.27129719999999996 -0.78796480000000024 0.15132359999999981 -55.179418488355843 -0.35407739999999993 -0.39999999999999997 -0.0061931999999998979 0.90000000000000036 -0.8571783999999999 0.30000000000000016
decision_type=2 2 8 10 8 10 2 10 10 10 10 8 8
left_child=2 3 7 4 -2 -5 11 -1 -9 -3 -11 -4 -8
right_child=1 9 6 5 -6 -7 12 8 -10 10 -12 -13 -14
leaf_value=-0.0048262392842548119 -0.0029676773894549819 0.0011576199545427254 -0.0047215325439282953 -0.0031463219314421839 0.0045830492807906378 0.0017859309814012043 -0.004148456996210248 -0.0020847355732016527 0.0062078156436166376 0.010333413130085895 0.0037576010908250733 -0.012592208891133778 -0.010441578949654688
leaf_weight=40.42972569912672 44.011583156883717 41.93911837041378 33.056226685643196 144.55456833541393 150.26169551163912 150.64971249550581 171.51378058642149 26.488206677138805 28.844068720936775 85.655780971050262 108.78273886442184 56.210329726338387 21.602438911795616
leaf_count=192 221 183 187 736 864 770 978 147 135 404 534 321 112
internal_value=-0.000219174 0.00245223 -0.00531206 0.000755452 0.00284093 -0.000641454 -0.00682187 -0.000742359 0.00239429 0.00587739 0.00684087 -0.0100827 -0.00509818
internal_weight=1104 725.855 378.145 489.478 194.273 295.204 282.383 95.762 55.3323 236.378 194.439 89.2666 193.116
internal_count=5784 3712 2072 2591 1085 1506 1598 474 282 1121 938 508 1090
is_linear=0
shrinkage=0.03


Tree=145
num_leaves=7
num_cat=0
split_feature=5 6 6 5 3 2
split_gain=2.15509 1.91732 1.62482 1.3449 1.16293 0.390738
threshold=0.98392210000000013 1.1791412000000003 0.57033750000000005 0.74077770000000009 0.70000000000000018 1.3000000000000005
decision_type=10 10 10 10 10 10
left_child=1 2 3 -1 -4 -2
right_child=5 -3 4 -5 -6 -7
leaf_value=0.0010101746448468465 -0.0074268669174035792 0.0083533160759794983 -0.0048898183287006654 0.0062835311836645993 0.00051320171343402032 -0.0015848210982142353
leaf_weight=650.77734050899744 26.0439996086061 26.332958392798901 65.443539410829544 42.007667168974876 71.270968861877918 20.486267637461424
leaf_count=4156 191 144 395 285 446 167
internal_value=0.00070897 0.00106205 0.000781918 0.00137266 -0.00215443 -0.00525809
internal_weight=902.363 855.832 829.5 692.785 136.715 46.5303
internal_count=5784 5426 5282 4441 841 358
is_linear=0
shrinkage=0.03


Tree=146
num_leaves=14
num_cat=0
split_feature=5 6 2 6 1 2 1 1 6 7 5 2 5
split_gain=9.65731 4.58478 3.83545 2.13931 0.817781 1.62222 1.47568 0.837377 1.19438 0.816074 0.797429 0.788728 0.414884
threshold=0.38891850000000022 -0.33558519999999997 -1.2999999999999996 0.62547940000000024 1.1000000000000003 0.90000000000000036 1.5000000000000002 0.20000000000000015 -0.063367899999999908 1.0000000180025095e-35 0.16229789999999991 0.30000000000000016 -1.0655117999999997
decision_type=10 8 8 10 10 10 10 10 10 10 10 10 10
left_child=1 9 12 -4 7 -6 -7 11 -9 10 -1 -2 -3
right_child=4 2 3 -5 5 6 -8 8 -10 -11 -12 -13 -14
leaf_value=-0.00061688561085604821 -0.0011136879819373426 0.010634958638451729 0.00015703188944872094 0.0044632337445964223 0.004129169745512965 0.00093126346707027318 -0.010078010244325425 -0.012466030981802401 -0.003604576421779181 -0.0074536178301164453 -0.0066938517608660462 -0.0080603486222943759 0.0052102245880655375
leaf_weight=75.556751310825348 33.977009624242783 34.641745790839195 430.52132228016853 131.99642902612686 16.357884839177132 16.278675157576799 24.217629157006741 48.732084989547729 25.568777248263359 36.749331757426262 21.745691485702991 23.788886442780495 48.773759551346302
leaf_count=443 219 163 2492 651 131 134 215 384 170 227 155 168 232
internal_value=-0.000410953 0.00107224 0.00212249 0.00119791 -0.00640426 -0.00301433 -0.00603652 -0.00770041 -0.00983613 -0.0038828 -0.00223578 -0.00438864 0.00793709
internal_weight=968.906 779.985 645.933 562.518 188.921 56.8542 40.4963 132.067 74.3009 134.052 97.3024 57.7659 83.4155
internal_count=5784 4363 3538 3143 1421 480 349 941 554 825 598 387 395
is_linear=0
shrinkage=0.03


Tree=147
num_leaves=11
num_cat=0
split_feature=5 6 4 4 5 6 6 1 6 5
split_gain=11.0009 2.78007 2.23354 1.8359 1.47291 1.32855 1.29147 1.90312 1.47884 0.918954
threshold=-0.18518599999999988 0.89906999999999992 2.7000000000000002 -2.899999999999999 0.95970244000000016 -0.53126849999999981 0.61717210000000011 0.20000000000000015 0.82035740000000024 -1.0967218999999997
decision_type=8 10 10 10 10 10 10 10 10 10
left_child=3 2 4 9 -2 -4 7 -5 -8 -1
right_child=1 -3 5 6 -6 -7 8 -9 -10 -11
leaf_value=-0.013146691371162044 0.0010277005438919405 -0.007281203231114584 0.011646761747609582 -0.0010543245086854852 0.0071312870739079015 0.0030302828194897977 -0.010889796260481416 -0.0070366399690211323 -0.0025057961222685918 -0.0047041749757108049
leaf_weight=27.196237400174141 576.06027318537235 25.309372939169407 27.090571537613869 202.3931936994195 33.20756208896637 42.467961698770523 37.318947620689869 58.680752448737621 41.369566380977631 32.075782015919685
leaf_count=170 2962 123 147 1078 162 225 206 287 242 177
internal_value=-0.000609069 0.001645 0.00202861 -0.00455773 0.00141571 0.0069421 -0.00360769 -0.00250591 -0.00689506 -0.0092993
internal_weight=1103.17 704.136 678.826 399.034 609.268 69.5585 339.762 261.074 78.6885 59.272
internal_count=5779 3619 3496 2160 3124 372 1813 1365 448 347
is_linear=0
shrinkage=0.03


Tree=148
num_leaves=7
num_cat=0
split_feature=5 5 4 3 4 0
split_gain=1.9663 2.96625 2.21473 1.9514 1.83921 0.836271
threshold=0.95970244000000016 0.8077814000000002 2.2000000000000011 0.70000000000000018 1.2000000000000008 -83.749956970378079
decision_type=10 10 10 10 10 2
left_child=1 3 -2 4 -1 -5
right_child=2 -3 -4 5 -6 -7
leaf_value=0.0003562493239656283 -0.011989743112957373 0.0095444331566383288 0.00050522165325339499 -0.00084329482006604737 -0.0039907350788407122 0.0041700534388084548
leaf_weight=552.46245074272156 18.670317217707634 28.521544009447098 26.880608782172203 35.676904015243053 98.970147177577019 142.7090614810586
leaf_count=3494 129 193 223 202 671 867
internal_value=0.000459439 0.000793748 -0.00529554 0.000437616 -0.000329541 0.00317174
internal_weight=903.891 858.34 45.5509 829.819 651.433 178.386
internal_count=5779 5427 352 5234 4165 1069
is_linear=0
shrinkage=0.03


Tree=149
num_leaves=13
num_cat=0
split_feature=0 0 3 1 3 0 6 3 6 6 6 6
split_gain=19.0815 8.37893 2.64383 2.34289 2.11929 1.72134 1.45937 1.42878 1.25045 0.896759 0.793145 0.173076
threshold=113.71465686896126 1.1088900869526699 0.30000000000000016 0.20000000000000001 -1.0000000180025095e-35 207.4891956177153 0.20237939999999979 -0.19999999999999996 0.42033750000000009 -0.18425840000000013 0.15609450000000011 -0.72460570000000002
decision_type=2 2 10 8 10 2 10 8 10 10 8 8
left_child=1 2 7 9 -5 8 -4 -1 10 -3 -2 -7
right_child=5 3 6 4 -6 11 -8 -9 -10 -11 -12 -13
leaf_value=0.0055201799995686293 -0.0052191553443433044 -0.0046830126647767487 -0.00080682670419114546 0.00066418808604527682 0.0082378508505258907 -0.0059076915198304925 0.005387424594850432 0.013022281553967627 0.0017751455851207261 -0.00075536381721288894 -0.01172333609914188 -0.013688335011952931
leaf_weight=53.876039616763592 129.38259715214372 65.079702757298946 42.874861426651478 125.53247722238302 40.742540337145329 15.377172932028769 144.25320038944483 61.322908885776997 16.417325727641582 217.05631622672081 20.831230543553829 37.212584093213081
leaf_count=243 976 397 184 868 257 135 658 278 97 1247 143 296
internal_value=0.000263982 0.00254287 0.00635852 -7.14564e-05 0.00270628 -0.00742293 0.00398413 0.00988929 -0.00562936 -0.00172712 -0.00646973 -0.0121237
internal_weight=969.959 750.738 302.327 448.411 166.275 219.221 187.128 115.199 166.631 282.136 150.214 52.5898
internal_count=5779 4132 1363 2769 1125 1647 842 521 1216 1644 1119 431
is_linear=0
shrinkage=0.03


Tree=150
num_leaves=11
num_cat=0
split_feature=5 6 6 6 5 5 5 1 2 6
split_gain=5.11716 4.38074 2.68287 3.21202 1.54645 1.03288 1.92812 0.484549 0.339012 0.174807
threshold=-0.64769613999999975 0.95583580000000012 -0.45236550000000014 -0.80451119999999965 0.40408769999999999 -0.8571783999999999 -1.0655117999999997 -1.2999999999999996 -0.39999999999999997 0.32120979999999993
decision_type=8 10 8 10 10 10 10 10 10 10
left_child=5 2 3 -2 -4 6 7 -1 9 -7
right_child=1 -3 4 -5 -6 8 -8 -9 -10 -11
leaf_value=-0.0094224399019371408 -0.00028615434691320893 -0.0090275342952946137 -0.00043633755659438773 0.0071175323575901634 0.0028561069635885269 -0.011535888948458885 0.0020188383422457029 -0.0029357580307748351 -0.0036203511921439799 -0.0049671264429641355
leaf_weight=21.57321397960186 86.891572341322899 33.615301348268986 521.81355529278517 127.72077933698893 164.87700718641281 22.368395231664181 41.801431559026241 28.186639092862606 23.381022848188877 19.138073697686195
leaf_count=135 433 184 2788 629 819 123 236 165 121 119
internal_value=3.04404e-05 0.000877807 0.00129501 0.00418168 0.000369122 -0.00490368 -0.00262349 -0.0063516 -0.00770331 -0.00936678
internal_weight=1091.37 934.918 901.303 214.612 686.691 156.449 91.5613 49.7599 64.8875 41.5065
internal_count=5752 4853 4669 1062 3607 899 536 300 363 242
is_linear=0
shrinkage=0.03


Tree=151
num_leaves=7
num_cat=0
split_feature=6 4 2 5 5 1
split_gain=1.93804 1.93571 3.18338 1.49984 1.94698 1.78936
threshold=1.1442794999999999 -2.899999999999999 -1.2999999999999996 -0.55013859999999981 -0.39588479999999987 -0.90000000000000002
decision_type=10 8 10 8 8 10
left_child=1 2 -1 5 -5 -3
right_child=-2 3 -4 4 -6 -7
leaf_value=-0.0024084761568500747 0.0074368307366450446 0.0010627577558192259 0.011390067225773874 0.0052980231195878715 -0.00021535766414901864 -0.0061320450035908984
leaf_weight=24.463532403111458 28.8049126714468 50.004394762217999 28.844891004264355 58.401884436607361 631.59864162653685 72.071429371833801
leaf_count=155 159 317 165 350 4177 429
internal_value=0.0003899 0.000113964 0.0053943 -0.00026355 0.000286055 -0.00325907
internal_weight=894.19 865.385 53.3084 812.076 690.001 122.076
internal_count=5752 5593 320 5273 4527 746
is_linear=0
shrinkage=0.03


Tree=152
num_leaves=14
num_cat=0
split_feature=0 0 7 1 6 0 7 1 4 0 0 4 2
split_gain=17.7894 4.16043 1.62769 1.53437 3.07067 1.65369 1.37468 1.36439 0.942719 0.821354 1.19974 0.793351 0.756838
threshold=108.28656482175838 -46.89991175851889 -1.0000000180025095e-35 -0.19999999999999982 0.26209210000000027 83.979305182277713 1.0000000180025095e-35 0.50000000000000022 0.80000000000000027 153.08004332896056 127.9801609356074 -0.79999999999999993 0.59999999999999998
decision_type=2 2 8 10 10 2 10 10 8 2 2 10 10
left_child=1 2 -1 5 -5 -3 -4 8 11 10 -9 -2 -11
right_child=7 3 6 4 -6 -7 -8 9 -10 12 -12 -13 -14
leaf_value=0.0011420403551991567 -0.01107208048992897 0.00018867083075522958 0.010883320487348629 0.00059421474131160458 0.00854633412672548 -0.0065578852910456514 0.0036163719000606919 -0.0060597845501321737 -0.013986221885304803 -0.011193368216293322 0.0024695273442591295 -0.0038683126180890123 -0.0044025929378638858
leaf_weight=43.093536421656609 23.753268986940384 307.94060940295458 64.055217579007149 171.84562902152538 54.002978220582008 31.551217019557953 46.255083784461021 24.047673337161541 37.828689567744732 23.127225995063782 26.207470815628767 44.17518937587738 59.302811000496149
leaf_count=186 141 1778 274 1034 292 202 199 177 285 183 201 298 502
internal_value=-0.000399057 0.00196274 0.00626142 0.000751634 0.00263958 -0.000524413 0.0081251 -0.00741238 -0.0100002 -0.00506149 -0.00179087 -0.00697373 -0.00683904
internal_weight=957.187 718.744 153.404 565.34 225.849 339.492 110.31 238.442 105.757 132.685 50.2551 67.9285 82.43
internal_count=5752 3965 659 3306 1326 1980 473 1787 724 1063 378 439 685
is_linear=0
shrinkage=0.03


Tree=153
num_leaves=15
num_cat=0
split_feature=0 0 3 4 0 3 5 6 5 4 7 3 5 5
split_gain=15.5449 3.46799 4.71699 2.90083 2.5991 2.38496 1.61474 1.5565 1.54434 0.885736 0.757044 2.0144 1.10663 0.565036
threshold=65.58766876492065 141.43539277154596 0.70000000000000018 -1.0999999999999996 17.614017346873087 0.80000000000000027 -0.41061629999999999 -0.33558519999999997 -0.44394580000000006 -0.40000000000000008 -1.0000000180025095e-35 -0.20000000000000009 -0.028719300000000222 -0.55923250000000024
decision_type=2 2 8 10 2 8 10 8 10 8 10 10 10 10
left_child=4 2 8 -4 7 6 -6 -1 -2 -9 11 -3 -12 -7
right_child=1 10 3 -5 5 13 -8 9 -10 -11 12 -13 -14 -15
leaf_value=0.00069327874996183317 0.0053004379818508592 0.011780079967778622 0.00070362512895585743 0.014009330001329291 -0.0047365211196460253 -0.0031366865723983788 0.0015916653458095905 -0.0051306493082857079 -0.0015246196126367012 -0.0091936307317092899 -0.00069378909271578394 0.0014045184841373869 0.0054630856190419465 -0.010547024602591996
leaf_weight=28.320967838168144 29.045156411826611 46.909114263951778 25.993289090692997 30.850471816956997 43.490060105919838 23.524039827287197 139.23679305613041 181.60362294316292 239.93984735012054 86.005083553493023 30.642776668071747 27.151857830584049 143.62635048478842 21.645966626703739
leaf_count=131 150 229 170 148 241 183 695 1069 1218 447 133 120 704 128
internal_value=-0.000332393 0.00306469 0.00100071 0.00847375 -0.00404966 -0.00159128 -5.19311e-07 -0.00588498 -0.000704366 -0.0065811 0.0056996 0.00830563 0.00439133 -0.00738502
internal_weight=1097.99 574.159 325.829 56.8438 523.827 227.897 182.727 295.93 268.985 267.609 248.33 74.061 174.269 45.17
internal_count=5766 2872 1686 318 2894 1247 936 1647 1368 1516 1186 349 837 311
is_linear=0
shrinkage=0.03


Tree=154
num_leaves=6
num_cat=0
split_feature=5 6 3 6 4
split_gain=1.37904 2.15361 1.43935 2.76913 1.92976
threshold=-1.2763772599999998 1.1791412000000003 1.0000000180025095e-35 -0.39403079999999996 -2.2999999999999989
decision_type=8 10 8 8 10
left_child=-1 2 4 -4 -2
right_child=1 -3 3 -5 -6
leaf_value=-0.0054981294837803353 0.0083584062656454246 0.0090111080965191506 -0.0097953315928047159 3.5688718897515588e-05 0.0012238775039441305
leaf_weight=26.058371126651764 32.542290195822716 23.817644238471985 22.643946297466755 383.20718721300364 412.74304822832346
leaf_count=167 192 126 145 2454 2682
internal_value=0.00072521 0.000940744 0.000663601 -0.000625353 0.0018323
internal_weight=901.012 874.954 851.136 405.851 445.285
internal_count=5766 5599 5473 2599 2874
is_linear=0
shrinkage=0.03


Tree=155
num_leaves=14
num_cat=0
split_feature=0 0 0 1 2 0 1 2 1 6 1 0 1
split_gain=23.9083 4.06831 3.36715 1.8325 1.49862 1.28617 1.77334 1.10954 0.985011 1.08938 0.859021 0.644538 0.0756962
threshold=63.992889829447002 146.23824793628663 4.5962107424408041 0.19999999999999987 0.59999999999999998 -83.749956970378079 -1.4999999999999998 -0.49999999999999983 1.1000000000000003 0.56159238999999983 1.1000000000000003 27.726024898692348 -1.0999999999999996
decision_type=2 2 2 8 10 2 8 10 10 8 10 2 10
left_child=2 8 5 7 -3 12 -7 -4 9 -2 -6 -5 -1
right_child=1 4 3 11 10 6 -8 -9 -10 -11 -12 -13 -14
leaf_value=0.010198535513158521 -0.0050561526045419221 -0.013296934567650421 0.0019722483671420024 1.7742982104554827e-05 -0.0097895299496555295 -0.0021699011897242004 0.0054240307106221295 -0.0029170510474226491 0.0016784140542425443 -4.1338767984242706e-06 -0.0030198890943536469 0.0061132351236020798 0.0058730063154222084
leaf_weight=52.729590080678463 196.8910606354475 63.770476207137108 69.271676436066628 20.689374178647995 31.701573543250561 29.333457641303539 196.09513078629971 91.164233468472958 27.053377289324999 47.450947143137455 43.76437009125948 58.992421105504036 35.039073340594769
leaf_count=218 1301 482 384 108 257 152 909 520 201 345 376 374 139
internal_value=-0.000299733 -0.00574595 0.00375733 0.00105102 -0.00985182 0.00578306 0.00441024 -0.000810186 -0.00349937 -0.00409481 -0.00629526 0.00462504 0.00888131
internal_weight=963.947 410.632 553.315 240.118 139.236 313.197 225.429 160.436 271.395 244.342 75.4659 79.6818 87.7687
internal_count=5766 2962 2804 1386 1115 1418 1061 904 1847 1646 633 482 357
is_linear=0
shrinkage=0.03


Tree=156
num_leaves=12
num_cat=0
split_feature=5 6 5 6 6 6 6 1 1 1 3
split_gain=8.49894 3.87245 2.06058 1.85894 1.72111 1.48843 1.29752 1.43473 1.08423 0.830893 0.557619
threshold=-0.16629639999999998 -0.27129719999999996 0.90474050000000006 -0.20407929999999982 0.86798270000000011 -0.80451119999999965 -0.27129719999999996 0.20000000000000001 -0.19999999999999982 -0.20000000000000009 -0.20000000000000009
decision_type=8 8 10 8 10 10 10 10 10 10 10
left_child=6 2 5 -3 -5 -2 7 -1 9 -8 -10
right_child=1 3 -4 4 -6 -7 8 -9 10 -11 -12
leaf_value=0.0028364890363014373 -0.00082087225217532885 -0.0067756462911452431 0.010316686265963753 0.00099559768703661356 -0.0062340864633489033 0.0046602894752754125 -0.0040584431052060194 -0.0050400175908953291 -0.0037820609882473228 0.0015739943507182884 -0.0096673501865947326
leaf_weight=47.907652318477631 59.703344382345676 29.971971519291401 41.128091059625149 372.89487373828888 27.178344286978245 156.78060806542635 230.22754354029894 29.327580079436302 33.727980680763721 23.578039191663265 47.910264290869236
leaf_count=234 288 152 216 1960 137 779 1330 138 179 128 241
internal_value=-0.000429913 0.00161031 0.00448083 -0.000140972 0.000433573 0.00316425 -0.00380816 -0.000278951 -0.00460472 -0.0035149 -0.00759449
internal_weight=1100.34 687.657 257.612 430.045 400.073 216.484 412.679 77.2352 335.444 253.806 81.6382
internal_count=5782 3532 1283 2249 2097 1067 2250 372 1878 1458 420
is_linear=0
shrinkage=0.03


Tree=157
num_leaves=9
num_cat=0
split_feature=6 0 4 2 6 7 7 3
split_gain=2.59176 1.9404 2.70119 2.26171 2.02178 1.64554 1.01273 0.292635
threshold=1.0561405000000001 4.5962107424408041 2.7000000000000002 -0.59999999999999964 -0.39403079999999996 1.0000000180025095e-35 1.0000000180025095e-35 -0.39999999999999997
decision_type=10 2 10 8 10 10 10 10
left_child=1 3 4 5 -3 -1 -5 -4
right_child=-2 2 7 6 -6 -7 -8 -9
leaf_value=0.0023185407269747664 0.0072769729537588606 -0.0013438655905075136 -0.0082080450495471812 -0.0078917249531667514 0.0023860622589594064 -0.0052130274806825713 -0.00091535825594634855 -0.0027795057799634474
leaf_weight=87.153618678450584 39.876230821013451 184.78005989268422 22.114462494850159 64.956395529210567 421.57441852241755 31.435405932366848 27.537475377321243 25.094515524804592
leaf_count=532 223 1294 178 380 2630 199 155 191
internal_value=0.0002474 -0.000116769 0.000693312 -0.00258298 0.00124771 0.000191952 -0.00596817 -0.00586498
internal_weight=904.523 864.646 653.563 211.083 606.354 118.589 92.4939 47.209
internal_count=5782 5559 4293 1266 3924 731 535 369
is_linear=0
shrinkage=0.03


Tree=158
num_leaves=13
num_cat=0
split_feature=0 0 3 1 0 3 1 4 3 0 2 7
split_gain=16.2996 5.08554 2.60655 2.50419 2.16572 1.65068 1.60611 1.46956 1.39011 1.27509 1.17506 0.179944
threshold=107.26824786540602 1.1088900869526699 1.3000000000000005 -0.19999999999999996 201.36888414011381 0.80000000000000027 0.50000000000000022 1.2000000000000008 -1.2999999999999996 39.103185373899358 0.19999999999999987 1.0000000180025095e-35
decision_type=2 2 10 8 2 8 10 8 8 2 10 10
left_child=1 2 5 10 6 -1 7 -2 -8 -5 -3 -6
right_child=4 3 -4 9 11 -7 8 -9 -10 -11 -12 -13
leaf_value=0.0053442512210864325 -0.0045896276876921886 -0.00074483288406450169 -0.00069427142538096168 0.0065841025407384094 -0.012816356602700876 0.011861914433666616 -0.0085648730115596636 -0.013317870437672779 0.0003015001190109284 0.001281789236860009 -0.0062140641618319012 -0.0054329683755754334
leaf_weight=200.83622228354216 73.907944589853287 167.44727098196745 49.867115221917629 50.199097238481045 41.063003640621901 45.00307048112154 15.162308577448128 22.896727789193392 74.065641287714243 170.64019095897675 40.439023308455944 15.204485867172478
leaf_count=891 471 951 228 268 332 213 120 173 587 1168 248 132
internal_value=0.00025746 0.0025127 0.00550397 0.000409856 -0.00639977 0.00675003 -0.0046198 -0.00720677 -0.00157967 0.00260615 -0.00192969 -0.0114274
internal_weight=966.732 724.432 295.706 428.726 242.3 245.839 186.033 96.8047 89.2279 220.839 207.886 56.2675
internal_count=5782 3967 1332 2635 1815 1104 1351 644 707 1436 1199 464
is_linear=0
shrinkage=0.03


Tree=159
num_leaves=14
num_cat=0
split_feature=0 0 6 1 4 5 6 6 0 0 5 0 5
split_gain=8.93542 3.06199 2.63619 2.05999 2.84715 1.56226 1.91402 1.60622 1.44778 1.45272 1.32847 2.4974 1.31612
threshold=63.269646003495957 204.64400509356247 -0.025721099999999938 0.30000000000000016 0.29999999999999988 -0.010918000000000037 -0.47186619999999996 -0.35934070000000001 223.17422229725005 252.60248874671893 0.18256410000000009 -69.73250797128911 -0.55923250000000024
decision_type=2 2 8 10 10 10 10 10 2 2 10 2 8
left_child=2 3 5 12 -5 6 -1 -7 -3 -10 11 -4 -2
right_child=1 8 10 4 -6 7 -8 -9 9 -11 -12 -13 -14
leaf_value=0.0041031978269341247 -0.0028584298534523093 0.012523488538524264 -0.0087379522416535065 -0.0048998689979154273 0.0016435343631410106 -0.0015656291702504355 -0.0048348632867034197 0.0078243659514219861 -0.00095118099752375244 0.0075724768915672478 -0.0092655728083586644 -0.0022765202289706165 0.0038812517763042098
leaf_weight=26.05557731539011 25.871063508093357 26.246409736573696 67.163030669093132 88.27808989584446 162.43723633140326 27.138564683496952 69.042945884168148 31.62144985049963 28.734225057065487 39.029251709580421 46.320924907922745 236.47542069852352 219.00464768707752
leaf_count=122 118 124 392 431 843 128 371 158 133 174 237 1393 1125
internal_value=-0.000326092 0.0021728 -0.00324308 0.00119721 -0.000711188 3.56431e-05 -0.00230333 0.00370487 0.00699564 0.00414113 -0.00466476 -0.00382415 0.00312626
internal_weight=1093.42 589.601 503.818 495.591 250.715 153.859 95.0985 58.76 94.0099 67.7635 349.959 303.638 244.876
internal_count=5749 2948 2801 2517 1274 779 493 286 431 307 2022 1785 1243
is_linear=0
shrinkage=0.03


Tree=160
num_leaves=14
num_cat=0
split_feature=0 7 2 2 5 5 6 5 0 6 6 0 0
split_gain=1.34295 1.46963 1.43713 2.5106 1.43531 1.2766 1.54393 1.09759 0.893077 0.810047 0.720455 0.0481155 0.0193939
threshold=-28.2993702807189 -1.0000000180025095e-35 -0.69999999999999973 -1.2999999999999996 -0.4375776999999999 0.95970244000000016 -0.90154659999999998 -0.24386939999999999 -52.721032803983796 0.10468579999999995 0.42033750000000009 192.3219658265181 -72.867330530627541
decision_type=2 10 8 10 10 10 8 10 2 10 10 2 2
left_child=2 4 3 -1 9 6 -3 -6 10 -2 -4 -7 -5
right_child=1 5 8 12 7 11 -8 -9 -10 -11 -12 -13 -14
leaf_value=-0.0045108007918837857 -0.0014950797254833414 0.0086653423179997007 -0.0052137120032386859 0.0066218394758214109 0.0060362017198973134 -0.0015448608254571678 0.0019712980913554612 -0.00056887364635829145 -0.0085111267188730036 -0.0093075220069099972 0.001701210625090079 -0.0045713500407459327 0.0033062474515834044
leaf_weight=37.198559015989304 28.543324925005436 28.875032998621464 21.484032273292542 22.10949420183897 22.057510800659657 16.351383376866583 479.85014030337334 134.89608608558774 27.760671690106392 18.934238277375698 24.047943286597729 15.15169971436262 23.018049083650112
leaf_count=230 215 184 122 127 134 139 3051 881 160 117 140 112 137
internal_value=0.00071729 0.00124729 -0.00177871 0.000936719 -0.00090329 0.00206192 0.00243189 0.00051707 -0.00469385 -0.00520067 -0.0017546 -0.00342726 0.00542914
internal_weight=900.278 744.659 155.619 82.3261 204.431 540.228 508.725 156.954 73.2926 47.4776 45.532 31.5031 45.1275
internal_count=5749 4833 916 494 1347 3486 3235 1015 422 332 262 251 264
is_linear=0
shrinkage=0.03


Tree=161
num_leaves=14
num_cat=0
split_feature=0 0 5 1 5 4 1 5 0 5 5 6 6
split_gain=13.1826 5.94119 2.63164 1.92764 1.72386 1.34136 1.05221 1.04121 2.53689 1.71423 1.69596 1.27466 2.32427
threshold=1.1088900869526699 113.71465686896126 -0.31333139999999982 -0.19999999999999996 0.30979410000000002 1.7000000000000006 1.1000000000000003 -0.35582820000000009 -46.89991175851889 -0.63059379999999987 -0.87000539999999982 0.60153050000000019 0.061564199999999965
decision_type=2 2 8 8 10 10 10 8 2 10 10 8 10
left_child=7 3 -3 4 -2 -5 -4 8 10 -10 -1 12 -9
right_child=1 2 6 5 -6 -7 -8 11 9 -11 -12 -13 -14
leaf_value=0.001867171131294974 -0.0037827337776726458 0.0025590510102790516 -0.0092970190877503037 0.00023647206083029235 0.0039848521462047017 0.0065247931439063721 -0.0040049683123061647 0.010097699881964789 0.0024632884839666451 -0.0063272145910246652 0.0092025223413587584 0.011913083074394875 9.8909030962506875e-05
leaf_weight=54.394547402858734 180.94094244390726 22.449256233870983 133.96082890406251 204.64876805245876 25.666392885148525 30.969986885786057 60.251434791833162 33.01355405151844 47.290687747299671 27.444503739476204 62.461300231516361 32.314429365098476 46.762684777379036
leaf_count=227 1034 130 1000 1331 164 205 521 156 228 127 271 148 207
internal_value=-0.000300921 -0.00268102 -0.00669041 -0.00066385 -0.00274643 0.00118142 -0.00779697 0.00482289 0.003333 -0.000959128 0.00600475 0.00711841 0.00458819
internal_weight=962.569 658.888 216.662 442.226 206.607 235.619 194.212 303.682 191.591 74.7352 116.856 112.091 79.7762
internal_count=5749 4385 1651 2734 1198 1536 1521 1364 853 355 498 511 363
is_linear=0
shrinkage=0.03


Tree=162
num_leaves=15
num_cat=0
split_feature=0 0 6 2 2 4 4 0 3 3 3 3 2 7
split_gain=12.8103 3.62722 2.24205 2.01345 1.83746 1.65167 1.70987 1.52198 1.49413 1.26623 1.19787 3.50577 2.03804 0.844349
threshold=51.754719942583627 139.88179913083016 0.26209210000000027 1.0000000180025095e-35 -0.29999999999999999 -1.1999999999999993 -1.4999999999999996 247.53058268944224 0.20000000000000001 0.4000000000000003 -0.29999999999999999 1.0000000180025095e-35 0.20000000000000015 1.0000000180025095e-35
decision_type=2 2 8 10 10 8 10 2 10 10 10 10 8 10
left_child=2 10 4 -3 8 6 -4 -5 -1 -6 12 -12 -2 -7
right_child=1 3 5 7 9 13 -8 -9 -10 -11 11 -13 -14 -15
leaf_value=-0.0066929346200421801 0.0059580518045263551 0.010478122658699306 -0.0049292078421345675 0.0023992000501266565 0.0030787308326369637 -0.009867121117800845 0.0037663106024108783 0.0088815296402115964 0.00024165644741213108 -0.004068928125779866 -0.0053800909305173937 0.0023493506820373793 -0.00034853920721441493 -0.0033245306677309153
leaf_weight=71.272692561149597 86.410665675997734 55.98687282204628 82.850289590656757 147.89010691642761 79.365839764475822 85.419049896299839 22.454116240143776 39.412449471652508 43.615139849483967 25.58647109568119 78.448087774217129 138.99942669272423 92.022860564291477 30.652400813996792
leaf_count=394 441 260 519 732 374 491 131 179 240 132 388 692 562 171
internal_value=8.90588e-05 0.00279499 -0.00381831 0.00563976 -0.0016165 -0.00592084 -0.00298838 0.00395868 -0.00416006 0.0012304 0.000998202 -0.000497435 0.00278473 -0.00834799
internal_weight=1080.39 639.17 441.216 243.289 219.84 221.376 105.304 187.303 114.888 104.952 395.881 217.448 178.434 116.071
internal_count=5706 3254 2452 1171 1140 1312 650 911 634 506 2083 1080 1003 662
is_linear=0
shrinkage=0.03


Tree=163
num_leaves=9
num_cat=0
split_feature=0 0 5 4 3 0 4 5
split_gain=2.84211 1.91527 1.77471 1.3947 0.959738 1.52597 0.932215 0.842373
threshold=139.88179913083016 131.70812700171055 -1.3664777999999995 1.6000000000000005 -0.29999999999999999 185.02780197916323 0.59999999999999987 0.45870166000000001
decision_type=2 2 8 8 10 2 8 10
left_child=1 2 -1 -4 6 -6 -2 -8
right_child=4 -3 3 -5 5 -7 7 -9
leaf_value=-0.0074925722864740063 -0.0012883409840205313 0.0084355631590889314 0.0011101390494180452 -0.0028796145988766375 -0.0048821820633853166 0.0033627409335773967 -0.01197742979486602 -0.0042899415378554904
leaf_weight=20.406948149204254 35.925713196396828 22.045982599258423 589.05555889755487 86.066108025610447 35.973034232854843 35.053322076797485 21.247294969856739 44.836784552782774
leaf_count=131 228 125 3595 684 228 220 147 348
internal_value=-0.000235832 0.000602061 0.000295328 0.000584085 -0.00362986 -0.000859555 -0.00542846 -0.00743024
internal_weight=890.611 717.575 695.529 675.122 173.036 71.0264 102.01 66.0841
internal_count=5706 4535 4410 4279 1171 448 723 495
is_linear=0
shrinkage=0.03


Tree=164
num_leaves=14
num_cat=0
split_feature=0 6 6 0 6 5 0 5 0 1 5 6 6
split_gain=13.4179 3.63647 3.3443 2.38959 2.78887 1.86895 1.5818 1.45869 1.39095 1.11009 0.631679 0.493428 0.357684
threshold=45.763010766444275 0.56159238999999983 0.82035740000000024 201.36888414011381 -0.77437569999999978 0.2594688 -45.002345871562959 -0.83232685999999989 119.82680697545915 1.1000000000000003 -0.70277100000000003 0.62547940000000024 -0.53969819999999979
decision_type=2 8 10 2 8 10 2 10 2 10 10 10 8
left_child=1 5 11 4 8 6 -1 -6 -2 -5 -4 -3 -11
right_child=3 2 10 9 7 -7 -8 -9 -10 12 -12 -13 -14
leaf_value=0.0058312100357176674 0.0089181462178877392 0.0065188549982715263 0.0053068550516904732 -0.01304082658712559 0.0016204143636411362 -0.0043533196234093333 0.0010194783393440692 -0.0040168548166507664 -0.0013465287931646972 -0.0064227466939212104 3.7556612052473235e-05 0.013618803514524776 -4.3707583778628899e-05
leaf_weight=88.045944966375828 21.888249740004539 29.606429502367973 35.679572463035583 26.789012137800455 44.175128147006035 34.814851768314838 189.58681243658066 341.50640360638499 19.230528388172388 14.360129766166208 41.370478726923466 49.956171162426472 13.493872161954643
leaf_count=372 146 156 158 216 344 181 982 2309 152 133 200 240 117
internal_value=0.000119885 0.00371108 0.00737352 -0.00338112 -0.00255909 0.00178808 0.00262159 -0.0033587 0.00449201 -0.00904898 0.00265231 0.0115185 -0.00380938
internal_weight=950.504 469.06 156.613 481.443 426.8 312.448 277.633 385.682 41.1188 54.643 77.0501 79.5626 27.854
internal_count=5706 2289 754 3417 2951 1535 1354 2653 298 466 358 396 250
is_linear=0
shrinkage=0.03


Tree=165
num_leaves=12
num_cat=0
split_feature=0 0 4 6 1 7 7 4 1 4 5
split_gain=13.9662 3.43552 2.73869 1.97566 1.82461 1.70576 1.6154 1.68599 1.43842 1.06631 0.615158
threshold=68.596109686953255 -69.73250797128911 0.40000000000000019 0.32771530000000004 0.30000000000000016 -1.0000000180025095e-35 -2.4999999999999996 -2.899999999999999 -0.29999999999999999 2.7000000000000002 -0.8571783999999999
decision_type=2 2 8 10 10 10 10 10 10 8 8
left_child=1 10 3 4 -2 9 -3 -8 -7 -4 -1
right_child=2 6 5 -5 -6 8 7 -9 -10 -11 -12
leaf_value=-0.0051664789769880317 0.0044977326574719579 0.0043341604298352846 0.0052488094870884565 -0.0052305495968277419 -0.0012453610707395845 -0.0024295313307359078 -0.00873734495359553 -0.0026641876275331033 0.0039661736793107968 0.012918875301944634 -0.011848572536283788
leaf_weight=33.079013116657734 92.036404132843018 21.854437626898289 68.822487086057663 42.873573631048203 98.795819416642189 34.04399248957634 42.803303241729736 390.68076498806477 197.01395264267921 24.902956597507 47.615987837314606
leaf_count=195 437 139 339 197 480 182 292 2084 1008 136 273
internal_value=-0.000580868 -0.00402121 0.00272753 0.000237847 0.00156859 0.00448827 -0.00294446 -0.00335666 0.00299233 0.00783782 -0.00957067
internal_weight=1094.52 536.034 558.489 233.706 190.832 324.783 455.339 433.484 231.058 93.7254 80.695
internal_count=5762 2983 2779 1114 917 1665 2515 2376 1190 475 468
is_linear=0
shrinkage=0.03


Tree=166
num_leaves=12
num_cat=0
split_feature=4 0 4 5 1 4 2 0 7 0 1
split_gain=1.33033 2.11047 3.70479 1.51389 1.3798 1.64763 1.42718 1.10436 0.731701 1.4356 0.226316
threshold=1.8000000000000007 15.958157052232311 -2.6999999999999988 -0.34920470000000009 -0.90000000000000002 -3.4999999999999991 -0.69999999999999973 36.220430428302855 -1.0000000180025095e-35 176.1455284737398 1.1000000000000003
decision_type=8 2 10 10 10 10 10 2 10 2 8
left_child=1 4 -3 -4 5 -1 -6 -2 10 -10 -9
right_child=7 2 3 -5 6 -7 -8 8 9 -11 -12
leaf_value=-0.0058686596599340328 0.0045787397649949017 0.013581185227809583 -0.001691460648153526 0.0024217612446616244 0.0017445801119721134 0.0027761024525546295 -0.0048930343349504572 -0.0024217715387451176 -0.0040778631071444697 0.0034919990639605595 -0.0080699531986986438
leaf_weight=19.558059923350811 15.26129514724016 19.492850437760353 97.596783101558685 385.8622697815299 37.139212027192116 100.87432273477316 101.86492926627398 16.100156180560589 56.678363364189863 30.922559153288603 22.102063421159983
leaf_count=124 97 112 585 2414 230 614 577 112 460 232 205
internal_value=0.000553666 0.00105044 0.00217674 0.0015826 -0.00113291 0.00119423 -0.00312059 -0.00207522 -0.00302658 -0.00136148 -0.00624533
internal_weight=903.453 762.388 502.952 483.459 259.437 120.432 139.004 141.064 125.803 87.6009 38.2022
internal_count=5762 4656 3111 2999 1545 738 807 1106 1009 692 317
is_linear=0
shrinkage=0.03


Tree=167
num_leaves=12
num_cat=0
split_feature=0 0 1 6 3 6 5 1 1 6 6
split_gain=16.36 4.58666 2.15548 1.95367 2.65085 2.30523 1.51229 0.547739 0.559525 0.540047 0.355008
threshold=34.959182206173871 153.08004332896056 1.1000000000000003 -0.47186619999999996 0.20000000000000001 0.22606660000000015 -0.13886782000000006 -0.19999999999999996 1.1000000000000003 0.056387400000000094 -0.35407739999999993
decision_type=2 2 10 8 10 10 10 8 10 10 10
left_child=3 2 6 -1 9 -6 -2 -3 -9 -5 -4
right_child=1 7 10 4 5 -7 -8 8 -10 -11 -12
leaf_value=-0.0029569025343070808 -0.00027133291530239903 -0.002067550070140031 0.0013951229061364436 0.010459712883211302 -0.0015545537504381239 0.004759958492294678 -0.0040825360720801451 -0.011145158360784583 -0.0056019123937417004 0.0058938468967871596 0.0077661640216908634
leaf_weight=26.568060003221035 166.02928784489632 14.911131396889685 16.924595881253481 64.360602833330631 68.84892451018095 184.97680848836899 212.37687020003796 60.283138245344162 47.695522628724575 83.044575184583664 15.907266415655611
leaf_count=126 1043 105 131 322 328 876 1430 489 421 380 111
internal_value=0.000140339 -0.00334773 -0.00177999 0.00448372 0.00500674 0.00305024 -0.00243568 -0.0083193 -0.00905292 0.00816516 0.00510038
internal_weight=961.927 534.128 411.238 427.799 401.231 253.826 378.406 122.89 107.979 147.405 32.8319
internal_count=5762 3730 2715 2032 1906 1204 2473 1015 910 702 242
is_linear=0
shrinkage=0.03


Tree=168
num_leaves=12
num_cat=0
split_feature=0 0 0 1 5 0 1 3 0 5 5
split_gain=15.2378 3.8482 2.70139 2.28057 2.81821 1.58066 1.29054 1.25458 1.1229 1.25267 0.859835
threshold=109.0330838302706 19.696796989685371 252.60248874671893 0.50000000000000022 0.018461600000000026 144.32918837674711 1.1000000000000003 0.90000000000000036 -66.545195644924192 -0.10037279999999991 -0.95888639999999992
decision_type=2 2 2 10 8 2 10 10 2 8 8
left_child=1 8 3 4 -2 -5 7 -3 10 -10 -1
right_child=2 6 -4 5 -6 -7 -8 -9 9 -11 -12
leaf_value=-0.0032174029530563416 0.00034113852843928522 -0.00024644639548905447 0.011176468822925507 -0.0028054918993792371 0.0089532337164495678 0.0029106246888918378 -0.0071819086460191304 -0.0054962613136233986 -0.00269643822209559 -0.0075828722971316743 -0.010594667691615657
leaf_weight=25.670373484492302 52.827752754092216 363.76789501309395 40.554645091295242 61.570317707955837 94.146326057612896 122.02518967539072 26.326684430241585 41.249941028654575 150.32995331287384 71.343731187283993 59.206236623227596
leaf_count=152 230 1977 180 318 445 618 132 228 865 370 337
internal_value=-0.000670748 -0.0031589 0.0042526 0.0032493 0.0059708 0.000970119 -0.00130646 -0.00084163 -0.00570266 -0.00440167 -0.00866658
internal_weight=1109.02 737.895 371.124 330.57 146.974 183.596 431.345 405.018 306.55 221.674 84.8766
internal_count=5852 4061 1791 1611 675 936 2337 2205 1724 1235 489
is_linear=0
shrinkage=0.03


Tree=169
num_leaves=11
num_cat=0
split_feature=4 6 6 6 0 6 4 6 6 7
split_gain=2.43517 1.44274 1.61316 1.34566 1.24582 0.908433 0.703694 0.49061 0.522708 0.116904
threshold=1.8000000000000007 -0.78796480000000024 -0.68627526999999977 0.26816999999999974 40.868633320390025 0.74730730000000012 0.39999999999999974 -0.83870058999999964 -0.52119789999999988 -1.0000000180025095e-35
decision_type=8 10 10 8 2 8 10 10 10 10
left_child=1 6 -3 7 -4 -5 -1 -2 -9 -7
right_child=3 2 4 5 -6 9 -8 8 -10 -11
leaf_value=0.0087939228207362698 -0.00012892937086538044 -0.0063773146246314735 1.385320320503291e-05 0.0062351905620830943 0.0025397395426404712 -0.0032465831827141927 0.0016908807608166706 -0.01021719861904335 -0.003918167583911206 -7.7528785316581872e-05
leaf_weight=29.150006920099258 16.337691754102707 20.46879081428051 339.15993362665176 14.865163922309874 359.84958838671446 14.741525359451769 24.446995034813881 16.444194000214338 57.335612043738365 22.859191358089447
leaf_count=170 133 130 2042 95 2233 143 160 132 413 201
internal_value=0.000771829 0.00143826 0.00106141 -0.0027678 0.00132298 0.00100252 0.00597477 -0.00490017 -0.00588147 -0.00155519
internal_weight=915.659 773.075 719.478 142.583 699.01 52.4659 53.597 90.1175 73.7798 37.6007
internal_count=5852 4735 4405 1117 4275 439 330 678 545 344
is_linear=0
shrinkage=0.03


Tree=170
num_leaves=12
num_cat=0
split_feature=0 0 2 5 4 5 2 5 2 5 6
split_gain=14.6614 3.87293 2.52129 2.3869 2.20299 2.04023 1.96663 1.46588 0.617256 1.27718 0.982594
threshold=113.71465686896126 36.220430428302855 0.70000000000000018 0.43235350000000011 0.99999999999999989 -0.089308800000000396 -1.0999999999999994 -0.31333139999999982 0.59999999999999998 0.63875660000000012 -0.34220479999999992
decision_type=2 2 8 8 10 8 10 8 10 10 10
left_child=1 4 6 -4 5 -1 -3 -2 9 -9 -10
right_child=7 2 3 -5 -6 -7 -8 8 10 -11 -12
leaf_value=0.0032135355838162362 0.00053276365156506038 0.006152309749752948 0.010616603595890305 3.3427215765080502e-05 -0.0027272846493195347 0.0083328822747406103 -0.0028901382629912555 -0.01088085746164149 -0.0084639842561701484 -0.0013168932998913088 -0.0022672430346619547
leaf_weight=313.39664661884308 21.630621418356895 19.261696971952915 25.890632189810276 50.676256701350212 39.121430814266205 91.071235813200474 219.84854113310575 80.860625684261322 44.190120317041874 16.473043829202652 52.923894502222538
leaf_count=1456 130 105 154 413 191 460 1393 589 399 141 421
internal_value=3.73698e-05 0.00200537 -0.000532508 0.00404349 0.00379723 0.0044539 -0.00205062 -0.00676683 -0.00757184 -0.00940565 -0.00536334
internal_weight=975.345 759.266 315.677 76.5669 443.589 404.468 239.11 216.078 194.448 97.3337 97.114
internal_count=5852 4172 2065 567 2107 1916 1498 1680 1550 730 820
is_linear=0
shrinkage=0.03


Tree=171
num_leaves=14
num_cat=0
split_feature=0 0 4 4 2 7 5 0 4 4 2 3 5
split_gain=12.7495 4.65934 2.32873 2.03471 1.65454 1.49521 1.35793 1.99178 1.80448 1.50564 1.37757 0.712965 0.537522
threshold=23.204132987012034 120.91100310119317 -2.0999999999999992 2.5000000000000009 0.49999999999999994 1.5000000000000002 -0.23725949999999982 8.709311929941693 -1.1999999999999993 -1.5999999999999999 0.20000000000000001 -0.49999999999999994 -0.59220759999999995
decision_type=2 2 8 8 10 8 10 2 8 10 10 10 8
left_child=6 2 -2 4 -3 -4 8 10 9 -1 -8 -5 -10
right_child=1 3 5 11 -6 -7 7 -9 12 -11 -12 -13 -14
leaf_value=-0.0056803935494684366 -0.0071627021764614661 0.0057430784776756989 0.00025876195507112276 0.012891349614433554 0.00079933943898851561 0.0061458123959872105 -0.0064707261430169945 0.0044826868322887653 -0.0048867636103807864 0.0017452013234955145 0.0015958696198149749 0.0052476601597065721 -0.012108500380589129
leaf_weight=104.18187448382378 30.315243847668171 138.45627961307764 389.05995717644691 30.998635016381741 109.12381607294083 38.199265666306019 63.806070648133755 26.53333768248558 23.880264990031719 29.14876963943243 23.999099731445312 32.618748381733894 46.842115566134453
leaf_count=650 163 635 2057 173 529 223 342 138 137 173 115 171 251
internal_value=9.52625e-05 0.00218552 0.000247549 0.00498608 0.00362303 0.000850097 -0.00490753 -0.0021585 -0.00635944 -0.00405261 -0.00429875 0.00964014 -0.0101537
internal_weight=1087.16 768.772 457.574 311.197 247.58 427.259 318.392 114.339 204.053 133.331 87.8052 63.6174 70.7224
internal_count=5757 3951 2443 1508 1164 2280 1806 595 1211 823 457 344 388
is_linear=0
shrinkage=0.03


Tree=172
num_leaves=10
num_cat=0
split_feature=6 4 6 6 6 6 4 3 3
split_gain=2.26736 3.57405 1.80276 1.69657 2.16681 2.059 1.29011 0.840867 0.108236
threshold=0.95583580000000012 -1.0999999999999996 0.57033750000000005 -0.39403079999999996 -0.34965769999999985 -0.51056078999999988 -0.70000000000000007 0.90000000000000036 0.70000000000000018
decision_type=10 10 10 10 10 10 10 10 10
left_child=2 -2 3 5 -5 -1 7 -4 -8
right_child=1 -3 6 4 -6 -7 8 -9 -10
leaf_value=-0.00033799564927493346 -0.0021922222252128863 0.012158825250428952 -0.0033293365803215352 0.0095137560916005656 0.00079827203921915661 -0.0072315919734900098 -0.008489021528717916 0.0036104603097493167 -0.0039716969557060137
leaf_weight=182.52468163520098 26.196355894207954 29.430674314498901 32.207681499421597 22.200738221406937 487.7382292561233 44.779055468738079 28.027904145419598 22.254087164998055 24.397373139858246
leaf_count=1309 163 158 204 147 3027 290 180 139 140
internal_value=0.000172858 0.00577708 -0.000228296 0.000308196 0.0012664 -0.00182246 -0.00377711 -0.000428462 -0.00691563
internal_weight=899.757 55.627 844.13 737.243 509.939 227.304 106.887 54.4618 52.4253
internal_count=5757 321 5436 4773 3174 1599 663 343 320
is_linear=0
shrinkage=0.03


Tree=173
num_leaves=13
num_cat=0
split_feature=4 5 3 5 4 5 3 5 5 5 5 3
split_gain=6.89664 2.72129 2.061 2.04173 1.85126 1.56832 1.28704 1.20958 1.20568 1.39991 1.01177 0.879805
threshold=-0.49999999999999994 -0.28134710000000002 -0.39999999999999997 -0.38680299999999984 -1.0999999999999996 -0.52167082999999992 0.20000000000000015 -0.60219229999999968 -0.1742201999999998 0.6886405000000001 -0.47537030000000002 1.0000000180025095e-35
decision_type=8 10 10 10 10 10 10 10 10 10 10 10
left_child=2 3 4 5 10 -2 11 -8 -3 -10 -1 -4
right_child=1 8 6 -5 -6 -7 7 -9 9 -11 -12 -13
leaf_value=-0.0002911956063659574 0.0014110502749739655 -0.0091427295750650499 0.0039627981245639217 0.0079836214955071125 0.0042209744096255667 -0.0070798210407950497 0.0041349421460252977 -0.00030743444258455384 -0.0021274946748420483 -0.0065037845084889353 -0.0079523597812574832 0.0096831168608300881
leaf_weight=28.843302831053734 70.680071629583836 30.468027368187904 94.781080365180969 26.460113316774368 28.900470227003098 21.493586286902428 111.46497138589621 103.57345089316368 291.32961293309927 83.907960765063763 29.596614338457584 36.351324871182442
leaf_count=141 477 173 495 135 185 105 524 546 1916 700 177 183
internal_value=-0.000270485 -0.00257409 0.00251335 0.00137814 -0.00153656 -0.00083131 0.00354249 0.0020369 -0.00373248 -0.00317874 -0.00449212 0.00584594
internal_weight=957.851 524.339 433.511 118.634 87.3404 92.1737 346.171 215.038 405.706 375.238 58.4399 131.132
internal_count=5757 3506 2251 717 503 582 1748 1070 2789 2616 318 678
is_linear=0
shrinkage=0.03


Tree=174
num_leaves=14
num_cat=0
split_feature=0 7 4 5 2 5 0 0 4 4 4 5 2
split_gain=12.0074 3.58746 3.1043 2.18311 2.0563 1.67091 1.59206 1.39113 1.30007 1.59089 1.44068 1.23216 0.416156
threshold=65.58766876492065 -1.0000000180025095e-35 1.2000000000000008 -0.56830179999999997 -1.0000000180025095e-35 -0.64769613999999975 48.996645916851328 80.174400567446256 -1.0999999999999996 -0.79999999999999993 -1.5999999999999999 -0.74909159999999975 0.49999999999999994
decision_type=2 10 8 8 10 10 2 2 10 10 10 8 10
left_child=5 2 4 -3 -2 6 11 -5 10 -10 -7 -1 -4
right_child=1 3 12 7 -6 8 -8 -9 9 -11 -12 -13 -14
leaf_value=-0.0048810985621821823 0.0080600247307751199 -0.0066823076389421676 0.015408744304331033 -0.0026753675744096246 -0.00037829045983915366 -0.0020577711785016019 0.0017203712307751263 0.0026551102154609811 -0.0098647547362220034 -0.0023907874422914141 0.0049683286798035938 -0.011727723468512766 0.0078908967815574504
leaf_weight=95.631600826978683 38.947232462465763 23.245546780526638 23.498753607273102 46.524752005934715 62.575143098831177 62.648395493626595 19.334185652434826 334.98321491479874 24.755615659058094 242.42043972760439 38.064665026962757 35.415759466588497 41.099100284278393
leaf_count=594 186 112 131 265 301 368 142 1668 132 1246 216 225 211
internal_value=-2.374e-05 0.00296531 0.00661258 0.00140597 0.00308529 -0.00331305 -0.00594224 0.00197886 -0.00217305 -0.0032518 0.000707145 -0.00709442 0.0115362
internal_weight=1089.14 570.874 166.12 404.754 101.522 518.271 150.382 381.508 367.889 267.176 100.713 131.047 64.5979
internal_count=5797 2874 829 2045 487 2923 961 1933 1962 1378 584 819 342
is_linear=0
shrinkage=0.03


Tree=175
num_leaves=9
num_cat=0
split_feature=7 5 0 0 4 6 0 4
split_gain=1.59423 1.9807 1.94281 1.89485 1.81344 1.50749 1.41409 0.567828
threshold=-1.0000000180025095e-35 -0.8077331999999996 -52.721032803983796 -122.17572730190214 -3.4999999999999991 -0.90154659999999998 199.08277893015796 -1.1999999999999993
decision_type=10 10 2 2 8 8 2 8
left_child=1 7 -3 -2 -5 -6 -4 -1
right_child=3 2 6 4 5 -7 -8 -9
leaf_value=-0.010005932775033467 -0.0067154854973899124 0.0074894353866292373 -0.00032562673168200261 0.0096552734377363825 0.0069178192874696258 0.00074233541600775125 -0.0074910975924615637 -0.0023992093557640409
leaf_weight=23.198923602700233 21.698180362582207 19.990040190517902 168.73269752040505 18.485408507287502 33.095890551805496 573.62638106197119 24.162339821457863 18.787560530006886
leaf_count=146 122 114 1083 113 219 3668 161 171
internal_value=0.00034567 -0.00164349 -0.00040328 0.00113596 0.00145957 0.00113299 -0.00138978 -0.00721969
internal_weight=901.777 254.872 212.885 646.906 625.208 606.722 192.895 41.9865
internal_count=5797 1675 1358 4122 4000 3887 1244 317
is_linear=0
shrinkage=0.03


Tree=176
num_leaves=10
num_cat=0
split_feature=0 0 6 3 4 2 2 0 3
split_gain=15.7231 4.01204 2.18906 2.3369 1.58793 1.38618 1.46031 0.74683 0.508677
threshold=33.93400192509808 146.23824793628663 -0.3745529999999998 -0.49999999999999994 0.99999999999999989 -1.0999999999999994 1.1000000000000003 217.08954974942961 0.19999999999999987
decision_type=2 2 8 10 10 8 10 2 10
left_child=2 5 -1 -4 -5 -2 -7 8 -3
right_child=1 7 3 4 -6 6 -8 -9 -10
leaf_value=-0.0027924154332796269 0.0047871843931386326 -0.0072780297956531632 0.011632672729617176 0.004369853090811001 -0.002528986115157793 -0.0031303324504798795 0.0036325270552497796 -0.011660449207936676 -0.0016713151451344362
leaf_weight=36.368228986859322 19.789887823164463 68.100991439074278 34.591116681694984 327.83565621823072 29.791849762201309 349.61022069677711 27.137195099145174 41.82840022072196 22.674240086227655
leaf_count=177 107 577 171 1554 147 2341 192 363 168
internal_value=-0.0002986 -0.00374238 0.00394728 0.0045995 0.00376821 -0.00217822 -0.002602 -0.00817074 -0.00603792
internal_weight=957.728 529.141 428.587 392.219 357.628 396.537 376.747 132.604 90.7752
internal_count=5797 3748 2049 1872 1701 2640 2533 1108 745
is_linear=0
shrinkage=0.03


Tree=177
num_leaves=14
num_cat=0
split_feature=1 6 5 5 6 3 4 1 6 5 5 5 4
split_gain=6.48522 2.56878 1.67278 1.61476 1.56828 1.75234 1.39697 1.15528 0.929764 0.912581 0.773035 2.27435 0.932438
threshold=-0.39999999999999997 0.32771530000000004 0.30979410000000002 -0.19120150000000022 -1.1427223999999998 -1.0999999999999994 -0.39999999999999963 -0.19999999999999982 0.31112699999999999 0.022429800000000003 -1.0035989999999997 -0.74909159999999975 -2.899999999999999
decision_type=8 10 10 10 8 8 10 10 10 10 10 10 10
left_child=3 4 7 10 -2 -6 8 -3 -5 -8 12 -12 -1
right_child=1 2 -4 6 5 -7 9 -9 -10 -11 11 -13 -14
leaf_value=-0.011188671377524299 -0.0042202799463457157 0.00051618031055744638 0.0034545391007563559 0.0069500615609045845 0.0070662289207215623 0.0022694395393732386 0.0016072123997248047 -0.0063133710467354357 -0.00099402503025399847 -0.0048309366588707081 0.0022169840756471595 -0.005471813908185439 -0.0025582662382255231
leaf_weight=27.481981985270977 24.572829723358154 32.69376016408205 32.861556716263294 25.0301913022995 76.417008958756924 515.71331621706486 26.803777806460857 60.582268111407757 21.767487920820713 53.975719787180424 43.908355094492435 126.10043215751648 23.042099177837372
leaf_count=178 128 179 155 132 383 2697 137 296 120 264 254 711 136
internal_value=0.000248782 0.00182985 -0.00201158 -0.00310324 0.00262542 0.00294247 -0.000389874 -0.0040151 0.00351568 -0.00272551 -0.00462947 -0.00347941 -0.00783749
internal_weight=1090.95 742.841 126.138 348.11 616.703 592.13 127.577 93.276 46.7977 80.7795 220.533 170.009 50.5241
internal_count=5770 3838 630 1932 3208 3080 653 475 252 401 1279 965 314
is_linear=0
shrinkage=0.03


Tree=178
num_leaves=12
num_cat=0
split_feature=3 0 4 5 6 5 3 3 5 6 5
split_gain=1.99468 2.11686 4.42825 2.95603 2.12374 1.10527 1.59865 0.933094 0.742754 0.408433 0.281891
threshold=0.70000000000000018 -30.377474877829396 -2.899999999999999 -0.8571783999999999 0.36962880000000015 -0.045921100000000041 1.5000000000000002 0.90000000000000036 -0.28666709999999984 0.50645490999999987 -0.46720509999999998
decision_type=10 2 8 8 10 10 10 10 10 10 10
left_child=1 4 -3 -4 10 6 8 -7 -2 -9 -1
right_child=5 2 3 -5 -6 7 -8 9 -10 -11 -12
leaf_value=-0.010537832928591402 0.0041542718918284576 0.012256216928866586 -0.010884564759829686 -0.000124724084682849 0.0011425268026684877 -0.0049567254151789003 -0.0014353212079828395 -0.00078225251942351352 0.010512592148577122 0.0047455324659984423 -0.004180003655823464
leaf_weight=29.872244216501713 72.243007324635983 20.333969846367836 18.903114706277847 598.12973999977112 30.225974902510643 21.213200934231281 30.734426707029343 20.872114799916744 23.898793466389179 19.975226759910583 20.21262900531292
leaf_count=174 429 121 122 3934 186 132 178 125 137 117 115
internal_value=9.23949e-05 -0.000633092 -3.87647e-05 -0.0005392 -0.0050711 0.00279344 0.00434801 -0.000471953 0.00617637 0.00214368 -0.00858433
internal_weight=906.614 717.678 637.367 617.033 80.3108 188.937 126.876 62.0605 96.1418 40.8473 50.0849
internal_count=5770 4652 4177 4056 475 1118 744 374 566 242 289
is_linear=0
shrinkage=0.03


Tree=179
num_leaves=13
num_cat=0
split_feature=0 0 2 6 2 2 7 0 6 1 1 6
split_gain=14.7118 4.22786 3.04826 2.13834 1.30272 1.24214 1.13246 0.807874 0.587074 0.992257 0.615617 0.586007
threshold=110.78411692301917 8.709311929941693 0.59999999999999998 -0.029897959999999942 -1.0999999999999994 -1.2999999999999996 1.0000000180025095e-35 -52.721032803983796 0.45535530000000007 0.50000000000000022 0.70000000000000018 -0.54726275999999985
decision_type=2 2 10 10 8 10 10 2 10 10 10 10
left_child=1 5 4 -4 -3 7 -7 -1 9 11 -11 -2
right_child=8 2 3 -5 -6 6 -8 -9 -10 10 -12 -13
leaf_value=0.010260277622758517 -0.0041360705135986553 0.0036795870200771207 -0.00043507002168970203 0.0098267097314293176 -0.0021386144204435294 0.0043004605168770887 -9.0276944041953308e-05 0.0030142879561410739 -0.0019145427533497638 -0.00033637295527176239 -0.0063821815586817352 -0.011797643632706131
leaf_weight=40.076926976442337 18.943958759307861 34.27682126313448 32.633220992982388 35.394900999963284 314.11862831562757 188.63541841506958 72.443914920091629 28.161305792629719 21.632505565881729 18.484064139425755 96.864148795604706 61.086061161011457
leaf_count=173 147 186 216 210 1963 848 326 143 133 142 839 444
internal_value=-0.000368774 0.00163947 -0.000373433 0.00521136 -0.00152223 0.00415231 0.00310332 0.00767986 -0.00715145 -0.00766904 -0.00546759 -0.0103339
internal_weight=962.752 745.741 416.424 68.0281 348.395 329.318 261.079 68.2382 217.011 195.378 115.348 80.03
internal_count=5770 4065 2575 426 2149 1490 1174 316 1705 1572 981 591
is_linear=0
shrinkage=0.03


Tree=180
num_leaves=14
num_cat=0
split_feature=0 4 0 4 2 6 6 6 0 1 2 7 6
split_gain=10.5805 3.36665 2.26022 2.03366 2.13827 2.01338 1.36046 1.32035 1.31978 1.57087 1.11096 0.575487 0.540992
threshold=68.596109686953255 2.7000000000000002 -3.590107527426539 -1.1999999999999993 -0.39999999999999997 -0.16396135999999981 0.079201900000000061 0.16323860000000004 204.64400509356247 0.30000000000000016 0.59999999999999998 -1.0000000180025095e-35 0.11047400000000009
decision_type=2 8 2 8 8 8 10 10 2 10 10 10 8
left_child=2 8 5 7 -5 -1 -7 -4 9 -2 -10 -3 -13
right_child=1 11 3 4 -6 6 -8 -9 10 -11 -12 12 -14
leaf_value=0.00071564326732775744 0.0027221705184228406 0.011807164573878136 -0.0014009918689178863 -0.0081862244769146993 -0.0014230833150386403 -0.012533373450984434 -0.005435714891279626 0.0057424600801903574 0.0091344927412418588 -0.00097735986399556446 0.0017084908343441452 0.0074237705563629111 0.0011638835217374645
leaf_weight=36.360322281718254 193.48088224977255 24.817065626382828 43.772684901952744 52.24895828217268 170.04746146500111 30.296598367393017 154.65889977663755 41.225351646542549 29.457958199083805 211.41294131428003 44.483805418014526 37.106133945286274 20.658781491219997
leaf_count=179 923 135 247 287 926 168 933 254 136 1071 197 212 133
internal_value=-0.000345836 0.00251156 -0.00337566 -0.00166715 -0.00315781 -0.00565867 -0.00689765 0.00219024 0.00150482 0.000802124 0.00505814 0.00792977 0.00545608
internal_weight=1090.03 561.418 528.61 307.294 222.296 221.316 184.955 84.998 478.836 404.894 73.9418 82.582 57.7649
internal_count=5801 2807 2994 1714 1213 1280 1101 501 2327 1994 333 480 345
is_linear=0
shrinkage=0.03


Tree=181
num_leaves=7
num_cat=0
split_feature=5 2 4 5 5 4
split_gain=2.80398 1.40817 1.25105 1.46218 2.0795 0.937263
threshold=0.98392210000000013 1.3000000000000005 2.9000000000000008 0.50693269000000019 0.29722209999999988 1.9000000000000001
decision_type=10 10 10 10 10 10
left_child=2 -2 3 4 -1 -5
right_child=1 -3 -4 5 -6 -7
leaf_value=0.001160951454010432 -0.010790465823978503 -0.00023143829015438597 -0.0058409186371848366 0.0059013726403424902 -0.0038420941499856093 -0.00042210700839579628
leaf_weight=657.17385670542717 23.576365124434233 19.246733721345663 19.220658518373966 77.888012506067753 79.378942172974348 27.443667709827423
leaf_count=4119 179 160 148 482 514 199
internal_value=0.000511133 -0.00656511 0.000898906 0.00108636 0.000599499 0.00430935
internal_weight=903.928 42.8231 861.105 841.884 736.553 105.332
internal_count=5801 339 5462 5314 4633 681
is_linear=0
shrinkage=0.03


Tree=182
num_leaves=10
num_cat=0
split_feature=0 5 5 5 6 1 6 1 6
split_gain=8.85895 2.90484 2.67706 2.02603 1.65895 2.56568 1.83096 1.42469 0.635396
threshold=107.26824786540602 0.44188640000000007 -0.31333139999999982 -0.058125399999999876 0.62547940000000024 0.90000000000000036 0.82035740000000024 0.50000000000000022 -0.1043045699999998
decision_type=2 10 8 10 10 10 10 10 10
left_child=1 4 -2 -4 5 -1 -6 -5 -3
right_child=2 8 3 7 6 -7 -8 -9 -10
leaf_value=0.00079967903419381648 0.003118890167014542 -0.0076583381172627288 -0.012810099043420986 -0.0081694864693530583 0.0087196091611902171 0.010347506729225643 0.0019505813273893212 -0.002488796848527053 -0.0013531743845847544
leaf_weight=492.98940481245518 28.403533428907394 26.583086363971233 32.197890281677246 63.531026177108288 60.0514025837183 21.789375439286232 89.147660225629807 111.13921463489532 31.264957927167416
leaf_count=2729 166 185 216 493 300 130 433 958 191
internal_value=-8.92667e-05 0.00156207 -0.00508273 -0.00625587 0.00213206 0.00129947 0.00486946 -0.00472482 -0.00462937
internal_weight=957.098 721.826 235.272 206.868 663.978 514.779 149.199 174.67 57.848
internal_count=5801 3968 1833 1667 3592 2859 733 1451 376
is_linear=0
shrinkage=0.03


Tree=183
num_leaves=9
num_cat=0
split_feature=6 4 3 1 7 1 1 3
split_gain=5.84825 3.55957 2.41205 2.38906 2.04941 1.43043 1.49026 1.37339
threshold=1.0858518000000001 0.39999999999999974 0.90000000000000036 0.30000000000000016 -1.0000000180025095e-35 -0.29999999999999999 0.50000000000000022 0.70000000000000018
decision_type=10 10 10 10 10 10 10 10
left_child=1 2 3 -1 -4 7 -7 -3
right_child=-2 5 4 -5 -6 6 -8 -9
leaf_value=0.0013003809454094285 -0.010889387334123483 -0.0038855082162351337 0.0023135048312229248 -0.0030885044392862941 -0.0081567294585211982 0.0060720375631539737 0.0020384225545483888 0.0038517759088054523
leaf_weight=396.27892114967108 34.959351897239685 46.075217761099339 20.514145590364933 149.6457431986928 57.141517706215382 138.71435445547104 212.71814891695976 29.797944121062756
leaf_count=2198 209 222 121 718 349 694 1089 159
internal_value=0.000378821 0.000803466 -0.000642166 8.02131e-05 -0.00541819 0.00289615 0.00369338 -0.000796547
internal_weight=1085.85 1050.89 623.58 545.925 77.6557 427.306 351.433 75.8732
internal_count=5759 5550 3386 2916 470 2164 1783 381
is_linear=0
shrinkage=0.03


Tree=184
num_leaves=6
num_cat=0
split_feature=5 5 4 7 4
split_gain=2.12995 1.59373 1.42993 1.23652 1.02875
threshold=0.98392210000000013 0.84002670000000002 2.2000000000000011 -2.4999999999999996 -2.899999999999999
decision_type=10 10 10 10 8
left_child=1 3 -2 -1 -5
right_child=2 -3 -4 4 -6
leaf_value=-0.0049646483667691943 -0.01193591056845696 0.00728494100278094 -0.00092560866357898795 0.0045049809040018174 0.00041705066447130147
leaf_weight=30.971110120415688 15.0686456002295 27.258907072246075 24.508513115346432 54.98193171620369 748.67567140609026
leaf_count=223 107 187 209 335 4698
internal_value=0.000412711 0.000739379 -0.00598627 0.000483493 0.00072285
internal_weight=901.465 861.888 39.5772 834.629 803.658
internal_count=5759 5443 316 5256 5033
is_linear=0
shrinkage=0.03


Tree=185
num_leaves=14
num_cat=0
split_feature=6 2 5 6 5 5 5 5 5 3 1 6 2
split_gain=5.1059 2.52453 1.88792 2.41824 1.57477 1.80556 1.46845 1.3419 1.02598 0.468991 0.261529 0.224413 0.0645249
threshold=-0.040106200000000085 -1.0999999999999994 0.67787540000000013 -0.082801099999999669 0.47791810000000007 0.34110469999999998 0.54062140000000036 0.75984989999999997 -0.59220759999999995 0.70000000000000018 1.1000000000000003 -0.62329679999999998 0.70000000000000018
decision_type=8 8 10 10 10 10 10 10 10 10 10 10 10
left_child=2 8 3 6 5 -3 -1 -6 9 -2 12 -12 -4
right_child=1 4 10 -5 7 -7 -8 -9 -10 -11 11 -13 -14
leaf_value=-0.0023588014511835387 0.0089035154904938303 0.00010834233111489421 -0.0055984539829608965 -0.01163808172860567 -0.0081784189857044311 0.0078834827996449915 0.0052912647636443877 0.00087300045518659021 -0.00018515913085021538 0.0033943155694027994 -0.0011593115143880253 -0.0068032278172315162 -0.012587562451805595
leaf_weight=262.80365605279803 41.049474157392979 412.74879974126816 16.556057866662741 19.436858031898737 31.417679443955421 23.764642305672169 19.964248731732368 23.284183226525784 24.597825065255165 33.758650630712509 13.357883345335724 13.637478701770304 16.413456067442894
leaf_count=1646 192 2289 131 123 208 149 168 177 122 159 132 122 141
internal_value=-0.000822041 0.000898154 -0.00360134 -0.00255205 -2.2601e-06 0.00061612 -0.00173613 -0.00457518 0.00513458 0.00678579 -0.00828604 -0.00462809 -0.0102773
internal_weight=952.791 590.621 362.17 302.205 491.215 436.513 282.768 54.7019 99.4059 74.8081 59.9649 26.9954 32.9695
internal_count=5759 3296 2463 1937 2823 2438 1814 385 473 351 526 254 272
is_linear=0
shrinkage=0.03


Tree=186
num_leaves=12
num_cat=0
split_feature=0 4 4 4 0 1 4 7 6 2 0
split_gain=5.54096 2.55211 2.38879 1.57233 1.8789 1.31568 1.85655 1.45915 0.899305 0.527819 0.00460694
threshold=77.070273790711909 -2.899999999999999 2.5000000000000009 -1.8 -35.343439652721933 0.30000000000000016 -0.49999999999999994 -1.0000000180025095e-35 0.12028509999999994 -1.0999999999999994 217.08954974942961
decision_type=2 8 8 8 2 10 10 10 8 10 2
left_child=1 -1 5 9 -5 7 -7 -2 10 -3 -4
right_child=2 3 8 4 -6 6 -8 -9 -10 -11 -12
leaf_value=-0.0077158716789265652 0.0077462131176743122 -0.0005441034370535304 0.010147708308245545 -0.0056969285479026039 -0.00077396305014086771 -0.0052481512499044907 0.0013647806980686384 0.0017298178636172765 0.001931349093048162 0.0045420398362189269 0.0053896332865887861
leaf_weight=52.504755713045597 47.777373149991035 26.320208065211773 37.242056168615818 81.58698195964098 370.8234099522233 41.895638436079025 201.33172945678234 129.96930371969938 26.707862719893456 49.085394486784935 22.144433096051216
leaf_count=329 220 168 219 456 2032 208 1002 613 149 291 113
internal_value=0.000288121 -0.00170716 0.00256602 -0.00104264 -0.00171433 0.00159113 0.000142942 0.00351469 0.00698394 0.00284329 0.0089298
internal_weight=1087.39 580.321 507.068 527.816 452.41 420.974 243.227 177.747 86.0944 75.4056 59.3865
internal_count=5800 3276 2524 2947 2488 2043 1210 833 481 459 332
is_linear=0
shrinkage=0.03


Tree=187
num_leaves=9
num_cat=0
split_feature=6 6 2 3 3 2 5 3
split_gain=1.46581 2.2491 1.7674 2.45535 1.17405 0.861251 0.576663 0.475838
threshold=1.0561405000000001 0.50645490999999987 1.1000000000000003 -0.89999999999999991 0.70000000000000018 -0.69999999999999973 -0.41775819999999991 -0.89999999999999991
decision_type=10 10 10 8 10 10 10 8
left_child=1 2 3 -1 6 -6 -3 -4
right_child=-2 4 7 -5 5 -7 -8 -9
leaf_value=-0.0039355294881967748 0.0049729439455087673 -0.0026576303849012192 0.00035939052630758482 0.0013758615361691609 0.0031864677598678571 -0.0032457548473214383 -0.0085545746002644307 -0.0052712445778763809
leaf_weight=86.142828915268183 39.967211753129959 30.642376005649567 16.385643053799868 555.94486203044653 23.911913350224495 49.297654703259468 43.408411465585232 58.441220421344042
leaf_count=575 220 197 128 3538 161 294 267 420
internal_value=-0.000311249 -0.000582839 0.000119625 0.000638379 -0.0038943 -0.00107544 -0.00643684 -0.00409296
internal_weight=904.142 864.175 716.915 642.088 147.26 73.2096 74.0508 74.8269
internal_count=5800 5580 4661 4113 919 455 464 548
is_linear=0
shrinkage=0.03


Tree=188
num_leaves=13
num_cat=0
split_feature=0 0 0 1 7 2 2 2 5 5 2 7
split_gain=9.0606 2.70099 2.24019 2.20376 1.89557 2.07728 1.44845 1.6608 1.14204 1.09907 1.04049 0.742062
threshold=74.14240885465405 -46.89991175851889 201.36888414011381 -0.19999999999999996 -1.4999999999999998 -0.19999999999999982 0.59999999999999998 1.1000000000000003 -0.83232685999999989 0.40408769999999999 -1.2999999999999996 1.0000000180025095e-35
decision_type=2 2 2 8 8 10 10 10 10 10 10 10
left_child=1 10 4 8 -2 -6 -4 -8 -3 -5 -1 -12
right_child=2 3 6 9 5 -7 7 -9 -10 -11 11 -13
leaf_value=0.0092316771491321777 0.0048597538652316004 0.0034276824272766343 -0.015851292569670074 0.0044841564055603661 -0.0068828561167605211 -0.0014541307299529868 0.0027348318956407634 -0.0092972639586645957 -0.0015641397266319831 -0.0021383688805588219 0.0052050370938465252 -2.7269178685060952e-05
leaf_weight=44.895527884364128 22.66924025118351 45.119248755276203 16.326107434928417 150.58511451631784 97.016383994370699 177.47464379295707 13.974716633558272 21.336247313767672 231.18726494908333 23.321877717971802 78.239628188312054 34.434430539608002
leaf_count=198 164 242 145 890 644 1346 116 199 1238 141 332 145
internal_value=-3.30408e-05 0.00217414 -0.00385545 0.000965411 -0.00275695 -0.00346167 -0.00937564 -0.00478685 -0.000702568 0.0035611 0.00549186 0.00367277
internal_weight=956.58 607.783 348.797 450.214 297.16 274.491 51.6371 35.311 276.307 173.907 157.57 112.674
internal_count=5800 3186 2614 2511 2154 1990 460 315 1480 1031 675 477
is_linear=0
shrinkage=0.03


Tree=189
num_leaves=10
num_cat=0
split_feature=5 4 4 4 2 6 6 6 4
split_gain=3.86317 1.69729 1.6625 1.44676 1.98442 1.55751 1.39981 1.52481 0.177918
threshold=-0.18518599999999988 3.7000000000000002 -2.899999999999999 -1.0999999999999996 -1.0000000180025095e-35 0.26209210000000027 0.71418870000000012 0.57033750000000005 -3.899999999999999
decision_type=8 10 10 10 10 10 10 10 8
left_child=2 6 8 4 -4 -5 7 -2 -1
right_child=1 -3 3 5 -6 -7 -8 -9 -10
leaf_value=-0.0031774069947805589 0.0013103670909868177 0.0087005794507610257 0.0023693458642447072 -0.000605584222696382 -0.005843170833124074 -0.0062825412312821627 -0.0037027031229497206 0.0083639835582815375 -0.0080670543794106753
leaf_weight=19.919601440429688 606.68802204728127 24.180616721510887 131.19274862110615 100.07385505735874 27.941412687301636 73.599097929894924 42.673416741192341 24.180928319692612 35.329569682478905
leaf_count=127 3137 140 761 502 147 411 226 122 204
internal_value=0.000266987 0.00159803 -0.0021161 -0.00126471 0.000793287 -0.00311985 0.00128081 0.00164437 -0.00671413
internal_weight=1085.78 697.723 388.056 332.807 159.134 173.673 673.542 630.869 55.2492
internal_count=5777 3625 2152 1821 908 913 3485 3259 331
is_linear=0
shrinkage=0.03


Tree=190
num_leaves=11
num_cat=0
split_feature=7 3 5 5 6 4 3 5 6 6
split_gain=2.39836 2.80654 2.23969 2.1961 1.54856 1.85371 1.88319 0.785983 0.386431 0.308543
threshold=-1.0000000180025095e-35 1.3000000000000005 0.3040808000000001 -0.47537030000000002 -0.90154659999999998 -2.899999999999999 0.59999999999999998 0.34110469999999998 0.21883179999999983 0.3749228
decision_type=10 8 8 10 8 8 8 10 10 8
left_child=1 3 -3 8 -2 9 -7 -5 -1 -6
right_child=4 2 -4 7 5 6 -8 -9 -10 -11
leaf_value=-0.0048388552710479657 0.0069136870774302427 0.012007327795024475 -0.0024640008984141235 -0.0033190594170891515 0.0088051339497255427 -0.0009780092526502878 0.002791214293767847 0.00080908625300422866 -0.01171973295614313 0.0028249346697676288
leaf_weight=26.234380260109901 31.98453014716506 15.506826512515543 15.476500838994982 116.85043691843748 19.991289243102074 407.46547054499388 162.85256911814213 60.430891808122396 23.766598738729954 21.449390061199665
leaf_count=145 215 95 150 731 116 2584 1043 413 154 131
internal_value=-3.13125e-05 -0.00244615 0.0054408 -0.00361528 0.000948891 0.000583513 0.000113185 -0.00192828 -0.00887758 0.00634723
internal_weight=902.009 258.266 30.9833 227.282 643.743 611.759 570.318 177.281 50.001 41.4407
internal_count=5777 1688 245 1443 4089 3874 3627 1144 299 247
is_linear=0
shrinkage=0.03


Tree=191
num_leaves=14
num_cat=0
split_feature=0 0 3 3 0 1 1 3 5 2 2 4 5
split_gain=9.92575 3.29496 2.22116 3.57955 1.85928 2.5444 1.21018 2.48942 1.60036 1.20552 1.85064 0.538438 0.462972
threshold=15.958157052232311 153.08004332896056 0.20000000000000001 -0.20000000000000009 -93.937142366747011 -1.4999999999999998 0.40000000000000013 -1.0000000180025095e-35 -0.13886782000000006 0.59999999999999998 0.90000000000000036 0.19999999999999954 -0.7765602800000001
decision_type=2 2 10 8 2 10 8 10 10 10 10 8 10
left_child=2 6 3 -1 -4 -6 8 -8 -2 11 -11 -3 -5
right_child=1 9 4 12 5 -7 7 -9 -10 10 -12 -13 -14
leaf_value=0.00010750175196999571 -0.00023999347226544672 -0.0046535227575877254 0.0064346275547264116 0.0055299899438036818 -0.0068240340456020418 0.0020794974067429449 -0.0011491316425295268 0.008012876338612928 -0.0043742399008507311 0.003596120349374613 -0.0067462708834279518 -0.012719535809233419 0.012109028206122602
leaf_weight=47.215281739830971 158.28816792368889 20.084351498633623 52.395163640379906 27.914631076157093 32.010323151946068 126.63237415254116 127.59547404944897 28.464161887764931 176.7106354534626 18.385198354721069 47.828922268003225 31.779144607484341 55.62961108237505
leaf_count=222 883 145 217 125 166 597 946 191 1168 154 441 273 249
internal_value=-0.000274939 -0.00256475 0.003784 0.00678992 0.00180749 0.000129364 -0.00144793 0.00071883 -0.00245305 -0.00696184 -0.00382371 -0.0102798 0.0103472
internal_weight=950.933 609.136 341.797 130.76 211.038 158.643 491.058 156.06 334.999 118.078 66.2141 51.8635 83.5442
internal_count=5777 4201 1576 596 980 763 3188 1137 2051 1013 595 418 374
is_linear=0
shrinkage=0.03


Tree=192
num_leaves=14
num_cat=0
split_feature=0 0 4 0 1 1 6 6 6 1 3 6 5
split_gain=9.56427 3.60947 2.97203 2.21031 2.08504 1.95824 1.34035 1.41422 1.27325 1.24468 1.4737 1.0728 0.409299
threshold=68.596109686953255 204.64400509356247 2.100000000000001 -22.578588009361848 0.30000000000000016 0.50000000000000022 -0.16835769999999992 0.68898246000000019 -0.25702130000000001 0.40000000000000013 0.4000000000000003 -0.11519720000000004 0.66847429999999997
decision_type=2 2 8 2 10 10 8 10 10 8 10 10 10
left_child=3 2 4 6 -2 -4 -1 -8 12 10 -5 -11 -3
right_child=1 8 5 9 -6 -7 7 -9 -10 11 -12 -13 -14
leaf_value=0.00044656289283461674 0.0019668046695656316 0.012958857495222414 0.0099543851802152243 0.00032068589213658008 -0.0024654939686220749 0.0011886605790022147 -0.0094987863926093569 -0.0029015218412056102 0.0024578629948325734 -0.0027289159412285558 -0.0039870577615810469 -0.010727493349763072 0.0059252236267758832
leaf_weight=21.938721708953381 183.85033536702394 25.987586505711079 42.776351228356361 188.28653991222382 188.3658931478858 47.094469510018826 94.535028122365475 49.760614134371281 37.101617276668549 48.932999424636364 109.55194459110498 20.793161921203136 30.983996994793415
leaf_count=109 878 123 255 1000 943 261 556 311 166 305 636 106 158
internal_value=-0.000694532 0.00205013 0.000925301 -0.00354666 -0.000279179 0.00566567 -0.0063791 -0.00739708 0.00724976 -0.00219724 -0.00130347 -0.00567237 0.0099203
internal_weight=1089.96 556.16 462.087 533.799 372.216 89.8708 166.234 144.296 94.0732 367.565 297.838 69.7262 56.9716
internal_count=5807 2784 2337 3023 1821 516 976 867 447 2047 1636 411 281
is_linear=0
shrinkage=0.03


Tree=193
num_leaves=9
num_cat=0
split_feature=3 3 5 1 0 5 6 0
split_gain=1.47619 3.23103 2.04393 2.29093 3.0281 2.00001 1.4597 0.197826
threshold=-1.0999999999999994 -1.2999999999999996 0.98392210000000013 0.30000000000000016 52.572954906656157 0.35281210000000024 1.1791412000000003 173.24117562164136
decision_type=8 10 10 10 2 10 10 2
left_child=1 5 3 6 -5 -1 -2 -4
right_child=2 -3 7 4 -6 -7 -8 -9
leaf_value=-0.004040552446891655 4.0824858745801886e-05 -0.011011224417215713 -0.0077263157325674035 -0.0033861389173817074 0.0056122959868501378 0.0072495243095281412 0.0066538042465939078 -0.0022731355776717832
leaf_weight=24.757162179797888 560.70941735059023 24.899067565798759 17.174935303628445 37.747163645923138 177.0483133494854 22.159415815025568 26.74542061239481 16.242096532136202
leaf_count=153 3552 170 140 217 1149 161 143 122
internal_value=0.000700396 -0.00328797 0.00106067 0.00137663 0.0039899 0.00147655 0.000395512 -0.00571665
internal_weight=907.483 71.8156 835.667 802.25 214.795 46.9166 587.455 33.417
internal_count=5807 484 5323 5061 1366 314 3695 262
is_linear=0
shrinkage=0.03


Tree=194
num_leaves=12
num_cat=0
split_feature=0 0 5 6 0 2 3 1 1 1 1
split_gain=11.1969 3.14575 2.94298 1.7616 2.32113 1.6748 1.64976 1.58699 1.3275 1.65381 0.298242
threshold=107.26824786540602 26.532211263730918 -0.31333139999999982 0.22606660000000015 -28.2993702807189 -1.0999999999999994 0.59999999999999998 0.19999999999999987 0.50000000000000022 1.7000000000000004 0.19999999999999987
decision_type=2 2 8 8 2 8 10 10 10 10 8
left_child=1 3 -2 4 -1 -3 -5 -7 10 -10 -4
right_child=2 5 8 6 -6 7 -8 -9 9 -11 -12
leaf_value=0.005151789898785137 0.003354079798066708 0.0068562181045224982 -0.0065830273693883888 0.0081252014854730145 -0.0018641523715022734 -0.0026122686457514962 0.0029676248398769157 0.0017279727951325979 -0.0026930614256475529 -0.011846780968276426 -0.012135217792904178
leaf_weight=71.056870833039284 26.395051904022694 22.585284300148487 44.535799041390419 103.88752443343401 91.820509612560272 181.66681271791458 134.06476127356291 123.23138701170683 103.07126865908504 17.917468253523111 38.438363965600729
leaf_count=296 154 129 327 472 462 1193 644 790 862 173 305
internal_value=0.00012596 0.00195258 -0.00556798 0.00371773 0.0012589 -0.000231328 0.00534025 -0.000858487 -0.00677522 -0.00446501 -0.00969864
internal_weight=958.671 728.313 230.358 400.83 162.877 327.483 237.952 304.898 203.963 120.989 82.9742
internal_count=5807 3986 1821 1874 758 2112 1116 1983 1667 1035 632
is_linear=0
shrinkage=0.03


Tree=195
num_leaves=10
num_cat=0
split_feature=5 6 5 4 4 5 5 4 5
split_gain=5.02255 4.4328 2.68179 1.79947 1.38447 1.20914 1.37589 0.680434 0.0901856
threshold=-0.63059379999999987 0.99636194000000022 -0.8571783999999999 3.7000000000000002 -1.1999999999999993 -1.0655117999999997 -1.2763772599999998 -2.0999999999999992 -0.69302949999999985
decision_type=8 10 10 10 8 10 10 8 10
left_child=2 3 5 4 -2 6 -1 -7 -4
right_child=1 -3 8 -5 -6 7 -8 -9 -10
leaf_value=0.00035579047467940411 0.0033499266384218991 -0.010300437566078204 -0.010352925924303435 0.0083320834884912098 0.00018907969835829986 0.0054777186098151241 -0.0092166720224164441 -0.0014990796463181012 -0.0051597232462451169
leaf_weight=26.033566333353519 146.18081440776587 27.431491263210773 49.570729583501816 24.136181429028511 716.41217698901892 20.445223771035671 22.32190353423357 21.568460926413536 21.457215666770935
leaf_count=169 770 155 280 139 3735 124 138 123 129
internal_value=-0.00026944 0.000600064 -0.0050644 0.000993142 0.000740957 -0.00148079 -0.00451267 0.00211754 -0.00922659
internal_weight=1075.56 914.161 161.397 886.729 862.593 90.3692 48.3555 42.0137 71.0279
internal_count=5762 4799 963 4644 4505 554 307 247 409
is_linear=0
shrinkage=0.03


Tree=196
num_leaves=7
num_cat=0
split_feature=6 5 5 0 6 6
split_gain=2.1477 1.26283 3.41343 1.1261 0.973927 0.415624
threshold=1.1791412000000003 0.98392210000000013 0.6886405000000001 139.88179913083016 -0.51056078999999988 -0.29648445000000007
decision_type=10 10 10 2 10 10
left_child=1 2 3 -1 -4 -3
right_child=-2 5 4 -5 -6 -7
leaf_value=-7.0687012897321702e-05 0.0076347681353051795 -0.0077545918667919272 0.011747526812989167 -0.0032368300748159616 0.0031915445903676924 -0.001418686227048724
leaf_weight=662.03214454650879 26.873306661844254 20.558493230491877 18.907477304339409 114.37571461871266 35.197657361626625 18.95247633382678
leaf_count=4184 143 175 137 744 236 143
internal_value=-1.46741e-05 -0.000293226 -2.92073e-05 -0.000554831 0.00692235 -0.00521617
internal_weight=896.897 870.024 830.513 776.408 54.1051 39.511
internal_count=5762 5619 5301 4928 373 318
is_linear=0
shrinkage=0.03


Tree=197
num_leaves=12
num_cat=0
split_feature=0 6 6 4 4 0 5 1 4 5 0
split_gain=8.93393 2.2143 1.66356 1.58693 3.15844 1.54694 1.91101 2.33516 1.12029 1.43012 1.0835
threshold=63.992889829447002 -0.019461899999999917 0.061564199999999965 -1.7 -0.59999999999999987 107.26824786540602 -0.31333139999999982 0.50000000000000022 1.7000000000000006 0.41497869999999998 -83.749956970378079
decision_type=2 8 8 10 10 2 8 10 10 10 2
left_child=1 3 -3 -1 -5 8 -7 -8 9 -2 -4
right_child=5 2 10 4 -6 6 7 -9 -10 -11 -12
leaf_value=-0.005280893717969878 -0.00051104280171719422 0.010037495647773413 0.0064109967445584778 0.0077051971572063161 -0.0022501958564286155 0.0023995655059322 -0.0094941144336468265 -0.0028193411921139627 0.0050049571561752194 -0.0083229751969820936 0.002365600349196998
leaf_weight=37.492589384317398 127.66377515345812 32.700144924223423 74.494280211627483 40.570248708128929 73.161081731319427 27.275656186044216 81.102153547108173 118.47614123672247 20.265615306794643 20.452911712229252 293.78286702930927
leaf_count=188 866 157 310 211 398 159 615 1027 138 148 1545
internal_value=0.00031958 0.00277405 0.00392843 -0.000314605 0.00147602 -0.00310148 -0.0046932 -0.0056975 -0.000883524 -0.00182632 0.00325881
internal_weight=947.437 552.201 400.977 151.224 113.731 395.236 226.854 199.578 168.382 148.117 368.277
internal_count=5762 2809 2012 797 609 2953 1801 1642 1152 1014 1855
is_linear=0
shrinkage=0.03


Tree=198
num_leaves=11
num_cat=0
split_feature=5 6 5 3 3 6 4 4 7 1
split_gain=4.30959 3.17777 2.16048 1.72704 1.49374 1.21576 1.05153 1.66496 1.12392 0.86569
threshold=-0.40419586999999996 0.067697899999999991 -0.31333139999999982 -0.29999999999999999 0.70000000000000018 0.95583580000000012 -2.899999999999999 -2.2999999999999989 1.0000000180025095e-35 -1.0999999999999996
decision_type=8 10 8 10 10 10 10 10 10 10
left_child=6 2 -2 -3 -4 -5 9 -8 -9 -1
right_child=1 3 4 5 -6 -7 7 8 -10 -11
leaf_value=-0.0029174166166231409 0.0099050827569194828 0.003115580781028267 0.00093628460661008064 -0.0021792279112511871 0.008113861624412055 -0.0086765477375885056 0.0031013799606417901 -0.0054979828357902064 -0.00013990754963306626 -0.011265165351344732
leaf_weight=25.058098919689655 23.291846588253975 45.654529049992561 470.08885328471661 231.80856997519732 22.807150304317474 25.407420389354229 31.003815807402134 126.95491773635149 48.431944608688354 25.548911176621914
leaf_count=166 116 228 2503 1178 116 135 188 705 265 152
internal_value=-0.000670204 0.00039876 0.00182405 -0.00202057 0.00134655 -0.00297423 -0.00401962 -0.00293911 -0.00406327 -0.00776576
internal_weight=1076.06 819.058 516.188 302.871 492.896 257.216 256.998 206.391 175.387 50.607
internal_count=5752 4276 2735 1541 2619 1313 1476 1158 970 318
is_linear=0
shrinkage=0.03


Tree=199
num_leaves=12
num_cat=0
split_feature=7 0 5 5 5 4 4 1 0 3 4
split_gain=2.06121 1.27579 1.72023 1.33505 1.18632 0.872503 0.817059 0.929336 0.751292 0.700032 0.502016
threshold=-1.4999999999999998 -28.2993702807189 -0.63776779999999988 0.94159840000000028 0.39815315999999995 -1.8 -0.40000000000000008 0.20000000000000001 55.195098539515364 0.59999999999999998 2.2000000000000011
decision_type=10 2 8 10 10 10 10 8 2 10 10
left_child=6 2 5 4 -3 -2 8 -8 -1 -4 -5
right_child=1 3 9 10 -6 -7 7 -9 -10 -11 -12
leaf_value=-0.0022020476466077755 -0.00047260963467563293 0.0012888998168808859 -0.0075130820226848877 -0.0065693511425826568 0.0044381816916946549 0.0064758166198205539 0.0037545058205373646 -0.0043665787114782108 -0.01063606973778565 -0.0015044446862078509 -0.00034408727443132687
leaf_weight=22.698865592479706 45.549872539937496 501.75410423800349 32.820266433060169 16.9800895601511 134.8843227699399 19.781027734279633 18.78484246134758 22.300194226205349 16.98987428098917 38.297226347029209 26.082846689969301
leaf_count=147 277 3159 192 120 897 120 117 146 137 218 222
internal_value=0.000644634 0.00110357 -0.00150371 0.00163414 0.00198552 0.00194206 -0.00378657 -0.000648977 -0.00659853 -0.00458876 -0.00322681
internal_weight=896.924 816.15 136.448 679.701 636.638 65.3309 80.7738 41.085 39.6887 71.1175 43.0629
internal_count=5752 5205 807 4398 4056 397 547 263 284 410 342
is_linear=0
shrinkage=0.03


Tree=200
num_leaves=14
num_cat=0
split_feature=0 0 0 1 4 2 7 3 4 2 0 2 2
split_gain=8.08984 2.31391 1.92194 1.5707 2.16004 1.44666 1.42174 1.42641 1.39131 1.14246 1.32481 1.13311 0.60076
threshold=51.754719942583627 148.94211039701909 -46.89991175851889 -0.90000000000000002 1.1000000000000001 -1.0999999999999994 -1.4999999999999998 -0.59999999999999964 -0.29999999999999977 0.59999999999999998 199.08277893015796 -1.2999999999999996 1.1000000000000003
decision_type=2 2 2 10 10 10 8 8 8 10 2 10 10
left_child=2 6 8 5 -5 -4 -2 -8 11 10 -3 -1 -11
right_child=1 9 3 4 -6 -7 7 -9 -10 12 -12 -13 -14
leaf_value=0.0076821087027315093 0.0046204532252074318 -0.0048897440072065519 0.0022834619807926611 0.0038496675367835085 -0.004478889217452325 -0.0045639202376497592 -0.0053491079659144531 -0.00072907155335610993 0.011116678605237707 0.0001090002280611024 -0.015248566765590105 0.0016876020039109439 -0.0054633707071388817
leaf_weight=40.991194695234299 27.402888391166925 36.560561493039131 45.875428065657616 210.90262900292873 27.942265644669533 57.350110493600368 78.812516361474991 220.19394385814667 28.426146380603313 29.021883081644773 18.072025805711746 84.512595631182194 37.820592425763607
leaf_count=179 182 283 266 1066 151 299 570 1501 122 256 161 360 356
internal_value=0.000150827 -0.0027558 0.0027768 0.00148448 0.00280346 -0.00155591 -0.00139643 -0.00201478 0.0055116 -0.00620891 -0.00930759 0.0038648 -0.00320474
internal_weight=943.885 447.884 496 342.07 238.845 103.226 326.409 299.006 153.93 121.475 54.6326 125.504 66.8425
internal_count=5752 3309 2443 1782 1217 565 2253 2071 661 1056 444 539 612
is_linear=0
shrinkage=0.03


Tree=201
num_leaves=9
num_cat=0
split_feature=0 2 6 6 4 5 2 6
split_gain=5.90116 2.19589 2.10726 2.93705 2.05228 1.62046 1.72329 0.337373
threshold=77.070273790711909 -1.2999999999999996 1.0221626000000004 0.83448470000000008 4.1000000000000005 -0.58010729999999999 0.70000000000000018 0.53460360000000007
decision_type=2 8 10 10 8 10 10 10
left_child=1 7 3 -3 5 -2 -7 -1
right_child=4 2 -4 -5 -6 6 -8 -9
leaf_value=-0.004996851166617136 -0.0057480433386787114 -0.0021831882499212334 -0.0092300654577566112 0.0076519710026293382 0.0087518196877018097 0.0028684358671675612 -0.00093209886024240467 -0.010849697555643601
leaf_weight=37.207240678369999 24.801733948290348 461.50638692826033 30.55197786539793 24.178984560072422 28.555517613887787 288.51505999267101 166.20317799597979 24.923961006104946
leaf_count=231 116 2537 187 146 174 1406 841 169
internal_value=-0.000782624 -0.00284368 -0.00215514 -0.00162058 0.00156843 0.00105475 0.00148428 -0.00797795
internal_weight=1086.44 578.369 516.237 485.685 508.075 479.52 454.718 62.1312
internal_count=5807 3270 2870 2683 2537 2363 2247 400
is_linear=0
shrinkage=0.03


Tree=202
num_leaves=11
num_cat=0
split_feature=0 6 6 4 0 5 6 5 0 5
split_gain=1.29266 1.66187 2.85315 1.47467 2.33759 1.66076 1.38676 1.38318 0.944371 0.573697
threshold=4.5962107424408041 0.75463779999999991 0.57033750000000005 -0.59999999999999987 -14.181918741584353 -0.34154619999999997 -0.39403079999999996 -1.3097151999999999 57.996388967057108 -0.15241109999999999
decision_type=2 10 10 10 2 8 8 10 2 10
left_child=3 2 6 5 9 7 -2 -1 -3 -5
right_child=1 8 -4 4 -6 -7 -8 -9 -10 -11
leaf_value=-0.0070751775751753876 -0.00057540913762616614 0.010700802030440028 -0.0069710816399192839 0.0080445778700786157 -0.0050642893343128634 -0.007650125549187683 0.0025868425215748092 0.0006691438580382421 0.0018524133005247097 0.0017263657916055286
leaf_weight=20.536156393587589 176.21451829373837 22.04184528440237 31.88664485514164 30.065990522503853 22.764597944915295 37.956133030354977 410.08454242348671 107.35535427927971 22.370525717735291 25.935373902320862
leaf_count=132 1191 134 205 167 129 238 2697 643 125 146
internal_value=0.000891454 0.00157642 0.00114307 -0.000958369 0.00232659 -0.00254092 0.00163959 -0.000793813 0.0068823 0.00549983
internal_weight=907.212 662.598 618.186 244.614 78.766 165.848 586.299 127.892 44.4124 56.0014
internal_count=5807 4352 4093 1455 442 1013 3888 775 259 313
is_linear=0
shrinkage=0.03


Tree=203
num_leaves=12
num_cat=0
split_feature=0 2 0 1 5 5 1 3 2 2 3
split_gain=8.19563 2.52255 1.78933 1.69363 1.97508 1.05118 2.4655 1.31876 0.908861 1.21882 0.78342
threshold=57.205246042983056 -1.2999999999999996 207.4891956177153 0.80000000000000027 0.22891239999999999 -0.15241109999999999 1.1000000000000003 0.20000000000000015 0.59999999999999998 1.1000000000000003 0.4000000000000003
decision_type=2 8 2 8 10 8 10 10 10 10 10
left_child=1 10 5 4 -3 7 -7 -2 -4 -10 -1
right_child=2 3 8 -5 -6 6 -8 -9 9 -11 -12
leaf_value=0.0038155952181022422 0.0025921744022074206 0.0018753505232982429 -0.013939398064023922 0.0085574872100154919 -0.0041360305177481098 -0.0045192837909620448 0.0028602051696880082 -0.0041886110504018399 0.0021566240723066353 -0.0084068914038661832 0.010364874051600139
leaf_weight=42.651530787348747 69.92342921346426 376.57506673038006 13.741293858736752 24.607936836779118 51.692301407456398 227.33366898447275 45.823061484843493 34.399036757647991 13.360059119760988 20.20233466476202 36.838447287678719
leaf_count=203 426 1837 128 156 275 1723 380 188 116 195 180
internal_value=4.26075e-05 0.00251215 -0.00304561 0.00160409 0.00111041 -0.00228883 -0.00325219 0.000266984 -0.00828852 -0.0044675 0.00728452
internal_weight=957.148 532.365 424.783 452.875 428.267 377.479 273.157 104.322 47.3037 33.5624 79.49
internal_count=5807 2651 3156 2268 2112 2717 2103 614 439 311 383
is_linear=0
shrinkage=0.03


Tree=204
num_leaves=15
num_cat=0
split_feature=0 0 7 5 2 4 2 3 3 3 0 4 5 5
split_gain=8.43058 3.41018 1.77021 1.82945 1.54808 2.73006 1.46003 1.19401 1.90132 1.69905 1.15008 1.0036 0.975534 0.257657
threshold=23.204132987012034 146.23824793628663 -1.0000000180025095e-35 0.63138250000000007 -0.29999999999999999 -1.0999999999999996 -0.89999999999999991 1.0000000180025095e-35 1.1000000000000003 -0.89999999999999991 -106.64217749018438 0.19999999999999987 0.20147390000000012 -0.15940719999999983
decision_type=2 2 10 10 10 10 8 8 10 10 2 10 10 10
left_child=4 7 3 -3 6 -6 10 9 -9 -2 -1 -7 -4 -8
right_child=1 2 12 -5 5 11 13 8 -10 -11 -12 -13 -14 -15
leaf_value=-0.0085987933942351068 0.002676902831045208 0.012376602267736609 -0.0012916333877003158 0.0017318377517721274 0.0056130044789410938 -0.0074488320562049468 -0.009903285308984551 0.0023125494731743193 -0.0054590358417658923 -0.0026520090010963408 -0.0013774103226859907 -0.0011474495580278588 0.0037917943522059816 -0.0045380535510722436
leaf_weight=23.435812041163445 65.475764743983746 35.398287609219551 43.885282099246979 25.597594268620014 28.386141411960125 43.148050703108311 73.114810474216938 219.69898774474859 27.614859148859978 229.88740845769644 74.325838543474674 47.225227810442448 119.24979814887047 23.875685036182404
leaf_count=143 343 167 197 132 158 219 437 1215 156 1164 479 237 599 137
internal_value=-0.000572458 0.001125 0.00419398 0.00837906 -0.00467671 -0.00186795 -0.00629986 -0.000169233 0.0013538 -0.00144581 -0.0034427 -0.00438878 0.00242655 -0.00886977
internal_weight=1080.32 766.808 224.131 60.9959 313.512 118.759 194.752 542.677 247.314 295.363 97.7617 90.3733 163.135 96.9905
internal_count=5783 3973 1095 299 1810 614 1196 2878 1371 1507 622 456 796 574
is_linear=0
shrinkage=0.03


Tree=205
num_leaves=11
num_cat=0
split_feature=3 4 6 6 5 3 5 5 1 3
split_gain=1.67637 2.0051 2.9576 2.44134 2.08075 1.52326 1.42115 1.30738 1.0034 0.873733
threshold=-0.89999999999999991 -2.2999999999999989 1.1442794999999999 0.46868060000000006 -0.83232685999999989 -1.2999999999999996 0.35281210000000024 -0.79048309999999988 -1.2999999999999996 -1.0999999999999994
decision_type=8 8 10 10 8 10 10 10 10 10
left_child=5 3 4 7 -3 6 -1 -2 -5 -7
right_child=1 2 -4 8 -6 9 -8 -9 -10 -11
leaf_value=-0.0033959422433790304 0.013441475545702788 -0.0063156823956384044 0.010205736867792926 -0.0046740784454937486 0.00068395556871085627 -0.0098308723811815577 0.0060241292483324878 0.0033658710740076016 0.0039360078225523327 -0.0021721354624147969
leaf_weight=25.730040520429611 26.6316087692976 35.600421361625195 23.126892521977425 19.559501066803932 649.67849404737353 23.243599366396666 22.385274324566126 25.290351130068302 19.216856561601162 32.705770418047905
leaf_count=159 167 219 124 131 4173 161 163 146 117 223
internal_value=0.000756594 0.00122629 0.000670596 0.00530473 0.000277209 -0.002741 0.0011412 0.00926055 -0.000444882 -0.00589934
internal_weight=903.169 799.104 708.406 90.6983 685.279 104.065 48.1153 51.922 38.7764 55.9494
internal_count=5783 5077 4516 561 4392 706 322 313 248 384
is_linear=0
shrinkage=0.03


Tree=206
num_leaves=9
num_cat=0
split_feature=0 5 1 0 5 1 7 0
split_gain=8.11451 1.94468 2.32815 1.82762 1.27669 1.88481 1.45225 1.20826
threshold=51.754719942583627 0.38891850000000022 0.40000000000000013 247.53058268944224 -0.16629639999999998 1.1000000000000003 1.0000000180025095e-35 1.0000000180025095e-35
decision_type=2 10 8 2 8 10 10 2
left_child=1 2 7 4 6 -6 -2 -1
right_child=3 -3 -4 -5 5 -7 -8 -9
leaf_value=0.0034740059741030266 0.0023559448730907928 -0.0045331605152800457 0.009616639843012649 -0.010612283185265109 -0.004549792263551242 0.0014853031262893356 -0.0046917448651730403 0.00021233763101442707
leaf_weight=278.00408884882927 81.342997379601002 28.751743100583553 38.826111376285553 22.241661265492439 253.78058191016316 54.24798759073019 32.858517318964005 161.08330079913139
leaf_count=1251 477 152 210 205 1942 477 192 877
internal_value=-6.88338e-05 0.00251508 0.00298166 -0.00300952 -0.00248952 -0.00348018 0.000216414 0.0022933
internal_weight=951.137 506.665 477.914 444.472 422.23 308.029 114.202 439.087
internal_count=5783 2490 2338 3293 3088 2419 669 2128
is_linear=0
shrinkage=0.03


Tree=207
num_leaves=10
num_cat=0
split_feature=6 5 6 6 6 6 1 5 5
split_gain=3.08048 2.09081 2.32381 2.02615 2.4819 1.6484 1.6125 0.930865 0.634009
threshold=-0.38700829999999981 -0.63059379999999987 0.86798270000000011 0.99636194000000022 0.78916429999999982 -1.1427223999999998 -0.39999999999999997 -0.18518599999999988 -0.74909159999999975
decision_type=8 8 10 10 10 10 10 10 10
left_child=5 2 8 4 -3 -1 -7 -8 -2
right_child=1 3 -4 -5 -6 6 7 -9 -10
leaf_value=-0.0040027541404749805 -0.0045609714046741861 -0.00067030052512359346 0.0030051146635847168 -0.007819606031909088 0.0072167400282034189 -0.0032916922689733377 0.00012387130419172024 0.0051933386481410725 -0.010073663535736403
leaf_weight=27.387856066226959 87.069889031350613 618.83427177369595 26.849149212241173 28.181956246495247 33.106065921485424 25.845655992627144 40.876909993588924 160.95138981938362 29.453401423990726
leaf_count=137 529 3278 179 163 176 130 191 822 173
internal_value=-0.000403823 -0.00129622 -0.00452436 -0.000587668 -0.000217912 0.00244692 0.00329212 0.00419442 -0.00631155
internal_weight=1078.56 823.495 143.372 680.122 651.94 255.062 227.674 201.828 116.523
internal_count=5778 4498 881 3617 3454 1280 1143 1013 702
is_linear=0
shrinkage=0.03


Tree=208
num_leaves=14
num_cat=0
split_feature=0 7 4 6 3 4 0 6 4 1 1 6 1
split_gain=2.45065 3.44454 2.32951 1.74781 1.60341 1.80659 1.46848 1.13934 1.13526 1.20518 0.998361 0.79553 0.66259
threshold=45.194837533496418 -1.0000000180025095e-35 1.9000000000000001 -1.0715538999999994 0.40000000000000013 -2.899999999999999 176.1455284737398 -0.39403079999999996 -1.1999999999999993 -0.20000000000000009 -0.90000000000000002 -0.046838400000000162 -0.90000000000000002
decision_type=2 10 10 10 8 10 2 8 8 8 10 10 10
left_child=4 3 7 -2 5 -1 -4 -3 12 -10 -7 -5 -6
right_child=1 2 6 11 8 10 -8 -9 9 -11 -12 -13 -14
leaf_value=0.0033541524738954303 -0.010072960113513095 0.00087995357132261177 -0.0056445314607590918 0.00097734040458009679 -0.00058014194320238485 0.00013068944264179073 0.0027041311450831094 0.0050058146752768153 0.0003044204790301901 0.0076552961686137816 -0.0058037163006700544 -0.0035568960230858895 -0.0063392549271553324
leaf_weight=24.873923353850842 18.444365229457617 85.180063761770725 38.731192998588085 72.335180535912514 62.98464772105217 30.589785762131214 29.413823932409286 223.12250120937824 72.528279915452003 22.993025057017803 142.44744499027729 59.337198629975319 20.846491500735283
leaf_count=151 168 534 299 494 401 192 224 1401 422 150 850 364 128
internal_value=-4.20144e-05 0.00127567 0.00279858 -0.00251045 -0.00187379 -0.00370059 -0.00210243 0.00389813 0.000187727 0.00236662 -0.00478042 -0.00112135 -0.00228848
internal_weight=903.828 526.564 376.448 150.117 377.264 197.911 68.145 308.303 179.352 95.5213 173.037 131.672 83.8311
internal_count=5778 3484 2458 1026 2294 1193 523 1935 1101 572 1042 858 529
is_linear=0
shrinkage=0.03


Tree=209
num_leaves=13
num_cat=0
split_feature=5 2 6 4 6 5 7 7 6 6 2 5
split_gain=3.46044 1.97397 1.24567 1.62623 1.23813 3.5355 1.23305 1.10713 1.34964 1.7883 0.967204 0.711414
threshold=0.38891850000000022 -1.0999999999999994 0.26209210000000027 -0.39999999999999963 -0.05771749999999997 -0.2993597999999999 1.0000000180025095e-35 1.5000000000000002 -0.063367899999999908 0.22606660000000015 0.30000000000000016 -1.2763772599999998
decision_type=10 10 10 10 10 8 10 10 10 10 10 8
left_child=1 4 6 -4 5 -1 -3 8 10 -10 -2 -6
right_child=7 2 3 -5 11 -7 -8 -9 9 -11 -12 -13
leaf_value=-0.0079041859564342402 -0.00097186963386376832 0.00053300312448080272 0.00014608098908726328 0.0049513808616145601 0.010393876451394647 0.0057226496163635841 -0.0032995911547191743 0.0036525581205888989 0.0043447301320310846 -0.0051410422526046258 -0.0079026712727368331 0.0042609136990217735
leaf_weight=21.817820236086845 25.917957343161106 254.97186723351479 154.30012329667807 102.95002429559827 25.27339680492878 42.609855853021145 101.73413662612438 14.915927473455666 30.335220944136381 31.275921296328306 70.08217653259635 74.813407137989998
leaf_count=112 199 1528 767 545 116 348 606 119 229 215 629 365
internal_value=0.000497646 0.00135216 0.000556032 0.00212687 0.00421921 0.000871144 -0.000590571 -0.00328754 -0.00403645 -0.000495023 -0.00617225 0.00623043
internal_weight=950.998 778.471 613.956 257.25 164.514 64.4277 356.706 172.527 157.611 61.6111 96.0001 100.087
internal_count=5778 4387 3446 1312 941 460 2134 1391 1272 444 828 481
is_linear=0
shrinkage=0.03


Tree=210
num_leaves=11
num_cat=0
split_feature=0 0 1 5 5 6 3 5 0 6
split_gain=7.80291 2.19478 2.21268 1.95789 1.31365 1.25522 1.06379 1.03943 1.5413 0.467986
threshold=119.82680697545915 -3.590107527426539 1.1000000000000003 -0.40419586999999996 1.0421015 -0.2771209999999999 1.5000000000000002 0.8077814000000002 141.43539277154596 -0.35407739999999993
decision_type=2 2 10 8 8 8 10 10 2 10
left_child=1 5 3 -3 7 -1 -7 8 -2 -6
right_child=4 2 -4 -5 9 6 -8 -9 -10 -11
leaf_value=0.0017517398561036062 -0.00034172494509651598 -0.0036908644736373905 -0.0076476176471277097 0.00067070612070532201 0.01088698225578915 -0.0060004223768414452 0.00070761001652719401 -0.0020491777360358743 0.0049437411455200064 0.0036758066244215511
leaf_weight=24.12165592610836 68.229087464511395 114.84133241325617 35.015189044177532 403.44313438236713 24.272408492863178 168.78797061741352 23.116800576448441 31.869819432497025 171.5360507145524 21.678566969931126
leaf_count=115 327 646 175 2178 141 1012 146 160 811 113
internal_value=-0.000235697 -0.0018678 -0.000849712 -0.000321762 0.00368561 -0.00439718 -0.00519492 0.0027913 0.00346342 0.0081795
internal_weight=1086.91 769.326 553.3 518.284 317.586 216.026 191.905 271.635 239.765 45.951
internal_count=5824 4272 2999 2824 1552 1273 1158 1298 1138 254
is_linear=0
shrinkage=0.03


Tree=211
num_leaves=10
num_cat=0
split_feature=4 6 6 7 2 3 0 0 3
split_gain=1.82202 1.08687 1.58801 1.09808 1.02385 1.22624 1.69762 1.60042 0.79088
threshold=1.8000000000000007 -0.80451119999999965 -0.70042199999999999 1.5000000000000002 1.7000000000000004 -0.20000000000000009 146.23824793628663 130.49028295153883 -1.0999999999999994
decision_type=8 10 10 10 10 8 2 2 10
left_child=1 8 -3 -4 5 6 -2 -7 -1
right_child=4 2 3 -5 -6 7 -8 -9 -10
leaf_value=0.00031911171452078262 3.290423284136237e-05 -0.0067664413713714134 0.0012453117092706813 -0.0029352642855722854 0.0033822989171303974 -0.003875624005038332 -0.012254918753932722 0.0049536079820799968 0.0077806839958563384
leaf_weight=20.996959246695042 15.83517227694392 20.313794061541557 644.47585852444172 57.206894397735596 17.322373773902655 60.766622997820377 22.900881238281727 20.946018192917109 29.555035091936588
leaf_count=126 119 128 3943 342 149 497 192 148 180
internal_value=0.000371436 0.000941523 0.000625755 0.000886121 -0.00274633 -0.0037274 -0.0078022 -0.00145723 0.00498916
internal_weight=910.32 772.549 721.997 701.683 137.771 120.449 38.7361 81.7126 50.552
internal_count=5824 4719 4413 4285 1105 956 311 645 306
is_linear=0
shrinkage=0.03


Tree=212
num_leaves=13
num_cat=0
split_feature=0 5 6 5 5 5 5 3 2 0 0 5
split_gain=8.00187 2.36029 3.01616 1.76707 1.51429 1.34662 2.06037 1.22622 1.12034 0.990583 1.04922 0.267462
threshold=113.71465686896126 -0.24889590000000025 0.49963540000000023 -0.44394580000000006 -0.29300739999999992 -0.089308800000000396 -0.010918000000000037 0.20000000000000001 -0.19999999999999982 247.53058268944224 124.11168062257595 -0.15241109999999999
decision_type=2 10 10 10 8 10 10 10 10 2 2 8
left_child=1 2 4 -4 -1 7 -7 -3 11 10 -10 -2
right_child=8 5 3 -5 -6 6 -8 -9 9 -11 -12 -13
leaf_value=-0.00018714764296663656 -0.0045633735089994814 9.4288213747539026e-05 0.0043998309471087651 0.012928173430738021 0.0053688745725789582 0.0063898060704776771 -0.00058374149890762911 -0.0070958637232358479 -0.0084540559560942891 -0.0095312675629436756 -0.0015448339456549992 -0.011461069235003105
leaf_weight=213.39763535559177 18.486569859087467 39.813879549503326 115.00244175642729 25.86484532058239 50.564621604979038 40.678960964083672 226.99253116548061 40.702695064246655 19.63454507291317 19.813120856881142 119.43089659139514 26.349737860262394
leaf_count=1051 110 231 553 119 386 230 1373 213 147 184 1011 216
internal_value=-8.59097e-05 0.00134673 0.00289014 0.00635521 0.000957186 -0.000463262 0.000573789 -0.00374284 -0.00528696 -0.00388695 -0.0027799 -0.00936023
internal_weight=956.732 753.018 404.83 140.867 263.962 348.188 267.671 80.5166 203.715 158.879 139.065 44.8363
internal_count=5824 4156 2109 672 1437 2047 1603 444 1668 1342 1158 326
is_linear=0
shrinkage=0.03


Tree=213
num_leaves=14
num_cat=0
split_feature=0 2 5 4 2 4 5 0 1 5 5 0 1
split_gain=6.54647 2.0421 1.98647 1.94934 1.883 2.35758 2.07592 1.65694 1.24482 1.20787 1.4314 0.571413 1.29229
threshold=36.966734028383947 -0.39999999999999997 -0.92744939999999987 1.9000000000000001 -0.19999999999999996 -0.90000000000000002 -0.69302949999999985 -41.215115824459751 -0.49999999999999994 -0.47537030000000002 0.30979410000000002 94.614771960383351 0.50000000000000022
decision_type=2 10 8 10 8 8 10 2 8 10 10 2 10
left_child=1 2 7 4 6 -6 -2 -1 -4 -3 -11 -5 -13
right_child=3 9 8 11 5 -7 -8 -9 -10 10 -12 12 -14
leaf_value=0.0036938161861740028 -0.004538283790916948 0.0033419530924744282 -0.0050122888189423195 0.00036899986870914987 -0.0067395359468320681 0.00031590035239278301 0.0040759214582231822 -0.0063366693341399428 -0.011456579758925474 -0.0038744215281967748 0.0036990881992970568 0.010668418822547845 0.0032642297861458507
leaf_weight=31.64653092622757 24.894496060907841 39.212473563849926 100.61821958422661 24.157691568136215 43.878841884434223 330.24482838064432 180.78641395270824 19.908455207943916 43.280545301735401 105.44437666237354 23.952069357037544 27.90715417265892 82.092468813061714
leaf_count=199 130 215 626 125 221 1742 891 139 250 554 115 136 449
internal_value=-0.000215937 -0.00346295 -0.00551244 0.00145234 0.000680679 -0.000589562 0.00295034 -0.000397332 -0.00727017 -0.000996814 -0.00238706 0.00464306 0.00552486
internal_weight=1078.02 364.063 195.454 713.962 579.805 374.124 205.681 51.555 143.899 168.609 129.396 134.157 110
internal_count=5792 2098 1214 3694 2984 1963 1021 338 876 884 669 710 585
is_linear=0
shrinkage=0.03


Tree=214
num_leaves=9
num_cat=0
split_feature=6 6 5 5 2 5 5 5
split_gain=1.96667 2.03204 2.23308 1.65388 1.38784 1.52358 1.12551 0.839151
threshold=1.1791412000000003 0.57033750000000005 -0.63776779999999988 -0.53144279999999988 -0.49999999999999983 -0.34154619999999997 -0.7246810199999999 -0.56830179999999997
decision_type=10 10 8 8 10 10 10 10
left_child=1 2 6 -4 7 -6 -1 -3
right_child=-2 4 3 -5 5 -7 -8 -9
leaf_value=0.0028682476773682973 0.0078441418910306353 -0.0024447464180161935 -0.0065623685440284974 0.00052747047814961109 -0.011071103637752032 -0.002314503737570783 0.010317185651767889 0.004403271795705755
leaf_weight=78.382524929940701 26.697642304003239 32.487052820622921 26.099730849266052 615.75731463730335 24.462857246398926 54.920078411698341 21.879567533731461 23.324110448360443
leaf_count=470 142 210 160 4056 150 335 125 144
internal_value=0.000502379 0.000235775 0.000856392 0.000190681 -0.00308001 -0.00550907 0.00490664 0.000543854
internal_weight=904.011 877.313 742.119 641.857 135.194 79.3829 100.262 55.8112
internal_count=5792 5650 4811 4216 839 485 595 354
is_linear=0
shrinkage=0.03


Tree=215
num_leaves=14
num_cat=0
split_feature=0 5 2 0 2 2 6 6 0 6 0 0 5
split_gain=7.35229 3.98376 2.3862 2.23789 1.88983 1.67366 1.4637 3.62516 1.46335 1.3866 1.18767 0.454378 0.341644
threshold=26.532211263730918 -0.92744939999999987 -1.4999999999999998 113.71465686896126 -0.19999999999999982 -1.0999999999999994 0.82035740000000024 0.60847160000000022 95.547564913199167 0.4041127000000001 124.11168062257595 138.53846387597903 -0.47537030000000002
decision_type=2 8 10 2 10 10 10 10 2 8 2 2 8
left_child=1 2 -1 5 11 9 7 -3 -7 -2 -6 -5 -8
right_child=3 6 -4 4 10 8 12 -9 -10 -11 -12 -13 -14
leaf_value=0.0032180243029899546 0.01002563028873386 0.0036311799905996492 -0.0069672735594008385 -0.0048492133636855303 -0.0093926075539550371 -0.0028775330410767391 -0.0025497887838455881 0.013404943765235959 0.0023374289806959571 0.00019556035062669793 -0.0020562358685511152 -0.012976657985087106 0.0018905063031669125
leaf_weight=30.123208448290825 15.367654994130133 232.0165137052536 48.064190410077572 19.599978625774384 19.380586698651314 241.74523793160915 24.911047123372555 36.807534128427505 56.235826499760151 35.853001639246941 136.64855182543397 24.16050336509943 27.64940882474184
leaf_count=137 88 1095 224 126 145 1509 119 167 380 300 1187 187 128
internal_value=-0.000233653 0.00284214 -0.00308563 -0.00247775 -0.00497074 -0.00100139 0.00430944 0.00518975 -0.00187102 0.0037742 -0.00323084 -0.010207 -0.000252655
internal_weight=948.563 399.572 78.1874 548.991 199.79 349.202 321.385 268.824 297.981 51.2207 156.029 43.7605 52.5605
internal_count=5792 1870 361 3922 1645 2277 1509 1262 1889 388 1332 313 247
is_linear=0
shrinkage=0.03


Tree=216
num_leaves=14
num_cat=0
split_feature=0 0 1 4 1 2 4 4 7 0 4 4 3
split_gain=8.22933 2.06872 1.88496 2.22898 1.45861 1.22528 1.56119 1.40802 1.2108 1.11131 0.917354 4.36278 0.888734
threshold=105.11388587613637 -35.343439652721933 0.30000000000000016 0.50000000000000011 -1.4999999999999998 -1.0000000180025095e-35 -0.79999999999999993 -2.899999999999999 -1.0000000180025095e-35 143.17962016032428 -1.0000000180025095e-35 0.70000000000000029 0.80000000000000027
decision_type=2 2 8 8 8 8 8 10 10 2 10 10 8
left_child=1 4 10 9 -1 7 -7 -3 -5 -4 -2 -12 -6
right_child=2 5 3 8 12 6 -8 -9 -10 -11 11 -13 -14
leaf_value=-0.00022231036148846552 0.0092422490923914601 -0.0064733687452232132 -0.0059195264617975382 0.0071902416288784771 -0.0051729318263436883 -0.0078472054951887974 -0.0018768553216780429 0.00055376622570889398 0.0017493074919417561 0.00081389797899239242 -0.0051331924327835971 0.0089937383199267563 -0.012176870640647581
leaf_weight=33.938431896269321 48.020333535969257 23.428285166621208 37.034211225807667 50.177404075860977 74.688643880188465 43.611695855855942 240.8844181895256 258.92424344271421 125.4646088629961 44.213780283927917 28.1174635887146 45.37325169891119 24.732066005468369
leaf_count=221 217 151 175 264 433 227 1346 1405 662 206 126 221 152
internal_value=-0.000437877 -0.00235924 0.00310189 0.00158919 -0.00565863 -0.00154032 -0.0029118 -0.000131805 0.00345967 -0.00242055 0.00611071 0.0036061 -0.00741488
internal_weight=1078.61 700.208 378.401 256.89 133.359 566.849 284.496 282.353 175.642 81.248 121.511 73.4907 99.4207
internal_count=5806 3935 1871 1307 806 3129 1573 1556 926 381 564 347 585
is_linear=0
shrinkage=0.03


Tree=217
num_leaves=9
num_cat=0
split_feature=3 4 5 3 2 2 4 0
split_gain=1.60011 1.6474 1.87457 1.07417 0.734092 1.49931 1.19165 0.624091
threshold=0.59999999999999998 -2.899999999999999 -0.87000539999999982 -1.2999999999999996 -1.0999999999999994 -0.79999999999999993 -2.2999999999999989 -66.545195644924192
decision_type=8 10 10 10 8 8 10 2
left_child=1 -1 -3 -4 6 -6 -2 -7
right_child=4 2 3 -5 5 7 -8 -9
leaf_value=0.0054193053896121664 0.0035809847626982715 -0.0078189035653237274 0.0038792381675679349 -0.00069798320383521054 0.0092141699497670145 -0.0024170862803800622 -0.0057856278980538134 0.002676658132780463
leaf_weight=37.33800008893013 19.794867642223835 26.586992554366589 45.453079804778099 538.3831400424242 26.879805758595467 20.777829021215439 19.393121987581253 169.16129967570305
leaf_count=224 127 167 309 3451 163 122 120 1123
internal_value=0.000488775 -0.000308054 -0.000699565 -0.000311721 0.00247223 0.00314495 -0.00118447 0.00207174
internal_weight=903.768 647.761 610.423 583.836 256.007 216.819 39.188 189.939
internal_count=5806 4151 3927 3760 1655 1408 247 1245
is_linear=0
shrinkage=0.03


Tree=218
num_leaves=12
num_cat=0
split_feature=0 5 0 5 5 0 5 4 6 5 6
split_gain=10.0743 1.96091 1.66425 2.00176 2.48881 1.74887 1.44011 1.43422 1.23143 1.31087 0.726402
threshold=113.71465686896126 -0.31333139999999982 -43.332440747378989 -0.32142719999999991 -0.83232685999999989 1.1088900869526699 0.076037799999999947 1.2 0.067697899999999991 -0.2993597999999999 -0.31042809999999971
decision_type=2 8 2 8 10 2 10 10 10 10 8
left_child=2 -2 8 4 -4 -5 10 -8 -1 -10 -3
right_child=1 6 3 5 -6 -7 7 -9 9 -11 -12
leaf_value=0.0086116770761105969 0.0021557621248060326 -0.0047435864199771591 0.0035733406366139898 0.0066238389397269334 -0.0034774768430192479 0.0012137061112524334 -0.001340625262370063 -0.0076140793884741367 0.0042905862692346041 -0.0024955223986373259 -0.014791660054919385
leaf_weight=39.405101887881756 22.115687221288681 16.779520649462938 58.840136304497719 60.920039258897305 150.57561846077442 311.99916530400515 58.38033377751708 78.094398189336061 95.431125104427338 30.685368239879608 24.742328807711601
leaf_count=161 130 123 313 291 772 2053 489 750 419 133 172
internal_value=3.17991e-05 -0.00586241 0.00163744 0.000865774 -0.00145926 0.00217345 -0.00689034 -0.00507268 0.0042473 0.00260726 -0.0116773
internal_weight=947.969 200.112 747.857 582.335 209.416 372.919 177.997 136.475 165.522 126.116 41.5218
internal_count=5806 1664 4142 3429 1085 2344 1534 1239 713 552 295
is_linear=0
shrinkage=0.03


Tree=219
num_leaves=11
num_cat=0
split_feature=0 5 3 0 0 3 0 6 6 5
split_gain=5.63581 3.76514 2.09801 1.54853 1.42668 1.55371 1.20952 1.61241 1.11578 0.883552
threshold=105.11388587613637 -0.40419586999999996 0.80000000000000027 -55.179418488355843 68.596109686953255 1.5000000000000002 252.60248874671893 -0.96396775999999995 -0.40141734000000007 -0.95888639999999992
decision_type=2 8 8 2 2 10 2 8 10 8
left_child=2 -2 3 9 5 -4 7 -3 -5 -1
right_child=1 6 4 8 -6 -7 -8 -9 -10 -11
leaf_value=0.00015215187384627223 -0.0073874350646927107 -0.0032953706735762986 -0.0078269270316997409 0.0026716569503643915 0.0017627803984019261 -0.00035143153918204296 0.0085389565819848825 0.0036870021171572652 -0.00087219293289785948 -0.0073237008052595681
leaf_weight=20.283047549426556 25.222601912915707 29.242067500948906 93.546430803835392 95.915547162294388 23.697605893015862 34.189314119517803 37.747405402362347 289.74967556446791 380.2325285077095 41.137608632445335
leaf_count=120 113 156 633 478 144 218 175 1425 2040 247
internal_value=-1.79225e-05 0.00288311 -0.00163535 -0.000738038 -0.00469529 -0.00591467 0.00370134 0.00300595 -0.000137973 -0.00502933
internal_weight=1070.96 381.962 689.002 537.569 151.433 127.736 356.739 318.992 476.148 61.4207
internal_count=5749 1869 3880 2885 995 851 1756 1581 2518 367
is_linear=0
shrinkage=0.03


Tree=220
num_leaves=8
num_cat=0
split_feature=6 6 0 6 2 0 5
split_gain=1.87477 1.2833 1.46769 1.52855 1.14699 0.965741 1.0373
threshold=1.0561405000000001 0.57033750000000005 164.48203777566565 0.12028509999999994 -1.2999999999999996 80.174400567446256 -0.010918000000000037
decision_type=10 10 2 10 8 2 10
left_child=1 2 4 -4 -1 6 -3
right_child=-2 5 3 -5 -6 -7 -8
leaf_value=-0.0039253580118816583 0.0057245438628625951 -0.0060435721863896733 -0.0043920996056929134 0.0042439952342120104 0.00097272307563819665 0.001873411859772457 0.0014207690876352316
leaf_weight=41.543953888118267 41.661293797194958 76.675286643207073 100.89106656983495 18.167458809912205 578.61373185366392 23.490615077316761 18.98054214566946
leaf_count=260 230 491 712 101 3697 141 117
internal_value=-0.000133498 -0.000449329 2.44974e-05 -0.00295636 0.000615833 -0.00327166 -0.00456546
internal_weight=900.024 858.363 739.216 119.059 620.158 119.146 95.6558
internal_count=5749 5519 4770 813 3957 749 608
is_linear=0
shrinkage=0.03


Tree=221
num_leaves=11
num_cat=0
split_feature=0 2 6 6 4 6 0 7 4 6
split_gain=6.95701 2.39406 1.49238 3.84106 0.946717 0.904239 0.846676 1.14284 0.719977 0.573182
threshold=108.28656482175838 -1.2999999999999996 0.82035740000000024 0.62547940000000024 -0.79999999999999993 0.27473200000000003 212.95376115403556 1.5000000000000002 0.59999999999999987 -0.72460570000000002
decision_type=2 8 10 10 10 10 2 8 8 8
left_child=1 5 3 -3 -4 -1 7 8 -2 -8
right_child=6 2 4 -5 -6 -7 9 -9 -10 -11
leaf_value=0.0020932724543481652 -0.00037921588657940567 0.00061401888917991484 0.00064592334403260412 0.0087144233480714751 -0.0059092964449951107 0.0086797705526035652 -0.0019989783408162843 -0.010001220317247629 -0.0043054624097643122 -0.010482743616775628
leaf_weight=35.028826661407948 80.496322050690651 508.74396289885044 34.705777436494827 53.904205352067947 38.637336440384388 48.814738854765892 12.839971005916594 16.521146327257156 85.458515871316195 26.914036195725203
leaf_count=166 557 2912 168 266 195 241 130 129 738 247
internal_value=0.000147934 0.00158303 0.000930661 0.00146 -0.00296413 0.00620068 -0.0044331 -0.00339844 -0.00246783 -0.00827207
internal_weight=942.065 719.835 635.991 562.648 73.3431 83.8436 222.23 182.476 165.955 39.754
internal_count=5749 3948 3541 3178 363 407 1801 1424 1295 377
is_linear=0
shrinkage=0.03


Tree=222
num_leaves=9
num_cat=0
split_feature=6 2 6 6 6 5 5 2
split_gain=3.08076 1.9532 2.13384 3.66099 1.61759 1.13654 1.50702 0.128986
threshold=-0.44382050000000012 -1.4999999999999998 1.0561405000000001 0.83448470000000008 -1.1427223999999998 -0.39588479999999987 0.23408676000000006 -1.8999999999999997
decision_type=8 8 10 10 10 10 10 10
left_child=4 7 3 -3 -1 -6 -7 -2
right_child=1 2 -4 -5 5 6 -8 -9
leaf_value=-0.0033822567649477112 -0.003464742233733358 -0.00068378051048824579 -0.0072483617663016671 0.0084806611919019375 -0.0017299450702366 0.0078951313940894777 0.0021705323483033364 -0.0084369727198588124
leaf_weight=27.313431575894356 19.330451376736164 733.54703603684902 35.698758639395237 36.43435987085104 25.070181801915169 74.736052557826042 97.351965829730034 23.600208632647991
leaf_count=142 129 3953 210 208 113 365 514 148
internal_value=-7.77656e-05 -0.000906983 -0.000553378 -0.000198215 0.00300853 0.00395564 0.00480939 -0.0067931
internal_weight=1073.08 848.611 805.68 769.981 224.472 197.158 172.088 42.9307
internal_count=5782 4648 4371 4161 1134 992 879 277
is_linear=0
shrinkage=0.03


Tree=223
num_leaves=10
num_cat=0
split_feature=3 3 5 2 6 6 2 6 3
split_gain=1.62006 1.56845 1.96786 1.15115 2.38071 1.48813 1.48297 0.970556 0.686467
threshold=-0.89999999999999991 -1.2999999999999996 0.35281210000000024 1.1000000000000003 -0.19826740000000007 -0.19826740000000007 0.30000000000000016 -0.44382050000000012 -1.0999999999999994
decision_type=8 10 10 10 8 10 10 10 10
left_child=1 2 -1 4 7 -5 -6 -2 -3
right_child=3 8 -4 5 6 -7 -8 -9 -10
leaf_value=-0.004489574992236697 0.0015476861023455736 -0.0098268066696872332 0.0067534633891343137 -0.007806068149266601 -0.00084975597852575348 0.0010168518467131835 0.0029389694839660864 0.0060017102632099039 -0.0029050194292014673
leaf_weight=25.19109371304512 91.090324636548758 24.680364925414324 21.225945007055998 27.504169728606939 442.86176512390375 34.417545989155769 112.34313979744911 89.665393993258476 33.816883686929941
leaf_count=155 571 169 159 218 2808 223 695 550 234
internal_value=0.000115293 -0.00330127 0.000808502 0.0005823 0.000919302 -0.00319251 -6.37362e-05 0.00385922 -0.00636921
internal_weight=902.797 104.914 46.417 797.882 735.961 61.9217 555.205 180.756 58.4972
internal_count=5782 717 314 5065 4624 441 3503 1121 403
is_linear=0
shrinkage=0.03


Tree=224
num_leaves=11
num_cat=0
split_feature=5 6 1 2 5 6 5 7 5 5
split_gain=3.35338 2.6531 2.3065 2.38868 1.5699 1.20726 2.91572 0.813586 1.48185 0.703653
threshold=0.46816260000000004 -0.33558519999999997 0.90000000000000036 -1.0999999999999994 0.51530950000000009 0.22606660000000015 0.67787540000000013 1.0000000180025095e-35 0.10524460000000004 -0.070379000000000067
decision_type=10 8 10 8 10 10 10 10 10 8
left_child=1 7 3 -3 -2 6 -6 8 -1 -9
right_child=4 2 -4 -5 5 -7 -8 9 -10 -11
leaf_value=0.0010526767634061441 -0.01195009908966347 0.0049761440244081882 0.0089754794433010571 0.00023409236547242981 0.0052862487523151922 -0.0084175330212583679 -0.0047244348045645109 -0.0099353691524986919 -0.0062236352489232587 -0.0017575299554973705
leaf_weight=72.819910436868668 15.646922975778578 112.58379442244768 30.729800820350647 514.38632102683187 35.432678453624249 22.498563576489687 69.937251657247543 18.455154791474342 32.622477170079947 20.290172051638365
leaf_count=429 122 547 211 2921 280 155 623 105 241 148
internal_value=-2.19114e-05 0.000740719 0.00155031 0.00111825 -0.00416456 -0.00279802 -0.00127117 -0.00288035 -0.00137836 -0.00634317
internal_weight=945.403 801.888 657.7 626.97 143.515 127.868 105.37 144.188 105.442 38.7453
internal_count=5782 4602 3679 3468 1180 1058 903 923 670 253
is_linear=0
shrinkage=0.03


Tree=225
num_leaves=13
num_cat=0
split_feature=5 3 6 3 3 6 2 5 3 3 5 7
split_gain=4.48847 1.46288 1.37293 2.42648 2.16343 1.24889 1.27652 1.15888 1.16287 0.856681 1.3064 0.830122
threshold=-0.16629639999999998 0.70000000000000018 -0.27129719999999996 0.19999999999999987 -0.79999999999999993 -0.20407929999999982 -0.69999999999999973 -0.56830179999999997 1.3000000000000005 -0.69999999999999973 -0.40419586999999996 1.0000000180025095e-35
decision_type=8 10 8 10 10 8 8 10 10 10 10 10
left_child=1 9 3 4 -2 -4 -7 8 -3 10 -1 -11
right_child=2 7 5 -5 -6 6 -8 -9 -10 11 -12 -13
leaf_value=-0.0094726225258993518 0.0042184041263917125 -0.0060033332867249793 -0.0058401621313387345 0.0092848913964564284 -0.0016806043000390371 -0.0053051603669944181 0.00077774064443014246 -0.0093567690843392327 0.0019888648879864902 -0.0022062045362586224 -0.00015346698586129169 0.0016867545394479084
leaf_weight=25.642727881669998 107.07585671544075 35.954330258071423 27.39949094504118 36.182796314358711 107.67455865442753 28.844672732055187 372.4286332949996 47.903831258416176 24.045641370117664 174.48217201977968 24.55381690710783 63.781629927456379
leaf_count=126 562 233 143 179 548 153 1972 282 154 965 122 348
internal_value=-0.00061731 -0.00313397 0.000862642 0.00260145 0.00128974 -0.000173467 0.000280575 -0.00605031 -0.00289376 -0.00195856 -0.00534096 -0.00115084
internal_weight=1075.97 396.364 679.606 250.933 214.75 428.673 401.273 107.904 60 288.46 50.1965 238.264
internal_count=5787 2230 3557 1289 1110 2268 2125 669 387 1561 248 1313
is_linear=0
shrinkage=0.03


Tree=226
num_leaves=11
num_cat=0
split_feature=3 3 6 3 6 6 0 6 6 6
split_gain=0.92551 5.09507 2.80657 2.00546 1.9459 1.99279 1.65686 1.15634 0.490195 0.708011
threshold=0.30000000000000016 0.19999999999999987 0.57033750000000005 -0.89999999999999991 -0.25702130000000001 0.3024967999999999 -9.0548593139521909 0.95583580000000012 0.36962880000000015 -0.11519720000000004
decision_type=10 10 10 10 10 10 2 10 10 10
left_child=1 2 3 -1 -2 6 -6 -7 9 -3
right_child=4 8 -4 -5 5 7 -8 -9 -10 -11
leaf_value=-0.0012090661271369149 -0.0051705161224852025 -0.0031223123644829802 -0.0078637074928008758 0.0031022211669374006 0.01132884428099314 -0.00048849813749885071 0.0032431932907211977 0.0045589015093107652 -0.0021477721377919407 -0.010384208846688951
leaf_weight=133.64433265849948 25.811299532651901 25.594138294458389 23.440939843654633 329.58482370525599 31.146337807178497 145.03325698524714 79.989109463989735 51.435821257531643 23.37514803558588 35.730975024402142
leaf_count=1006 159 158 148 2097 169 895 496 289 148 222
internal_value=0.000854118 0.000116675 0.00131526 0.00185876 0.00209747 0.00278028 0.00589942 0.000913264 -0.00645959 -0.0078173
internal_weight=904.786 571.37 486.67 463.229 333.416 307.605 111.135 196.469 84.7003 61.3251
internal_count=5787 3779 3251 3103 2008 1849 665 1184 528 380
is_linear=0
shrinkage=0.03


Tree=227
num_leaves=10
num_cat=0
split_feature=0 0 1 3 3 0 3 0 4
split_gain=5.677 1.05547 2.6672 1.56542 0.989031 1.06304 1.6625 1.65822 0.0357448
threshold=57.205246042983056 -103.14537568836055 -1.4999999999999998 -0.19999999999999996 -1.2999999999999996 107.26824786540602 0.30000000000000016 98.897268901355361 0.80000000000000004
decision_type=2 2 8 8 8 2 8 2 10
left_child=1 -1 -3 -4 8 7 -7 -6 -2
right_child=4 2 3 -5 5 6 -8 -9 -10
leaf_value=0.0055678621919430888 -0.0088338490272430997 -0.0050668365908946101 -0.00069411889293235444 0.0033605035936206417 -0.0017048814961765774 -0.0020731054035976453 -0.0084864732813920082 0.0059224086450232506 -0.0037704378671780743
leaf_weight=60.11052168905735 18.175749868154526 45.891191981732845 117.37274812161922 298.14933285862207 169.52435837686062 151.24825422093272 45.250881396234035 25.11510131508112 14.610746026039122
leaf_count=248 128 238 602 1514 1156 1255 335 167 144
internal_value=-0.000115494 0.0019723 0.00144922 0.00222056 -0.002677 -0.00219509 -0.00372395 -0.000597023 -0.00737491
internal_weight=945.449 521.524 461.413 415.522 423.925 391.139 196.499 194.639 32.7865
internal_count=5787 2602 2354 2116 3185 2913 1590 1323 272
is_linear=0
shrinkage=0.03


Tree=228
num_leaves=9
num_cat=0
split_feature=6 3 6 6 4 7 3 2
split_gain=3.66102 2.17613 2.02401 1.71703 1.83892 1.61082 1.16838 1.13718
threshold=-0.27129719999999996 0.19999999999999987 1.0561405000000001 0.83448470000000008 -2.899999999999999 1.5000000000000002 -0.19999999999999982 0.20000000000000001
decision_type=8 10 10 10 8 10 10 10
left_child=1 5 3 4 -2 6 -1 -3
right_child=2 7 -4 -5 -6 -7 -8 -9
leaf_value=0.0024900462959639752 -0.0077446590869741415 0.0024898468611875969 -0.0080031471703074005 0.0044739634107388935 -0.0011958339231732979 -0.0055181103008853909 -0.0036785237128778491 0.01177236585630137
leaf_weight=231.33199210464954 36.43508356064558 25.974851660430431 37.484332486987114 39.759243182837963 628.22586270421743 25.38061049580574 26.825872264802456 23.916361778974533
leaf_count=1181 239 124 226 231 3407 131 135 122
internal_value=-0.000459665 0.00213131 -0.00163058 -0.00123746 -0.00160997 0.00105276 0.00179134 0.00760662
internal_weight=1075.33 333.43 741.905 704.42 664.661 283.538 258.158 49.8912
internal_count=5796 1693 4103 3877 3646 1447 1316 246
is_linear=0
shrinkage=0.03


Tree=229
num_leaves=6
num_cat=0
split_feature=5 6 4 5 0
split_gain=1.41069 1.9709 1.23641 2.17527 0.605136
threshold=-1.3664777999999995 1.1791412000000003 -2.2999999999999989 -0.84598914999999975 8.709311929941693
decision_type=8 10 8 8 2
left_child=-1 2 4 -4 -2
right_child=1 -3 3 -5 -6
leaf_value=-0.0064756041031819112 0.0016809025459631974 0.0083888006709019382 -0.0068260257470809512 0.00062308072956880471 0.0071237181076262155
leaf_weight=18.902629807591438 46.641974560916424 25.716070830821991 32.016603745520115 750.82396855950356 30.723802328109741
leaf_count=130 290 133 196 4863 184
internal_value=0.000728098 0.00091728 0.00064673 0.00027704 0.00414361
internal_weight=904.825 885.922 860.206 782.841 77.3658
internal_count=5796 5666 5533 5059 474
is_linear=0
shrinkage=0.03


Tree=230
num_leaves=12
num_cat=0
split_feature=0 7 0 2 7 0 1 2 3 2 3
split_gain=7.7829 1.63592 1.54163 1.68806 1.53697 1.42838 2.63139 1.29779 1.04436 0.383854 0.156208
threshold=36.966734028383947 1.5000000000000002 207.4891956177153 0.59999999999999998 -1.4999999999999998 -86.584635465982146 -0.69999999999999973 1.1000000000000003 -1.0000000180025095e-35 1.3000000000000005 0.90000000000000036
decision_type=2 8 2 10 8 2 8 8 8 10 10
left_child=1 5 4 -4 8 10 -7 -6 -2 -5 -1
right_child=2 -3 3 9 7 6 -8 -9 -10 -11 -12
leaf_value=0.0068571578957005051 -0.0016387206390568153 0.0081118775322169354 -0.015237054482928072 0.0004370628721200377 -0.0033778202172989259 -0.0018126100464112365 0.003547617738921342 0.0011225213969462476 0.0073492192576950881 -0.0058232139173265193 0.0030869400427482774
leaf_weight=45.874199144542217 19.047462951391935 41.141759768128395 13.037462417036293 15.696648679673673 359.29204040393233 144.48928219079971 179.89916905760765 65.995824445039034 19.876678120344877 13.380092319101093 29.416324310004711
leaf_count=185 137 193 129 147 2438 730 876 572 126 138 125
internal_value=-0.000174184 0.00272391 -0.0026993 -0.00791318 -0.00214701 0.00207592 0.00116879 -0.00267453 0.00326511 -0.00287544 0.00566809
internal_weight=947.147 440.821 506.326 42.1142 464.212 399.679 324.388 425.288 38.9241 29.0767 75.2905
internal_count=5796 2109 3687 414 3273 1916 1606 3010 263 285 310
is_linear=0
shrinkage=0.03


Tree=231
num_leaves=9
num_cat=0
split_feature=6 7 6 6 2 7 3 1
split_gain=3.65123 3.37925 1.99353 2.45241 1.6447 1.6209 1.63622 1.09595
threshold=1.0858518000000001 -1.0000000180025095e-35 -0.47186619999999996 -0.80451119999999965 -0.49999999999999983 -1.4999999999999998 -0.39999999999999997 0.70000000000000018
decision_type=10 10 8 10 10 8 8 10
left_child=1 5 3 -3 -4 6 -1 -7
right_child=-2 2 4 -5 -6 7 -8 -9
leaf_value=0.0042325826440135815 -0.0096734211657684265 -0.0028488984661978259 -0.0044142017553194341 0.0047875359278045501 -0.0010142822919832423 0.0048532265297323062 -0.0039192916265011974 -0.00034314809126630499
leaf_weight=29.826240077614784 33.334337785840034 59.286230742931366 186.27510348707438 88.521387577056885 400.65208350121975 169.84265218675137 56.499304585158825 45.376238524913788
leaf_count=155 210 307 1144 455 2069 922 308 226
internal_value=-0.000581017 -0.000243494 -0.00133991 0.00173154 -0.0021215 0.00240629 -0.00102522 0.00377472
internal_weight=1069.61 1036.28 734.735 147.808 586.927 301.544 86.3255 215.219
internal_count=5796 5586 3975 762 3213 1611 463 1148
is_linear=0
shrinkage=0.03


Tree=232
num_leaves=13
num_cat=0
split_feature=3 7 0 2 4 5 0 7 5 3 5 4
split_gain=1.14431 1.51893 2.87508 2.33834 1.85693 1.3478 1.81608 0.935257 1.96524 0.915993 0.807366 0.6753
threshold=0.70000000000000018 -1.0000000180025095e-35 45.194837533496418 -0.29999999999999999 -1.4999999999999996 -0.69302949999999985 46.785518056295139 1.0000000180025095e-35 -0.17983040000000008 0.90000000000000036 -0.22160690999999996 0.19999999999999987
decision_type=10 10 2 10 8 8 2 10 10 10 10 10
left_child=1 5 3 -3 -4 -1 -7 8 9 -2 -9 -10
right_child=7 2 4 -5 -6 6 -8 10 11 -11 -12 -13
leaf_value=-0.0079419694558093834 0.012046714668595452 0.00076266463537857216 0.009105435788029052 -0.006259785464350515 0.0019099767876200179 0.0035135891720751884 -0.0028513231464882193 -0.0035720112762541228 -0.0037160433733727702 0.0044429160842466963 0.0033584171683199212 0.0024647151901643232
leaf_weight=23.84205224364996 20.705759108066559 106.49886906147003 31.85521637648344 65.182429313659668 308.30870726704597 53.405217863619328 126.54130147397518 29.124642379581928 23.237741895020008 58.431952811777592 22.265858858823776 31.480474278330803
leaf_count=145 118 670 176 388 2086 330 887 176 143 355 135 187
internal_value=0.000802465 0.000250872 0.00112162 -0.00200525 0.00270595 -0.00191063 -0.0009184 0.00287075 0.0041516 0.00703006 -0.000537741 -0.000251493
internal_weight=900.88 715.634 511.845 171.681 340.164 203.789 179.947 185.246 133.856 79.1377 51.3905 54.7182
internal_count=5796 4682 3320 1058 2262 1362 1217 1114 803 473 311 330
is_linear=0
shrinkage=0.03


Tree=233
num_leaves=11
num_cat=0
split_feature=0 5 1 4 5 4 3 0 6 5
split_gain=5.28572 2.40968 1.80465 1.77382 2.47769 2.18978 1.07273 1.00697 0.754697 0.561891
threshold=106.26578255170229 -0.31333139999999982 1.1000000000000003 1.5000000000000004 0.38891850000000022 1.1000000000000001 -1.2999999999999996 171.87664356079566 -0.025721099999999938 0.28973579999999982
decision_type=2 8 10 10 10 10 10 2 10 10
left_child=3 -2 7 4 5 -1 -4 -3 -6 -5
right_child=1 2 6 9 8 -7 -8 -9 -10 -11
leaf_value=0.0015895007282018493 0.0038143415322046794 -0.0048276019223930213 -0.0063202166672057533 0.001685459186745858 -0.0091532900825012729 -0.0069880428125103453 0.0018816596124505325 -0.010689680304074047 -0.00122735147496347 0.0083896863902477251
leaf_weight=594.8187275454402 27.088330343365669 96.772368054836988 15.650025486946104 20.35189775377512 22.327430985867977 23.147721275687218 42.376046486198902 44.295588113367558 20.839009970426559 32.793821327388287
leaf_count=3211 156 747 149 117 153 127 405 401 122 208
internal_value=-0.000108485 -0.00405412 -0.00519191 0.00116043 0.000712869 0.0012147 -0.000656348 -0.00697121 -0.00585157 0.00618804
internal_weight=940.461 226.182 199.094 714.279 661.133 617.966 58.0261 141.068 43.1664 53.1457
internal_count=5796 1858 1702 3938 3613 3338 554 1148 275 325
is_linear=0
shrinkage=0.03


Tree=234
num_leaves=10
num_cat=0
split_feature=0 0 2 0 4 1 3 3 3
split_gain=5.53606 3.34032 2.04663 2.6614 2.33899 1.23536 1.84905 1.82987 1.63248
threshold=1.1088900869526699 273.16277853044829 0.20000000000000015 156.06264634812376 -0.90000000000000002 -1.4999999999999998 0.80000000000000027 1.1000000000000003 0.20000000000000015
decision_type=2 2 8 2 8 8 8 10 10
left_child=5 2 3 -2 -4 7 8 -1 -7
right_child=1 -3 4 -5 -6 6 -8 -9 -10
leaf_value=-0.005253407894495481 0.0011492876420863957 0.011144795901078315 -0.009409966475476407 0.0082449243862728772 -0.00030612945518549258 -0.0061159163126792808 -0.010596155127054831 0.0061626898348398369 0.00034032786861128969
leaf_weight=20.646894253790379 391.26097051799297 23.299648180603981 22.393846176564693 49.58869607001543 354.57130593806505 79.394916370511055 41.381581328809261 19.933159306645393 59.663786761462688
leaf_count=138 2039 112 112 232 1921 453 255 141 343
internal_value=-0.000106499 0.00100819 0.000653424 0.00203095 -0.000963047 -0.004277 -0.00531498 0.000415132 -0.00343017
internal_weight=1062.13 841.114 817.815 440.85 376.965 221.02 180.44 40.5801 139.059
internal_count=5746 4416 4304 2271 2033 1330 1051 279 796
is_linear=0
shrinkage=0.03


Tree=235
num_leaves=13
num_cat=0
split_feature=3 3 0 1 2 6 0 3 6 2 6 6
split_gain=1.49732 1.85362 1.30299 0.783157 1.46509 1.41547 1.14746 0.920211 1.85128 1.27197 0.77153 0.307781
threshold=-0.89999999999999991 -1.2999999999999996 124.11168062257595 0.40000000000000013 0.90000000000000036 0.11047400000000009 111.50765212634816 0.70000000000000018 -0.72460570000000002 -0.39999999999999997 -0.64806059999999988 -0.23665630000000007
decision_type=8 10 2 8 10 10 2 10 10 10 10 8
left_child=1 2 -1 7 6 -6 -5 8 -2 -9 -3 -12
right_child=3 10 -4 4 5 -7 -8 9 -10 -11 11 -13
leaf_value=0.0063281681822784227 0.0072243458341591828 -0.0015609102617218241 -0.0028791376206588181 0.0014882847300996076 -0.0040487695946117772 0.0048055341133053705 0.0072988370438977022 0.0042404590180762109 -0.0013146541023429711 -0.00068271170254348857 -0.011682559075492814 -0.004220501284821169
leaf_weight=19.151049584150314 19.280100487172604 21.008281968533993 27.755838841199875 77.189423844218254 48.191167451441288 18.645331427454948 49.629822414368391 85.744609668850899 397.39085756242275 96.029633060097694 19.023315459489822 17.296350426971912
leaf_count=118 127 140 203 578 367 112 316 527 2452 556 136 114
internal_value=2.74304e-05 -0.00326662 0.00112747 0.000478676 0.00211081 -0.00141614 0.0039528 -6.25944e-05 -0.000838561 0.00169094 -0.00666398 -0.00906967
internal_weight=896.336 104.235 46.9069 792.101 193.656 66.8365 126.819 598.445 416.671 181.774 57.3279 36.3197
internal_count=5746 711 321 5035 1373 479 894 3662 2579 1083 390 250
is_linear=0
shrinkage=0.03


Tree=236
num_leaves=12
num_cat=0
split_feature=0 0 3 6 1 3 5 5 3 0 0
split_gain=5.74639 3.37768 2.29835 2.70338 1.82736 1.35857 1.07925 1.02539 0.989749 1.48742 0.0186368
threshold=8.709311929941693 217.08954974942961 0.20000000000000001 0.19111509999999995 1.1000000000000003 -0.69999999999999973 -0.24386939999999999 -0.42791659999999981 1.0000000180025095e-35 -14.181918741584353 247.53058268944224
decision_type=2 2 10 10 10 10 10 10 8 2 2
left_child=2 4 8 -4 6 -6 -2 -5 9 -1 -3
right_child=1 10 3 7 5 -7 -8 -9 -10 -11 -12
leaf_value=0.0016725818835196709 0.00018438320782163372 -0.0055104585701497523 -0.0045045410087947409 0.0011968398268385981 -0.00033868501576507753 0.0084721991785828687 -0.0026227902151003124 0.0061775042065124394 0.011396421080583531 0.0096292947665880188 -0.011552062708056197
leaf_weight=61.591607987880707 197.45276875048876 17.791327051818371 49.246760100126266 94.49688283354044 32.317633755505085 25.056028489023447 320.32022371515632 59.905652068555355 26.792852856218815 29.547388009727001 20.417077116668224
leaf_count=270 1201 171 217 444 263 197 2238 275 122 145 203
internal_value=9.46077e-05 -0.00160608 0.00331327 0.00132126 -0.00098926 0.00387987 -0.00156075 0.00326241 0.0065595 0.0046188 -0.00970206
internal_weight=934.936 613.355 321.581 203.649 575.147 57.3737 517.773 154.403 117.932 91.139 38.2084
internal_count=5746 4273 1473 936 3899 460 3439 719 537 415 374
is_linear=0
shrinkage=0.03


Tree=237
num_leaves=13
num_cat=0
split_feature=6 0 3 0 1 3 6 0 3 6 4 6
split_gain=4.9419 2.66165 1.76648 1.772 1.70112 3.32098 2.24565 1.63616 1.43733 1.32125 1.41073 0.790282
threshold=-0.45236550000000014 63.269646003495957 0.90000000000000036 -76.492174434710009 0.50000000000000022 -0.29999999999999999 0.028156900000000044 183.08024133591258 1.3000000000000005 -0.54726275999999985 1.7000000000000006 -0.74842359999999963
decision_type=10 2 10 2 10 10 10 2 10 10 10 8
left_child=7 2 3 -2 5 -3 -6 9 -4 10 -1 -9
right_child=1 4 8 -5 6 -7 -8 11 -10 -11 -12 -13
leaf_value=1.0765797736858177e-05 -0.0072583115252103725 0.0084993136670999773 -0.0093133455001753705 -0.00064277197756906486 -0.0044761840846573473 0.00035109543541454453 0.0026556187644050282 0.0038526570365099533 -0.0019214217786900764 0.0073001251588558766 0.0073443794026770643 0.011633653779166659
leaf_weight=148.75436671078205 37.099608570337296 54.535492196679115 51.529977589845657 281.01426830887794 93.852410905063152 186.53928802162409 62.166174665093422 31.349295414984226 46.315504901111126 34.693188108503819 23.06410413980484 25.752998918294907
leaf_count=837 228 280 330 1563 488 885 304 159 304 172 133 140
internal_value=0.00017565 -0.000984473 -0.00264751 -0.00151468 0.00076884 0.00232961 -0.00164027 0.00370549 -0.00607787 0.00235228 0.00117504 0.00801599
internal_weight=1076.67 813.053 415.959 318.114 397.093 241.075 156.019 263.614 97.8455 206.512 171.818 57.1023
internal_count=5823 4382 2425 1791 1957 1165 792 1441 634 1142 970 299
is_linear=0
shrinkage=0.03


Tree=238
num_leaves=10
num_cat=0
split_feature=3 1 6 2 5 4 1 1 6
split_gain=2.28806 1.66227 1.44084 1.41224 1.53479 1.07329 0.787463 0.584001 0.441367
threshold=-0.89999999999999991 0.30000000000000016 1.1791412000000003 1.3000000000000005 0.84002670000000002 -3.4999999999999991 1.1000000000000003 1.7000000000000004 -0.53126849999999981
decision_type=10 8 10 10 10 10 8 8 10
left_child=1 -1 3 5 -5 -2 8 -8 -3
right_child=2 6 -4 4 -6 -7 7 -9 -10
leaf_value=-0.010322484263929904 0.0061236323038990383 -0.0014920073281955125 0.0070820007934996087 -0.0087923565191094059 0.0020634212671031744 0.00056256732160377446 -0.0067419618688323553 -0.0012974793455188881 0.0040086029763146134
leaf_weight=20.634848617017269 27.860774673521519 22.261239886283875 26.214802600443363 24.260789848864079 16.910048864781857 674.21535370126367 26.766317635774612 47.226093124598265 21.338373765349388
leaf_count=130 170 147 138 161 143 4168 196 435 135
internal_value=0.000121284 -0.00336277 0.000764832 0.000496186 -0.00459298 0.000824991 -0.00177029 -0.00356907 0.00133553
internal_weight=907.689 138.227 769.462 743.247 41.1708 702.076 117.592 73.9924 43.5996
internal_count=5823 1043 4780 4642 304 4338 913 631 282
is_linear=0
shrinkage=0.03


Tree=239
num_leaves=10
num_cat=0
split_feature=0 7 0 4 5 5 7 1 1
split_gain=5.2645 1.63675 1.96225 1.3397 1.23628 1.21868 1.20801 1.01783 0.130973
threshold=57.205246042983056 1.5000000000000002 217.08954974942961 1.1000000000000001 0.26746180000000014 0.09659550000000007 1.5000000000000002 -0.90000000000000002 1.1000000000000003
decision_type=2 10 2 10 10 8 10 8 10
left_child=3 2 7 4 6 -3 -1 -2 -4
right_child=1 5 8 -5 -6 -7 -8 -9 -10
leaf_value=0.002025064664500456 -0.0078375150735361006 -0.013753805080099477 -0.011204718827698379 -0.003204200177754152 -0.003246579215452257 -0.0021937329121016953 0.0074886474230384656 -0.0010475642962110379 -0.0047084019220841105
leaf_weight=415.37712856382132 16.35326910763979 15.772083710879086 14.633983850479124 41.958736844360828 31.621996633708477 17.323727317154408 36.16098752617836 337.28445899486542 18.421200126409531
leaf_count=2063 96 97 142 218 166 151 179 2526 185
internal_value=-0.000316546 -0.00280341 -0.00218587 0.00167919 0.00213175 -0.00878489 0.00253983 -0.00146644 -0.0086787
internal_weight=944.908 419.789 386.693 525.119 483.16 33.0958 451.538 353.638 33.0552
internal_count=5823 3197 2949 2626 2408 248 2242 2622 327
is_linear=0
shrinkage=0.03


Tree=240
num_leaves=12
num_cat=0
split_feature=0 5 4 3 3 1 6 0 4 0 1
split_gain=4.58508 2.82239 1.70926 2.17071 1.54334 1.24526 2.73029 2.1406 1.08453 0.830075 0.787975
threshold=23.204132987012034 -0.60219229999999968 -0.39999999999999963 -0.19999999999999982 -0.49999999999999994 0.50000000000000022 -0.76114609999999994 168.0944430526977 0.99999999999999989 -46.89991175851889 -0.29999999999999999
decision_type=2 8 8 10 10 10 8 2 8 2 10
left_child=2 10 4 -4 -1 6 -3 -7 -5 -6 -2
right_child=1 5 3 8 9 7 -8 -9 -10 -11 -12
leaf_value=-0.0081069739993209679 -0.0010544095051784157 -0.0056207973711170887 0.0012182616671999637 -0.011087875241232448 -0.0026156073581995003 -0.0017155492398551059 0.0034957379140321682 0.0034004535774274009 -0.0024687240796133986 0.0013248982228523543 -0.0081105812252205145
leaf_weight=22.158260874450207 28.297865651547909 27.482749603688717 24.931617245078087 49.07248479872942 81.586556777358055 181.10126113891602 395.74247321486473 116.81848528236151 21.951442740857601 103.5773221924901 27.677089385688305
leaf_count=117 156 131 132 279 527 930 2098 594 107 635 145
internal_value=7.43785e-05 0.00129538 -0.00302459 -0.00623661 -0.00142611 0.00180857 0.00284503 0.000313523 -0.00876151 -0.000434481 -0.00492235
internal_weight=1080.4 777.12 303.278 95.9555 207.322 721.145 423.225 297.92 71.0239 185.164 55.975
internal_count=5851 4054 1797 518 1279 3753 2229 1524 386 1162 301
is_linear=0
shrinkage=0.03


Tree=241
num_leaves=13
num_cat=0
split_feature=7 6 6 0 2 0 5 3 5 5 0 5
split_gain=1.25865 1.19113 2.23655 2.73985 1.50562 1.09404 1.46444 1.46134 1.37914 1.05263 0.580004 0.576537
threshold=-1.0000000180025095e-35 0.4041127000000001 0.056387400000000094 36.966734028383947 1.0000000180025095e-35 -122.17572730190214 -0.015349799999999801 0.20000000000000001 0.10524460000000004 -0.39588479999999987 -22.578588009361848 -0.4375776999999999
decision_type=10 8 10 2 8 2 8 10 8 10 2 10
left_child=1 2 9 -4 10 -2 7 -7 -8 -1 -3 -6
right_child=5 4 3 -5 11 6 8 -9 -10 -11 -12 -13
leaf_value=0.0025185776415239934 -0.0054091602307980886 -0.0031763256884546312 0.011176157983801387 -0.0017658843172187455 -0.0032024152181698352 0.00027383144800985875 -0.0050002420836541281 0.0043074138973106723 0.0002975268753106813 -0.0038764144494755756 -0.010848954987450506 0.0039347550026446187
leaf_weight=25.738392889499664 20.993201673030853 20.762860022485256 23.346952676773071 28.210770346224308 15.783580638468267 162.82049489021301 47.909464985132217 156.97784940898418 266.59613605961204 103.10596290230751 24.886163242161274 15.01618319749832
leaf_count=142 122 129 144 170 154 1003 293 937 1827 691 151 88
internal_value=-6.3284e-05 -0.00182297 -0.00045028 0.0045646 -0.00483572 0.000635026 0.000875807 0.00228961 -0.000575117 -0.00255257 -0.00801723 0.000340816
internal_weight=912.148 256.851 180.402 51.5577 76.4488 655.297 634.304 319.798 314.506 128.844 45.649 30.7998
internal_count=5851 1669 1147 314 522 4182 4060 1940 2120 833 280 242
is_linear=0
shrinkage=0.03


Tree=242
num_leaves=14
num_cat=0
split_feature=0 0 3 3 3 1 2 0 4 2 0 2 2
split_gain=5.41035 2.34605 1.17212 1.2031 1.50048 1.09816 1.54647 1.18683 0.541891 0.409569 1.70582 1.26395 0.154208
threshold=26.532211263730918 146.23824793628663 1.3000000000000005 0.80000000000000027 0.20000000000000001 -0.19999999999999982 1.0000000180025095e-35 39.103185373899358 -1.2999999999999994 0.59999999999999998 201.36888414011381 1.1000000000000003 -0.39999999999999997
decision_type=2 2 10 8 10 10 10 2 10 10 2 10 8
left_child=2 5 3 4 -1 6 -2 -7 -4 10 -3 -11 -5
right_child=1 9 8 12 -6 7 -8 -9 -10 11 -12 -13 -14
leaf_value=0.0043771995020266199 -0.0011327884620059591 -0.003308690939027796 0.0015224423008460288 0.0042435865257770692 3.2467542422324992e-05 0.0067673384550642843 -0.0077187708911237518 -0.00020528216514815979 -0.0039264403329635619 0.0011239029570985358 -0.014559009750991551 -0.0068590517013658956 0.0089247867536159688
leaf_weight=151.89350289851427 157.92666852474213 39.219741519540548 28.60623387992382 29.176397234201431 131.63918755203485 19.406186781823635 36.071306262165308 217.62953824922442 28.120107062160969 29.044245205819607 15.864665318280457 36.736961271613836 28.634470388293266
leaf_count=700 1042 320 141 146 612 102 238 1491 136 264 157 367 135
internal_value=-2.37593e-05 -0.00193969 0.00262367 0.00328114 0.00239554 -0.000876351 -0.00252054 0.000493576 -0.00127791 -0.00554633 -0.00749077 -0.00350395 0.00708812
internal_weight=949.969 551.899 398.07 341.344 283.533 431.034 193.998 237.036 56.7263 120.866 55.0844 65.7812 57.8109
internal_count=5851 3981 1870 1593 1312 2873 1280 1593 277 1108 477 631 281
is_linear=0
shrinkage=0.03


Tree=243
num_leaves=12
num_cat=0
split_feature=0 3 3 5 5 0 6 7 6 3 0
split_gain=4.75514 2.49612 1.62539 1.75423 0.94907 0.832533 2.17746 0.688988 0.715044 1.50053 0.876749
threshold=79.341337176314383 -0.49999999999999994 0.20000000000000015 0.45870166000000001 0.22891239999999999 252.60248874671893 -0.80451119999999965 -2.4999999999999996 -0.046838400000000162 0.19999999999999987 49.87136562600552
decision_type=2 10 10 10 10 2 8 10 8 10 2
left_child=7 5 3 -3 -4 6 -2 -1 9 -9 -10
right_child=1 2 4 -5 -6 -7 -8 8 10 -11 -12
leaf_value=0.0019741054672737734 -0.0025193265098846173 -0.0043364457606657088 -0.00015785201870457973 0.001586131751984557 0.0052573805601141728 0.0088918997190806752 0.0049352057697770336 -0.0029622002736889425 -0.0042542327936697317 0.0028229756061456802 -0.00075288437710491739
leaf_weight=25.877911321818829 43.508679017424583 110.35997564345598 59.424225211143494 70.388143219053745 51.60412273555994 23.57277200371027 136.34447677433491 120.14464282244444 290.34152124077082 54.949984468519688 85.436243675649166
leaf_count=166 230 530 268 364 254 118 727 622 1767 283 484
internal_value=-0.000676803 0.00147173 -0.000314233 -0.00204942 0.00247715 0.00397945 0.0031125 -0.00251835 -0.00274524 -0.00111867 -0.00347851
internal_weight=1071.95 495.202 291.776 180.748 111.028 203.426 179.853 576.75 550.872 175.095 375.778
internal_count=5813 2491 1416 894 522 1075 957 3322 3156 905 2251
is_linear=0
shrinkage=0.03


Tree=244
num_leaves=8
num_cat=0
split_feature=5 0 4 6 6 5 4
split_gain=1.02588 1.16305 2.01642 1.85996 2.26881 1.36585 1.11262
threshold=0.98392210000000013 4.5962107424408041 -2.7999999999999989 -0.21718781999999956 0.16323860000000004 -0.83232685999999989 2.9000000000000008
decision_type=10 2 8 10 10 8 10
left_child=1 3 -3 -1 -5 -4 -2
right_child=6 2 5 4 -6 -7 -8
leaf_value=-0.0077165316059105166 -0.0080276639296604085 0.0093138680467924652 -0.0059750146733547277 0.0048567643398312078 -0.0019020075126398709 0.0013073543664612311 0.0012020023865232188
leaf_weight=27.544387072324753 20.732583306729794 22.789265431463718 19.234886400401592 57.037549622356892 154.94291472434998 584.62963553518057 19.547936614602804
leaf_count=161 160 130 122 327 951 3788 174
internal_value=0.00049785 0.000724118 0.00140089 -0.00103892 -1.34153e-05 0.00102823 -0.00391042
internal_weight=906.459 866.179 626.654 239.525 211.98 603.865 40.2805
internal_count=5813 5479 4040 1439 1278 3910 334
is_linear=0
shrinkage=0.03


Tree=245
num_leaves=13
num_cat=0
split_feature=0 1 6 1 6 0 0 6 6 2 2 1
split_gain=5.20872 1.19004 2.16427 1.58024 1.34774 0.986034 1.25243 2.05616 1.65302 1.04669 1.3407 1.20117
threshold=63.269646003495957 0.80000000000000027 -0.013547799999999775 -0.69999999999999973 0.056387400000000094 146.23824793628663 127.9801609356074 -0.2771209999999999 -0.78796480000000024 0.59999999999999998 0.90000000000000036 0.20000000000000007
decision_type=2 8 10 10 10 2 2 10 8 10 10 8
left_child=1 2 3 -1 -4 6 8 -8 -2 11 -11 -7
right_child=5 -3 4 -5 -6 9 7 -9 -10 10 -12 -13
leaf_value=-0.0060608703866960939 0.0050493521175901104 0.0075458671953229639 0.008997678937765945 0.0006741272177603389 0.0023688292162358294 -0.0012526523881491879 -0.0038452812219307493 0.00848192499651957 -0.0030030812170476562 0.0041723172795272183 -0.0044447106011032472 -0.010423597068263809
leaf_weight=39.886036925017834 21.169827230274677 29.959332220256329 26.001727975904942 101.2398766130209 358.6370433345437 21.088579509407282 17.617031592875719 22.940957624465227 207.2740217037499 19.495445918291807 44.966675892472267 35.361880667507648
leaf_count=202 148 192 125 541 1746 173 135 163 1443 175 453 317
internal_value=0.0002894 0.0021467 0.00177086 -0.00137162 0.00292665 -0.00235137 -0.00129675 0.00329304 -0.0021647 -0.004553 -0.0017259 -0.00737823
internal_weight=945.638 555.724 525.765 141.126 384.639 389.914 269.002 40.558 228.444 120.913 64.4621 56.4505
internal_count=5813 2806 2614 743 1871 3007 1889 298 1591 1118 628 490
is_linear=0
shrinkage=0.03


Tree=246
num_leaves=13
num_cat=0
split_feature=4 3 3 7 2 1 5 1 7 3 1 5
split_gain=2.82715 3.01522 1.66717 2.56004 2.28135 1.4515 2.33965 2.25051 1.1151 0.809817 1.50295 0.496864
threshold=1.9000000000000001 -0.39999999999999997 0.19999999999999987 1.0000000180025095e-35 -0.49999999999999983 0.30000000000000016 -0.18518599999999988 -0.20000000000000009 -1.0000000180025095e-35 -0.20000000000000009 1.3000000000000005 0.63875660000000012
decision_type=10 8 8 8 10 10 10 10 10 10 10 10
left_child=1 5 4 -4 -3 7 -7 -1 -2 10 -10 -11
right_child=8 2 3 -5 -6 6 -8 -9 9 11 -12 -13
leaf_value=-0.0014520299973321841 0.0083190686378188348 -0.0086708854344384138 -0.0019300728153547702 0.0029292410504352068 -0.0016522963692650135 -0.0057455285585812895 0.0024535280438460244 0.0082355934161735013 -0.0047681544085847382 0.0016143884274909205 0.0045641574097259338 0.0075363544511217705
leaf_weight=29.728441424667835 36.074353702366352 55.112589873373508 320.20690532028675 134.49815262109041 146.7977155521512 35.772281043231487 130.60244754701853 62.710810363292694 27.754606232047081 28.796124860644341 24.563318945467472 24.329649232327938
leaf_count=157 193 315 1860 775 738 181 654 317 152 141 143 136
internal_value=0.00019833 -0.000418756 -0.00149799 -0.0004765 -0.0037313 0.00229578 0.000574449 0.00520542 0.00406811 0.002303 -0.000370693 0.00474142
internal_weight=1056.95 915.429 656.615 454.705 201.91 258.814 166.375 92.4393 141.518 105.444 52.3179 53.1258
internal_count=5762 4997 3688 2635 1053 1309 835 474 765 572 295 277
is_linear=0
shrinkage=0.03


Tree=247
num_leaves=8
num_cat=0
split_feature=0 0 6 6 0 7 5
split_gain=1.81175 1.58048 1.18988 1.3311 0.827077 0.594882 1.33675
threshold=252.60248874671893 -63.910244786584705 -0.91684770000000004 -0.39403079999999996 124.11168062257595 -1.0000000180025095e-35 -0.8571783999999999
decision_type=2 2 8 8 2 8 8
left_child=1 5 4 -4 -3 -1 -7
right_child=-2 2 3 -5 -6 6 -8
leaf_value=0.00018155728770938393 -0.0074932599235858124 0.0087908914179971563 -0.0024879727967969723 0.00078683185777991013 0.00040036426396483892 -1.2005664837084324e-06 -0.0086428859188881126
leaf_weight=25.723594702780247 24.664628423750401 20.432946495711803 131.42949450388551 612.00138945505023 18.951148930937052 27.029826834797859 34.882286362349987
leaf_count=151 168 126 876 3931 141 164 205
internal_value=-0.000202454 4.57507e-05 0.000481345 0.000195133 0.0052534 -0.00366121 -0.00515208
internal_weight=895.115 870.451 782.815 743.431 39.3841 87.6357 61.9121
internal_count=5762 5594 5074 4807 267 520 369
is_linear=0
shrinkage=0.03


Tree=248
num_leaves=13
num_cat=0
split_feature=0 0 5 0 7 5 3 1 0 3 0 3
split_gain=5.64731 1.82628 1.45325 2.07453 1.60604 1.39237 1.363 1.22145 2.77099 1.31773 0.903384 0.60891
threshold=1.1088900869526699 196.21409288184194 -0.1742201999999998 -69.73250797128911 1.0000000180025095e-35 0.25085470000000037 0.4000000000000003 -0.19999999999999996 36.220430428302855 0.90000000000000036 252.60248874671893 0.30000000000000016
decision_type=2 2 8 2 10 10 10 8 2 10 2 10
left_child=2 7 3 4 -1 -3 -4 9 -9 -2 -7 -5
right_child=1 5 6 11 -6 10 -8 8 -10 -11 -12 -13
leaf_value=0.007738126833914406 -0.0039410625186771112 -0.014036634441254714 0.010079323328465615 0.0018976355518117065 -0.00045214634087708058 0.00068833256167352913 0.001879934379757161 0.0064986783059455813 -0.0010752231976123101 0.0013708021728765457 -0.0079514972301023105 -0.0021089801773476013
leaf_weight=65.388641156256199 184.25663072615862 12.439257621765135 42.460046961903572 53.504909604787827 30.291531048715115 23.355230882763863 34.146695248782635 45.690168842673302 300.42369470372796 51.269131153821945 14.298327103257177 77.33531990647316
leaf_count=280 1102 108 192 246 128 245 156 241 2241 308 147 368
internal_value=-3.02003e-05 -0.00164345 0.00330401 0.0020132 0.00525147 -0.00687424 0.00676364 -0.00113821 2.90635e-06 -0.00278032 -0.00314001 -0.000461002
internal_weight=934.86 631.732 303.127 226.52 95.6802 50.0928 76.6067 581.64 346.114 235.526 37.6536 130.84
internal_count=5762 4392 1370 1022 408 500 348 3892 2482 1410 392 614
is_linear=0
shrinkage=0.03


Tree=249
num_leaves=11
num_cat=0
split_feature=3 5 7 3 4 6 2 6 6 6
split_gain=2.82145 2.50239 3.15198 1.69531 1.35697 1.63034 1.20096 0.601191 1.77781 1.48094
threshold=-0.20000000000000001 0.22891239999999999 -2.4999999999999996 0.19999999999999987 2.7000000000000002 -1.0111277000000001 -1.0000000180025095e-35 0.12028509999999994 -0.14605710000000002 0.33491852999999988
decision_type=8 10 10 8 10 10 10 10 10 10
left_child=4 2 -2 -4 5 -1 -7 8 -3 -9
right_child=1 7 3 -5 -6 6 -8 9 -10 -11
leaf_value=-0.004596240311786709 0.0073446235995539401 -0.00040003203455842761 -0.0062327021106487763 -0.0019356488655305833 0.0069585149083430413 0.0039584689702522559 0.00031444035440078035 -0.0050657623048015257 0.0074197228014305974 0.0029818606287520077
leaf_weight=33.871097855269909 23.682444557547569 55.684262990951538 105.02638608217239 367.86374542117119 37.391166664659977 140.48486489802599 186.93284551799297 29.453027494251728 43.567873574793339 46.142762422561646
leaf_count=171 158 297 556 2147 215 727 955 146 219 230
internal_value=-0.000121116 -0.00130507 -0.00238616 -0.00294523 0.00186427 0.00124925 0.001914 0.00174622 0.00322377 -0.000273343
internal_weight=1070.1 671.421 496.573 472.89 398.68 361.289 327.418 174.848 99.2521 75.5958
internal_count=5821 3753 2861 2703 2068 1853 1682 892 516 376
is_linear=0
shrinkage=0.03


Tree=250
num_leaves=6
num_cat=0
split_feature=5 4 4 0 6
split_gain=1.3322 2.232 1.89426 2.24209 1.7087
threshold=-1.2763772599999998 -2.899999999999999 -1.4999999999999996 67.633488961674416 1.1442794999999999
decision_type=8 8 8 2 10
left_child=-1 -2 3 -3 -4
right_child=1 2 4 -5 -6
leaf_value=-0.005513382701912168 0.0071304574685721513 -0.0052612646619492809 0.0006649003500788748 0.0037875080420574775 0.0088416723764977688
leaf_weight=27.180273190140724 41.112802214920521 92.558502525091171 697.5075475089252 28.953448355197906 18.849576823413372
leaf_count=181 232 591 4557 162 98
internal_value=0.000488024 0.000703737 0.000347961 -0.00304068 0.00093985
internal_weight=906.162 878.982 837.869 121.512 716.357
internal_count=5821 5640 5408 753 4655
is_linear=0
shrinkage=0.03


Tree=251
num_leaves=13
num_cat=0
split_feature=0 0 3 1 3 0 4 4 5 1 1 5
split_gain=9.28214 2.3214 2.60839 2.36495 1.99596 1.70603 1.60286 2.01653 1.44951 1.09521 0.816043 0.473593
threshold=113.71465686896126 1.1088900869526699 0.20000000000000001 -0.19999999999999982 -0.20000000000000009 39.103185373899358 -0.70000000000000007 0.39999999999999974 -0.045921100000000041 -0.49999999999999994 0.19999999999999987 0.022429800000000003
decision_type=2 2 10 10 8 2 10 10 10 10 10 10
left_child=1 2 4 9 -1 -5 -2 11 -4 -3 -9 -8
right_child=6 3 8 5 -6 -7 7 10 -10 -11 -12 -13
leaf_value=0.00108936645590843 -0.011910487916994629 -0.00067485384118324665 -0.00020688277355120383 0.00680845844966552 0.009666364766994482 0.0005754976913318376 0.0041524853149092046 -0.00081905140082891487 0.0063170951064801199 -0.0048891206770567278 -0.007563173471064554 -0.001634309558283349
leaf_weight=38.206996969878674 31.975143544375896 160.79245072603226 158.07970984280109 48.263602189719677 70.292776636779308 157.43984538316727 17.654793672263622 20.591675437986851 32.936367616057396 81.375280641019344 100.95465955138206 24.707615986466408
leaf_count=174 225 1018 717 246 316 1038 119 165 151 490 962 200
internal_value=-0.000331611 0.00119982 0.0032208 -0.000172363 0.00682711 0.00216478 -0.00605914 -0.00459889 0.00105047 -0.00216122 -0.00649813 0.000961147
internal_weight=943.271 747.387 299.516 447.871 108.5 205.703 195.884 163.909 191.016 242.168 121.546 42.3624
internal_count=5821 4150 1358 2792 490 1284 1671 1446 868 1508 1127 319
is_linear=0
shrinkage=0.03


Tree=252
num_leaves=11
num_cat=0
split_feature=5 0 5 6 3 0 3 6 5 3
split_gain=3.82324 2.726 2.50063 2.72326 1.21935 1.62259 1.14238 1.4324 1.24475 0.273737
threshold=-0.63059379999999987 88.258856800521144 -0.55013859999999981 0.051665199999999974 0.70000000000000018 143.17962016032428 1.3000000000000005 0.35426830000000026 -0.88889649999999976 0.70000000000000018
decision_type=8 2 8 8 8 2 10 10 10 10
left_child=6 2 -2 -4 5 -3 7 8 -1 -9
right_child=1 4 3 -5 -6 -7 -8 9 -10 -11
leaf_value=0.0016909649255054751 0.0073335967686593544 -0.00038030807259857921 0.0010566300951353556 -0.0035427909818339042 0.007126220059777655 0.0034619701332343476 0.0018142582532986379 -0.0058553370037563003 -0.0057394319461621579 -0.012095263510813449
leaf_weight=33.091594137251377 25.571245975792408 180.1414375975728 203.1048746407032 259.1815263479948 37.427179127931595 211.98182829469442 19.640047162771225 35.656514853239059 40.981146402657032 21.031471125781536
leaf_count=200 145 897 1043 1532 182 1065 132 226 229 148
internal_value=-0.00020175 0.000532591 -0.000997961 -0.00153236 0.00226238 0.00171426 -0.00455407 -0.00554217 -0.00252292 -0.00896309
internal_weight=1067.81 917.408 487.858 462.286 429.55 392.123 150.401 130.761 74.0727 56.688
internal_count=5799 4864 2720 2575 2144 1962 935 803 429 374
is_linear=0
shrinkage=0.03


Tree=253
num_leaves=7
num_cat=0
split_feature=4 2 6 4 7 7
split_gain=1.30598 3.12694 2.09047 1.3443 1.28508 0.951023
threshold=-2.899999999999999 -1.2999999999999996 1.1442794999999999 -1.8999999999999999 2.5000000000000004 1.0000000180025095e-35
decision_type=8 10 10 8 8 10
left_child=1 -1 3 5 -5 -2
right_child=2 -3 -4 4 -6 -7
leaf_value=-0.0028747120121649606 -0.0058814533297540401 0.010428969433128625 0.0076035178909613643 0.00044140476008797905 -0.005554598124143089 0.0011855327658206549
leaf_weight=25.685354635119438 54.139262974262238 30.483459822833538 26.902593389153481 716.87071900442243 28.674998879432678 22.057973429560661
leaf_count=163 341 174 144 4625 214 138
internal_value=0.000373984 0.00460765 6.84257e-05 -0.000222754 0.000175321 -0.00388864
internal_weight=904.814 56.1688 848.646 821.743 745.546 76.1972
internal_count=5799 337 5462 5318 4839 479
is_linear=0
shrinkage=0.03


Tree=254
num_leaves=14
num_cat=0
split_feature=5 6 5 1 1 3 6 4 4 6 3 1 1
split_gain=3.3153 2.15461 1.78321 2.25166 1.44125 2.00989 1.84598 1.15785 2.66312 0.782009 0.520158 0.513493 0.440706
threshold=0.38891850000000022 0.26209210000000027 -1.3097151999999999 -0.90000000000000002 0.20000000000000015 0.4000000000000003 -0.063367899999999908 1.2000000000000008 0.59999999999999987 0.15132359999999981 -1.0000000180025095e-35 0.50000000000000022 1.1000000000000003
decision_type=10 8 8 8 10 10 10 10 10 10 10 10 10
left_child=1 7 -3 -4 5 10 12 8 -1 -8 -2 -9 -6
right_child=4 2 3 -5 6 -7 9 11 -10 -11 -12 -13 -14
leaf_value=-0.0003101637567847042 0.0075102834992717901 0.0096084160514462932 -0.0014838002187794056 0.0035442298783793305 -0.010443551231885508 -0.0065101547053308464 0.004202076001438123 0.00040957413821824941 -0.0076835191726904398 -0.0037884798908055426 0.00039547325785334921 0.006946761665997855 -0.0047828635885480489
leaf_weight=327.56109391897917 16.621467240154743 23.546367399394512 122.00010585039854 216.71481650322676 40.710271269083023 19.902476590126753 16.437064811587334 21.763594530522823 46.030309163033962 17.693851951509714 17.186222430318594 17.893927738070488 38.06888135522604
leaf_count=1849 129 111 599 1260 361 132 131 148 305 135 132 136 371
internal_value=-0.000130728 0.000700068 0.00237338 0.00173797 -0.00390529 0.00015395 -0.00576087 -0.000777624 -0.00130811 0.000104904 0.0044104 0.00380676 -0.0081568
internal_weight=942.13 775.51 362.261 338.715 166.62 53.7102 112.91 413.249 373.591 34.1309 33.8077 39.6575 78.7792
internal_count=5799 4408 1970 1859 1391 393 998 2438 2154 266 261 284 732
is_linear=0
shrinkage=0.03


Tree=255
num_leaves=12
num_cat=0
split_feature=0 0 4 4 5 4 6 0 7 6 6
split_gain=4.2487 1.81541 1.89287 1.70409 1.43271 1.42826 1.25279 1.4122 1.13273 0.785852 2.28555
threshold=105.11388587613637 -2.4077019660962828 -1.1999999999999993 -0.79999999999999993 -0.40419586999999996 -2.2999999999999989 -0.0061887999999999934 178.05674080651696 -1.0000000180025095e-35 1.0561405000000001 0.78916429999999982
decision_type=2 2 8 8 8 10 8 2 10 8 10
left_child=1 9 5 -4 -2 -3 7 -6 -8 10 -1
right_child=4 2 3 -5 6 -7 8 -9 -10 -11 -12
leaf_value=-0.0045752617899143411 -0.0042691496153937176 -0.0024573648645356471 -0.0084731906025994428 -0.0012410274264438583 -0.00068145495085099946 0.0044022366914311314 0.0096749482209347159 0.0039364162757464906 0.002974582814177 -0.0092080033751020703 0.0050773101895087323
leaf_weight=162.81995943933725 24.946750484406948 35.387439340353012 27.547549650073051 330.00428459793329 135.06795681267977 85.158615693449974 31.192765884101391 99.972809933125973 81.852058470249176 21.381259903311729 21.206517457962036
leaf_count=964 111 215 151 1816 696 459 138 517 385 151 140
internal_value=-0.0004457 -0.00184684 -0.000815318 -0.0019074 0.00211207 0.00237087 0.00262338 0.0013238 0.00515492 -0.00417133 -0.00335806
internal_weight=1056.54 683.506 478.098 357.552 373.032 120.546 348.086 235.041 113.045 205.408 184.026
internal_count=5743 3896 2641 1967 1847 674 1736 1213 523 1255 1104
is_linear=0
shrinkage=0.03


Tree=256
num_leaves=11
num_cat=0
split_feature=7 4 0 3 6 6 3 2 4 4
split_gain=0.971981 1.47396 1.57689 0.859498 2.06135 1.82254 1.45036 1.97431 1.23031 0.188914
threshold=-1.4999999999999998 -0.40000000000000008 100.83029887636407 0.70000000000000018 0.14620540000000007 0.083343199999999965 1.5000000000000002 -0.20000000000000009 -2.6999999999999988 -2.2999999999999989
decision_type=10 10 2 10 10 10 10 10 10 10
left_child=1 9 -3 4 5 -2 7 -5 -6 -1
right_child=3 2 -4 6 8 -7 -8 -9 -10 -11
leaf_value=-0.0027593099043157843 0.00079660629149598788 0.0061543535043280684 -0.0046452771764273135 0.007474583622471262 0.0036572996583891415 0.0075898755066613382 -0.0024934166896435415 0.00012177498918835032 -0.0031057614601250542 -0.0081740654293416242
leaf_weight=16.802808463573456 419.10525532066822 22.083756245672703 17.350657656788826 67.246044732630253 23.652929477393627 34.039718233048916 34.750102862715721 60.605411231517792 176.27199557423592 22.279896341264248
leaf_count=143 2788 140 121 421 143 201 208 350 1091 137
internal_value=0.000449906 -0.00263767 0.00141462 0.000761378 0.000267382 0.00138417 0.00267828 0.00412489 -0.00223592 -0.00642312
internal_weight=894.189 78.5171 39.4344 815.671 653.07 453.145 162.602 127.851 199.925 39.0827
internal_count=5743 541 261 5202 4223 2989 979 771 1234 280
is_linear=0
shrinkage=0.03


Tree=257
num_leaves=13
num_cat=0
split_feature=0 0 6 3 6 1 6 6 1 0 1 0
split_gain=3.50081 2.31599 1.42789 2.52111 2.34069 1.38187 2.79988 1.15293 1.09062 0.959143 0.661422 0.504829
threshold=1.0000000180025095e-35 207.4891956177153 0.19111509999999995 0.59999999999999998 0.061564199999999965 -1.0000000180025095e-35 0.42033750000000009 0.44137680000000007 -0.79999999999999993 -103.14537568836055 1.1000000000000003 -32.051318786108816
decision_type=2 2 8 10 10 8 10 10 10 2 10 2
left_child=2 5 4 8 11 7 -7 -2 -4 -5 -3 -1
right_child=1 10 3 9 -6 6 -8 -9 -10 -11 -12 -13
leaf_value=0.0047647797373005013 -0.00084856932885176014 -0.011341154464929308 0.011390792948988395 0.0052401422004695226 -0.0067315181535099024 -0.00046993879975884751 0.0074144716919900162 -0.0051621308691897757 0.0038448428504408629 -0.00075322416166371847 -0.0031316086214818891 -9.153861627855586e-05
leaf_weight=41.431682616472244 162.94927681609988 18.446460373699665 41.429697498679161 29.895155802369118 28.254081264138222 313.52776893600821 41.477738551795483 81.834760472178459 39.567929342389107 73.984548784792423 22.844288792461157 32.610331036150455
leaf_count=173 1012 184 185 129 124 2315 234 460 172 362 239 154
internal_value=7.34813e-05 -0.00115923 0.00279811 0.00433749 -5.64467e-05 -0.000654525 0.000541434 -0.00236512 0.00814241 0.00113302 -0.00762803 0.00275542
internal_weight=928.254 641.08 287.173 184.877 102.296 599.79 355.006 244.784 80.9976 103.88 41.2907 74.042
internal_count=5743 4444 1299 848 451 4021 2549 1472 357 491 423 327
is_linear=0
shrinkage=0.03


Tree=258
num_leaves=10
num_cat=0
split_feature=0 5 6 6 0 0 7 6 5
split_gain=4.01776 1.91359 2.39628 2.66978 1.21106 1.38825 1.03744 0.875802 0.983272
threshold=144.32918837674711 -0.63776779999999988 1.0221626000000004 0.78916429999999982 247.53058268944224 220.26094791611197 1.0000000180025095e-35 0.88647050000000005 -0.8571783999999999
decision_type=2 8 10 10 2 2 10 10 10
left_child=1 7 3 -3 5 6 -2 8 -1
right_child=4 2 -4 -5 -6 -7 -8 -9 -10
leaf_value=-0.0025022649206560025 0.0015115145734590646 -0.00059923872315357097 -0.0091060209292385379 0.0079245462214386983 0.0076953483008241584 -0.0034669597333910891 0.0068027149723091044 0.00091658533347502237 -0.007964054509129289
leaf_weight=69.992679618299007 108.606166228652 642.94130997359753 23.116958908736706 29.852277003228664 40.567119129002094 29.236190728843212 45.955817028880119 23.77942918241024 57.110953740775585
leaf_count=444 557 3446 146 166 203 144 219 164 339
internal_value=-0.000254358 -0.00120222 -0.000525198 -0.000165365 0.00327126 0.00211686 0.00324861 -0.00420782 -0.00516493
internal_weight=1071.16 846.794 695.911 672.794 224.365 183.798 154.562 150.883 127.104
internal_count=5828 4705 3758 3612 1123 920 776 947 783
is_linear=0
shrinkage=0.03


Tree=259
num_leaves=6
num_cat=0
split_feature=0 0 0 3 0
split_gain=0.980683 1.06969 1.39932 1.42805 1.07767
threshold=258.72972577310776 217.08954974942961 164.48203777566565 -0.29999999999999999 -130.18481031403164
decision_type=2 2 2 8 2
left_child=1 2 4 -4 -1
right_child=-2 -3 3 -5 -6
leaf_value=-0.004790891743398481 -0.0050513939206883888 0.0057353472334327454 -0.0070425150248781612 0.0012208065732131582 0.0010613895917715326
leaf_weight=24.517091631889343 22.539294883608818 31.478213202208281 37.740486267954111 31.355895102024078 762.41332515329123
leaf_count=139 157 215 282 199 4836
internal_value=0.000531775 0.000701071 0.000483718 -0.00346329 0.000849963
internal_weight=910.044 887.505 856.027 69.0964 786.93
internal_count=5828 5671 5456 481 4975
is_linear=0
shrinkage=0.03


Tree=260
num_leaves=11
num_cat=0
split_feature=0 0 3 0 3 3 6 0 0 2
split_gain=4.52199 1.59052 1.74474 1.34042 1.50584 1.52803 1.42435 0.923422 0.55925 0.745933
threshold=63.992889829447002 146.23824793628663 0.70000000000000018 -138.53067040424625 0.59999999999999998 0.90000000000000036 -0.2771209999999999 135.99207282958062 247.53058268944224 0.59999999999999998
decision_type=2 2 10 2 10 10 8 2 2 10
left_child=3 2 7 -1 6 -6 -5 -2 9 -3
right_child=1 8 -4 4 5 -7 -8 -9 -10 -11
leaf_value=0.0073217025395798142 -0.00104033470389617 -0.0066629237326386254 -0.007643634749408653 -0.001376727172304657 -0.0042379295582824529 0.0011419533177801796 0.0032997913986263245 0.0052066206707690344 -0.010013877982451286 -0.0013597626148628265
leaf_weight=28.648648135364056 221.28823309019208 49.414418954402208 29.99538417160511 71.653822064399719 73.714125573635101 115.96315436065197 267.26139859110117 18.541363380849361 19.101371578872204 48.254369772970676
leaf_count=114 1576 427 188 374 371 593 1369 142 203 471
internal_value=-0.000224346 -0.00269834 -0.00138392 0.00150076 0.00111963 -0.00100397 0.00230544 -0.000460911 -0.00555408 -0.00423666
internal_weight=943.836 386.595 269.825 557.241 528.593 189.677 338.915 239.83 116.77 97.6688
internal_count=5828 3007 1906 2821 2707 964 1743 1718 1101 898
is_linear=0
shrinkage=0.03


Tree=261
num_leaves=9
num_cat=0
split_feature=0 2 0 7 5 0 0 1
split_gain=4.63325 1.98286 1.40112 1.27723 1.06303 0.900877 1.82242 0.339638
threshold=139.88179913083016 -1.0000000180025095e-35 -103.14537568836055 -2.4999999999999996 0.92365200000000025 252.60248874671893 194.24523325006513 -1.2999999999999996
decision_type=2 10 2 10 10 2 2 10
left_child=2 -2 7 -4 -5 6 -3 -1
right_child=1 5 3 4 -6 -7 -8 -9
leaf_value=-0.0082011821293649246 0.0098412493079641072 0.0040900400034406805 0.0049835386792306223 -0.00076849885592304213 0.0052829261798380909 0.0068435770598431044 -0.0022092922935460974 -0.002148973782626335
leaf_weight=19.780639462172985 40.273050777614117 103.45784919708967 34.425571501255035 728.25524672865868 22.136408999562263 34.741666838526726 62.733262501657009 19.839043043553829
leaf_count=132 195 531 212 4007 113 171 311 121
internal_value=0.000496147 0.00410824 -0.000579039 -0.000283189 -0.000556196 0.00274813 0.00171711 -0.00575103
internal_weight=1065.64 241.206 824.437 784.817 750.392 200.933 166.191 39.6197
internal_count=5793 1208 4585 4332 4120 1013 842 253
is_linear=0
shrinkage=0.03


Tree=262
num_leaves=9
num_cat=0
split_feature=3 4 6 6 6 6 2 6
split_gain=2.12081 1.85311 1.86196 1.49666 0.754271 2.33351 1.35413 0.623012
threshold=0.70000000000000018 -2.899999999999999 0.57033750000000005 0.47740400000000011 0.041503350000000279 0.36962880000000015 -1.0999999999999994 0.85143564999999999
decision_type=10 8 10 10 10 10 10 10
left_child=1 -1 3 -3 -2 -6 -7 -4
right_child=4 2 7 -5 5 6 -8 -9
leaf_value=0.005706207837849901 -0.0016193503571306001 -0.00071408176408105362 -0.007784591359881435 0.0062689918190873108 0.0097325127423684241 -0.0038780484291146677 0.0032057461142447406 -0.0010952469603586004
leaf_weight=35.478775940835476 24.751095943152905 597.07326491177082 38.989745527505875 23.968877799808979 38.479473397135735 27.187951035797596 98.02746070176363 20.105551972985268
leaf_count=212 143 3947 247 150 227 170 578 119
internal_value=0.00021248 -0.000537432 -0.000902392 -0.000396657 0.00300053 0.00372636 0.0015778 -0.0057717
internal_weight=904.062 715.616 680.137 621.042 188.446 163.695 125.215 59.0953
internal_count=5793 4675 4463 4097 1118 975 748 366
is_linear=0
shrinkage=0.03


Tree=263
num_leaves=9
num_cat=0
split_feature=0 1 0 3 5 6 5 1
split_gain=3.77704 2.92641 1.75002 1.65974 1.35118 1.34696 0.524601 0.357157
threshold=113.71465686896126 1.1000000000000003 15.958157052232311 0.20000000000000001 -0.31333139999999982 -0.77437569999999978 -0.089308800000000396 1.1000000000000003
decision_type=2 10 2 10 8 8 10 10
left_child=1 2 3 -1 -2 -4 -6 -8
right_child=4 -3 5 -5 6 -7 7 -9
leaf_value=0.0040340580543762466 0.0022110364471185705 0.0095354864430849343 0.0053388643010821345 -0.00023759793117931991 -0.0094185911060344265 -0.0020082974754262396 -0.0053911736635732666 -0.0020371315008998643
leaf_weight=126.9297961294651 21.930459417402744 24.18124483525753 19.209540396928787 214.36259821802378 22.974190719425678 354.29856587946415 101.05796677991748 51.288563683629036
leaf_count=581 131 150 123 997 166 2245 889 511
internal_value=-0.000769581 0.000223154 -0.000155925 0.00138638 -0.00440233 -0.0015649 -0.00526796 -0.00436263
internal_weight=936.233 738.982 714.801 341.292 197.251 373.508 175.321 152.347
internal_count=5793 4096 3946 1578 1697 2368 1566 1400
is_linear=0
shrinkage=0.03


Tree=264
num_leaves=13
num_cat=0
split_feature=3 3 5 0 2 3 0 1 4 1 2 3
split_gain=2.40846 1.81515 2.51274 2.49783 2.00456 1.41494 1.34477 1.23064 2.66037 1.83969 0.942424 0.466985
threshold=-0.20000000000000001 0.19999999999999987 0.65116490000000005 -38.645243331356475 0.20000000000000001 1.3000000000000005 204.64400509356247 0.30000000000000016 1.0000000180025095e-35 -0.20000000000000009 -0.49999999999999983 -0.89999999999999991
decision_type=8 8 10 2 8 10 2 10 10 10 10 10
left_child=6 2 10 5 -5 -3 7 9 -9 -1 -2 -8
right_child=1 3 -4 4 -6 -7 11 8 -10 -11 -12 -13
leaf_value=-0.0017737802721292835 -0.0091387382108449097 -0.0067213927812563501 0.0039042189393049204 0.0025042830270828589 -0.0016825045338823849 0.0018724160709548895 0.0024446608265923857 -0.0048063227842181548 0.0020110233625080347 0.0056418534374657074 -0.0036528448142747515 0.0080352014307560702
leaf_weight=43.275345578789711 41.837959758937359 69.433411095291376 27.338874660432339 221.92678066343069 183.6911688297987 20.018516257405281 32.757971838116646 78.647170126438141 129.39452924579382 81.217092663049698 106.27117196470499 29.088271401822567
leaf_count=242 239 443 136 1242 1026 136 170 392 678 419 538 145
internal_value=-0.000257625 -0.00134841 -0.00392489 -0.000405215 0.000610824 -0.00480087 0.00159057 0.000797044 -0.000618493 0.00309512 -0.00545034 0.00547842
internal_weight=1064.9 670.518 175.448 495.07 405.618 89.4519 394.38 332.534 208.042 124.492 148.109 61.8462
internal_count=5806 3760 913 2847 2268 579 2046 1731 1070 661 777 315
is_linear=0
shrinkage=0.03


Tree=265
num_leaves=7
num_cat=0
split_feature=6 6 4 4 1 2
split_gain=0.979078 1.72564 1.73175 1.27292 0.7309 1.15208
threshold=1.2781048000000002 0.44137680000000007 -2.899999999999999 -0.59999999999999987 -1.6999999999999995 -0.89999999999999991
decision_type=10 10 8 8 8 10
left_child=1 2 -1 -4 -3 -6
right_child=-2 4 3 -5 5 -7
leaf_value=0.0073454579850122208 0.006163607553553661 0.0027183226097377681 -0.0014661126105354747 0.0013677043057149431 0.0017768504454521237 -0.0040921390462872274
leaf_weight=30.025697894394398 19.922243982553482 19.373695828020573 201.95939564704895 455.72671398147941 34.764514952898026 142.23521553725004
leaf_count=171 103 127 1227 3078 233 867
internal_value=0.000299235 0.000133166 0.000843052 0.000493012 -0.0023121 -0.00292226
internal_weight=904.007 884.085 687.712 657.686 196.373 177
internal_count=5806 5703 4476 4305 1227 1100
is_linear=0
shrinkage=0.03


Tree=266
num_leaves=10
num_cat=0
split_feature=0 0 4 1 6 6 3 6 6
split_gain=3.36659 2.09235 1.96079 1.78903 1.60037 1.20533 1.47768 0.32588 0.746628
threshold=36.966734028383947 212.95376115403556 1.1000000000000001 -1.6999999999999995 0.22606660000000015 -1.0111277000000001 -0.29999999999999999 -0.21248347999999981 -0.66103420000000002
decision_type=2 2 10 8 8 8 8 8 10
left_child=2 5 3 -1 -5 -2 -7 8 -3
right_child=1 7 -4 4 -6 6 -8 -9 -10
leaf_value=-0.0030825604528850448 0.005258018681863437 -0.0081974466736550351 -0.0049156918509468692 0.00090716282487465132 0.0049037207092196165 -0.0037696709820181566 -0.00014856079173411395 -0.011628957318413256 0.0012455355016037035
leaf_weight=42.722273133695126 20.756912801414728 13.075971923768519 30.523227415978909 164.66742415726185 201.9474326223135 152.4452752135694 286.26660315692425 13.376279294490812 10.942248713225128
leaf_count=211 165 142 153 783 967 1169 1972 127 117
internal_value=3.85024e-06 -0.00168049 0.00190397 0.00246568 0.003145 -0.00107942 -0.00143514 -0.00806749 -0.00442206
internal_weight=936.724 496.863 439.86 409.337 366.615 459.469 438.712 37.3945 24.0182
internal_count=5806 3692 2114 1961 1750 3306 3141 386 259
is_linear=0
shrinkage=0.03


Tree=267
num_leaves=9
num_cat=0
split_feature=0 7 3 1 6 6 6 6
split_gain=3.59451 2.68862 2.04458 2.33237 1.42365 2.36002 1.37618 1.16607
threshold=133.20175085592487 -1.0000000180025095e-35 -1.0999999999999994 0.90000000000000036 1.0561405000000001 0.83448470000000008 -0.41618340000000026 -0.98470062999999974
decision_type=2 10 10 10 10 10 10 8
left_child=4 6 -3 -4 5 7 -2 -1
right_child=1 2 3 -5 -6 -7 -8 -9
leaf_value=-0.0071656663469765788 0.012073027259423564 0.0070094312934059419 0.0022458385344471224 -0.0051919629763691518 -0.0065711005207564534 0.0063074103136333288 0.0035900102219869733 -0.00088924275079184855
leaf_weight=22.856526747345924 30.647171385586262 34.76862608641386 94.193628139793873 56.540760800242424 34.928090140223503 35.531959511339664 45.654690273106098 703.57820688933134
leaf_count=111 163 182 445 298 224 216 219 3927
internal_value=-3.96703e-05 0.00297682 0.000955423 -0.000621215 -0.00104307 -0.000748477 0.00753021 -0.00113436
internal_weight=1058.7 261.805 185.503 150.734 796.895 761.967 76.3019 726.435
internal_count=5785 1307 925 743 4478 4254 382 4038
is_linear=0
shrinkage=0.03


Tree=268
num_leaves=8
num_cat=0
split_feature=3 5 5 5 5 0 0
split_gain=2.32989 0.981192 0.85693 0.824581 1.40632 0.879471 0.357191
threshold=-1.0999999999999994 0.35281210000000024 -0.10037279999999991 0.98392210000000013 0.8077814000000002 126.45160344842078 173.24117562164136
decision_type=8 10 10 10 10 2 2
left_child=1 2 -1 4 5 -2 -5
right_child=3 -3 -4 6 -6 -7 -8
leaf_value=-0.0025051989910071164 0.00095628187300851521 -0.00072785687717725383 -0.011826876161747116 -0.0063103602807391681 0.0070485474933323668 -0.0016739049171018924 -0.00032234678856452877
leaf_weight=19.56903064250946 637.47968852519989 29.9831418171525 18.88044473528862 16.679384365677834 25.655023083090782 134.463822491467 16.254786036908627
leaf_count=116 4024 229 125 142 173 848 128
internal_value=9.28306e-05 -0.00503106 -0.00791681 0.0005426 0.000743854 0.000490309 -0.00378699
internal_weight=898.965 68.4326 38.4495 830.533 797.599 771.944 32.9342
internal_count=5785 470 241 5315 5045 4872 270
is_linear=0
shrinkage=0.03


Tree=269
num_leaves=10
num_cat=0
split_feature=5 1 2 1 5 3 6 6 2
split_gain=1.60758 1.15546 1.3871 1.28467 1.26642 1.19267 1.10779 1.2663 1.29959
threshold=0.44188640000000007 0.90000000000000036 -1.0999999999999994 -1.4999999999999998 0.037037600000000011 1.0000000180025095e-35 0.22606660000000015 -0.040106200000000085 0.59999999999999998
decision_type=8 10 10 10 10 10 10 10 10
left_child=1 2 5 -4 -3 -1 7 8 -2
right_child=6 4 3 -5 -6 -7 -8 -9 -10
leaf_value=0.0067466621936768615 0.0001575922227900022 -0.00098161252192751941 -0.006252471706423385 -5.0297437927318747e-05 0.0081498941594291534 0.00075752490240754158 -0.0076013011133546108 0.0042077030349652539 -0.0057132827208323071
leaf_weight=43.852223001420498 71.257444702088833 20.606735583394766 26.82045192271471 543.91569665074348 30.594235278666019 81.072952583432198 27.368151985108852 25.114435531198978 59.339213080704212
leaf_count=231 611 133 134 3060 236 400 201 195 584
internal_value=-4.46213e-05 0.000576142 0.000240096 -0.000393523 0.00471439 0.00303861 -0.00252499 -0.00142403 -0.00262227
internal_weight=929.942 746.862 695.661 570.736 51.201 124.925 183.079 155.711 130.597
internal_count=5785 4194 3825 3194 369 631 1591 1390 1195
is_linear=0
shrinkage=0.03


Tree=270
num_leaves=7
num_cat=0
split_feature=2 4 4 5 2 4
split_gain=1.76639 1.36728 1.50913 2.41953 1.44138 0.591834
threshold=-1.4999999999999998 3.7000000000000002 -1.1999999999999993 -0.24386939999999999 0.19999999999999987 -2.4999999999999991
decision_type=8 10 8 8 10 10
left_child=5 2 4 -4 -2 -1
right_child=1 -3 3 -5 -6 -7
leaf_value=-0.0015734743319189947 0.0032852261519740245 0.0068361017355267999 -0.003963513113605756 0.00031350801582414662 -0.0032465439487624013 -0.0085341599457086238
leaf_weight=23.376681447029114 188.92117600142956 23.182886958122253 141.84696294739842 625.50329454988241 31.909032985568047 21.78020716458559
leaf_count=169 1103 139 756 3293 168 131
internal_value=4.93167e-05 0.000320306 0.000133799 -0.000497652 0.00229043 -0.00544684
internal_weight=1056.52 1011.36 988.18 767.35 220.83 45.1569
internal_count=5759 5459 5320 4049 1271 300
is_linear=0
shrinkage=0.03


Tree=271
num_leaves=8
num_cat=0
split_feature=6 6 4 2 4 4 3
split_gain=1.40669 1.67788 1.40009 1.08961 2.0954 1.4601 0.878409
threshold=1.0221626000000004 0.80164350000000006 -1.0999999999999996 1.0000000180025095e-35 1.2000000000000008 -0.79999999999999993 0.90000000000000036
decision_type=10 10 10 10 10 10 10
left_child=1 3 -2 4 -1 -5 -3
right_child=2 6 -4 5 -6 -7 -8
leaf_value=9.0926720104804287e-06 -0.00030933476751395271 -0.0089817677360083427 0.0094964925809333522 0.0067559682753385551 -0.0077376394590961866 0.00090957357743862079 -0.0004931866455679312
leaf_weight=433.68344350159168 23.12159264087677 21.900474838912487 24.353576220571995 39.33550700545311 28.87873437255621 308.4756246432662 19.564334519207478
leaf_count=2770 135 139 123 232 182 2057 121
internal_value=0.00037911 8.49369e-05 0.00514638 0.000400437 -0.000552125 0.00165714 -0.00546066
internal_weight=899.313 851.838 47.4752 810.373 462.562 347.811 41.4648
internal_count=5759 5501 258 5241 2952 2289 260
is_linear=0
shrinkage=0.03


Tree=272
num_leaves=10
num_cat=0
split_feature=0 1 6 1 1 3 0 0 1
split_gain=3.91122 1.95067 1.85621 2.53929 1.43726 1.28278 1.24926 1.07069 0.384216
threshold=107.26824786540602 0.90000000000000036 0.26209210000000027 -1.0000000180025095e-35 1.9000000000000004 0.30000000000000016 -28.2993702807189 207.4891956177153 0.19999999999999987
decision_type=2 10 8 10 8 10 2 2 10
left_child=1 2 6 -4 5 7 -1 -2 -7
right_child=4 -3 3 -5 -6 8 -8 -9 -10
leaf_value=0.0021982120769351867 -0.00049266345994923577 0.0072585933807020686 0.000603736681567582 0.007278494690354893 -0.01179661588980619 -0.0036204697722273761 -0.0022024967138391774 -0.0065350361106193177 -0.010676544272781818
leaf_weight=69.120174959301949 128.68008021637797 32.941630430519581 288.75019662082195 57.677552580833435 14.860285840928553 21.576452940702438 272.17360877990723 28.525146685540676 17.586038369685411
leaf_count=291 1050 195 1563 295 152 158 1614 303 138
internal_value=-0.000421804 0.000635842 0.000268512 0.00180278 -0.00396152 -0.0030904 -0.00129238 -0.00175671 -0.00763906
internal_weight=931.891 720.663 687.722 346.428 211.228 196.368 341.294 157.205 39.1625
internal_count=5759 3958 3763 1858 1801 1649 1905 1353 296
is_linear=0
shrinkage=0.03


Tree=273
num_leaves=9
num_cat=0
split_feature=2 5 5 6 6 5 6 6
split_gain=1.76574 1.2165 2.71126 1.98444 1.64116 1.56456 1.01409 0.909641
threshold=1.3000000000000005 -0.39588479999999987 -0.34920470000000009 0.014831099999999766 -0.33558519999999997 -0.24386939999999999 0.41318800000000006 -0.26393489999999997
decision_type=10 8 8 10 10 8 10 10
left_child=1 3 -3 4 -1 -4 -5 -2
right_child=7 2 5 6 -6 -7 -8 -9
leaf_value=-0.00096804765557546434 0.0069567911829316919 0.0089970851214553321 -0.0045635601681842455 0.0025584991352688852 -0.0092888955700165636 0.00021974630587814976 -0.0021381147967355152 0.00060034006208396491
leaf_weight=38.136708207428455 39.967082992196083 24.807523496448994 63.073303177952766 63.411738574504852 47.433098629117012 637.88279919326305 99.819777507334948 38.759323298931122
leaf_count=178 233 129 339 396 264 3382 650 195
internal_value=-0.000132286 -0.000489089 0.000135195 -0.00227694 -0.00583863 -0.000239938 -0.000291773 0.00405006
internal_weight=1053.29 974.565 725.764 248.801 85.5698 700.956 163.232 78.7264
internal_count=5766 5338 3850 1488 442 3721 1046 428
is_linear=0
shrinkage=0.03


Tree=274
num_leaves=14
num_cat=0
split_feature=6 3 1 1 5 6 5 5 1 1 4 1 6
split_gain=1.44187 2.44585 2.48105 2.11263 1.54941 1.73941 2.27796 1.52877 1.51747 1.20313 1.55343 0.860183 0.509135
threshold=0.13616710000000007 0.59999999999999998 -0.49999999999999994 -1.0000000180025095e-35 -0.39588479999999987 0.1002645000000001 -0.27572440000000015 -0.4946473999999999 -0.39999999999999997 -0.90000000000000002 -1.8 -0.20000000000000001 0.60847160000000022
decision_type=8 10 8 8 10 10 10 10 10 10 10 10 10
left_child=4 2 12 -4 7 6 -6 8 -1 10 -3 -11 -2
right_child=1 9 3 -5 5 -7 -8 -9 -10 11 -12 -13 -14
leaf_value=0.0058649408743776544 -0.0097247258313041384 -0.0011875391268297197 0.0044789396531542394 -0.003134694239281434 -0.0074959786437288753 0.0081303897726865831 0.00055479932022919095 0.010674935548853936 -0.0021579425417461609 -0.0034245749993115087 0.0065477129766543995 0.0025682104115606098 -0.002886043884064938
leaf_weight=39.880386658012867 44.759138397872448 35.327285595238209 39.531187824904919 121.22370248287916 29.729172736406326 19.188501499593258 349.83835985511541 21.822543784976006 36.461779430508614 51.797200292348862 57.055324330925941 30.233304791152477 19.10088425129652
leaf_count=228 276 227 254 866 176 116 2350 121 207 310 335 174 126
internal_value=0.00010879 -0.00122581 -0.0032649 -0.0011838 0.00118201 0.000329894 -0.00016503 0.00445964 0.00213602 0.00141802 0.00368064 -0.00119521 -0.00803732
internal_weight=895.949 399.028 224.615 160.755 496.921 398.756 379.568 98.1647 76.3422 174.413 92.3826 82.0305 63.86
internal_count=5766 2568 1522 1120 3198 2642 2526 556 435 1046 562 484 402
is_linear=0
shrinkage=0.03


Tree=275
num_leaves=12
num_cat=0
split_feature=6 6 2 2 3 1 3 3 4 1 3
split_gain=1.43822 1.86421 1.80993 1.73216 1.71247 1.77216 1.22774 1.38554 1.01109 0.918241 0.83762
threshold=0.26209210000000027 0.78916429999999982 -1.0999999999999994 0.19999999999999987 -0.29999999999999999 -1.0000000180025095e-35 0.90000000000000036 0.20000000000000015 -0.59999999999999987 -1.2999999999999996 0.59999999999999998
decision_type=8 8 10 10 10 10 10 10 10 8 10
left_child=6 4 9 -4 -2 -6 7 8 -1 -3 -9
right_child=1 2 3 -5 5 -7 -8 10 -10 -11 -12
leaf_value=0.0014946018067180818 -0.0040284142249811337 0.0073043637414675578 -0.0068143546993158239 0.0023077136837394725 0.0021546523675765707 0.0082867690484254835 0.004328848242754548 -0.0060524139657461024 -0.0015992984545763463 -7.6684784886919645e-05 -0.00064388951771404516
leaf_weight=145.44591068103909 23.731402881443501 18.283919617533684 56.378704607486725 24.002151064574718 162.21367124840617 55.376718930900097 32.338011935353279 71.082744620740414 254.08805444091558 43.232448391616344 40.943866442888975
leaf_count=831 143 87 275 129 840 316 173 424 1956 349 243
internal_value=4.50397e-05 0.00144228 -0.00125906 -0.00411483 0.00302398 0.00386636 -0.000943597 -0.00131557 -0.000468446 0.00250127 -0.00418765
internal_weight=927.118 383.219 141.897 80.3809 241.322 217.59 543.899 511.561 399.534 61.5164 112.027
internal_count=5766 2139 840 404 1299 1156 3627 3454 2787 436 667
is_linear=0
shrinkage=0.03


Tree=276
num_leaves=9
num_cat=0
split_feature=6 5 0 6 4 1 5 5
split_gain=3.31517 2.07798 1.93855 1.97544 1.28437 1.05613 0.987812 0.723855
threshold=1.0561405000000001 -0.18518599999999988 17.614017346873087 0.46868060000000006 -0.40000000000000008 0.30000000000000016 -0.63059379999999987 -0.44394580000000006
decision_type=10 8 2 10 8 10 10 10
left_child=1 5 4 -4 -3 6 -1 -7
right_child=-2 2 3 -5 -6 7 -8 -9
leaf_value=-0.0032604854066525758 -0.008861135935689532 0.0013892334697478647 0.00076408442248227762 0.006468924990250086 -0.0060434013954580694 -0.0013325066073874062 0.00019140060425564109 -0.008345282812182258
leaf_weight=127.34624211490154 36.775361191481352 30.291188195347786 527.80187122523785 56.221411027014256 52.857226051390171 24.089222721755505 169.84220361709595 32.020087078213692
leaf_count=804 236 173 2800 285 278 126 932 162
internal_value=-0.00057747 -0.000237196 0.0007476 0.00136352 -0.00341046 -0.00208138 -0.00131722 -0.00568988
internal_weight=1057.24 1020.47 667.172 584.023 83.1484 353.298 297.188 56.1093
internal_count=5796 5560 3536 3085 451 2024 1736 288
is_linear=0
shrinkage=0.03


Tree=277
num_leaves=9
num_cat=0
split_feature=6 6 1 1 6 6 5 4
split_gain=0.965055 1.07821 2.02086 1.43783 0.872734 1.78447 1.39915 0.243026
threshold=1.0561405000000001 0.57033750000000005 -0.39999999999999997 -0.79999999999999993 -0.40959499999999976 -0.35407739999999993 -0.10634250000000021 0.19999999999999987
decision_type=10 8 10 10 10 10 10 10
left_child=1 4 3 -3 6 -6 -1 -4
right_child=-2 2 7 -5 5 -7 -8 -9
leaf_value=0.0032708758758383488 0.0049811673201850494 -0.0010690101067871529 -0.0090544607457237244 0.0074831503692541525 0.0084228594525899043 0.0012316852951697074 -0.0023743266652192299 -0.0031399918362674602
leaf_weight=51.400721363723278 42.849151819944382 92.005719915032387 22.003475017845631 16.665560454130173 28.399660777300596 500.85123603790998 127.83516361191869 18.473529323935509
leaf_count=295 236 702 136 99 187 3100 917 124
internal_value=0.000830515 0.000595471 -0.00168527 0.000513996 0.00108405 0.00169278 -0.00071058 -0.00699713
internal_weight=900.484 857.635 149.148 108.671 708.487 529.251 179.236 40.477
internal_count=5796 5560 1061 801 4499 3287 1212 260
is_linear=0
shrinkage=0.03


Tree=278
num_leaves=15
num_cat=0
split_feature=0 6 6 3 5 3 3 6 4 0 3 5 4 5
split_gain=3.94773 1.47052 2.24522 1.45298 1.18279 2.09892 2.49484 1.68391 1.50428 1.13001 0.983541 0.920488 0.835004 0.736943
threshold=36.966734028383947 0.62547940000000024 0.80164350000000006 0.20000000000000001 -0.13886782000000006 -0.29999999999999999 0.20000000000000007 0.50645490999999987 1.4000000000000001 -83.749956970378079 -0.19999999999999982 -0.64769613999999975 -0.79999999999999993 -0.32142719999999991
decision_type=2 8 10 10 10 8 8 10 10 2 10 10 10 10
left_child=1 3 11 10 5 13 -7 8 -6 -5 -1 -3 -4 -2
right_child=4 2 12 9 7 6 -8 -9 -10 -11 -12 -13 -14 -15
leaf_value=0.0006650705031038146 -0.0072824782251281013 0.0040496611709301767 0.0034282530608331988 0.0036307538814251573 -0.0037892349491708216 0.0074449561657722613 -0.0010557443472283918 -0.0088548276371584137 0.00071317784707839132 -0.002566303961080302 0.0054482435246590013 0.013015962983944496 -0.0026097687816522999 -3.0684849505749172e-05
leaf_weight=90.726225890219212 32.39988062530756 26.003081656992435 49.621827065944672 28.779937788844109 181.8713199198246 44.020670719444752 82.058787748217583 35.012542948126793 101.76962091773748 122.34337110072374 64.625518471002579 24.48009330779314 28.587529204785824 19.093106895685196
leaf_count=440 196 129 238 122 1395 252 573 234 919 609 301 123 129 136
internal_value=-0.000148019 0.00192588 0.00455422 0.000766823 -0.00196781 -3.18712e-07 0.00208305 -0.00304726 -0.00218941 -0.00130765 0.00276269 0.00917871 0.001197 -0.00483428
internal_weight=931.394 435.168 128.693 306.475 496.226 177.572 126.079 318.653 283.641 151.123 155.352 50.4832 78.2094 51.493
internal_count=5796 2091 619 1472 3705 1157 825 2548 2314 731 741 252 367 332
is_linear=0
shrinkage=0.03


Tree=279
num_leaves=11
num_cat=0
split_feature=0 1 6 6 6 6 6 6 6 0
split_gain=2.73754 2.96772 2.61062 2.46123 1.92604 2.094 1.85315 3.37276 1.97274 0.843797
threshold=36.966734028383947 0.50000000000000022 -0.74842359999999963 -0.40959499999999976 -0.39403079999999996 -0.21248347999999981 1.0858518000000001 0.83448470000000008 0.61717210000000011 168.0944430526977
decision_type=2 10 8 8 10 10 8 10 10 2
left_child=6 2 -2 -4 9 -6 7 8 -1 -3
right_child=1 4 3 -5 5 -7 -8 -9 -10 -11
leaf_value=-0.001404699545005715 -0.0058281834503060206 -0.00079597159607637373 0.0092471571118305194 0.0023036001767150478 -0.0084857540030489186 -0.0011128076563712908 -0.0089649589660857065 0.0075866350802328512 -0.0082604583163312598 0.0039034131627246724
leaf_weight=260.16140324622393 25.859950862824917 70.856394879519939 49.58891250193119 336.27514361590147 46.063988640904427 113.85755137354136 28.010965332388878 28.663977831602097 39.897471912205219 59.373612634837627
leaf_count=1486 130 370 240 1807 234 577 200 180 257 326
internal_value=-4.46404e-05 0.00104178 0.00266626 0.00330282 -0.00126947 -0.0034294 -0.00216704 -0.00146214 -0.00243673 0.00141165
internal_weight=1058.61 701.876 411.724 385.864 290.152 159.922 356.734 328.723 300.059 130.23
internal_count=5807 3684 2177 2047 1507 811 2123 1923 1743 696
is_linear=0
shrinkage=0.03


Tree=280
num_leaves=12
num_cat=0
split_feature=1 0 6 4 5 5 2 4 4 0 6
split_gain=1.17628 1.72196 1.22303 1.39434 1.94345 1.32144 1.08113 1.60599 0.774616 2.2666 1.80519
threshold=0.30000000000000016 103.93579581141172 0.44137680000000007 1.9000000000000001 0.84002670000000002 0.39815315999999995 -0.49999999999999983 0.19999999999999954 -2.2999999999999989 -12.822032088832541 1.1442794999999999
decision_type=8 2 10 10 10 10 10 10 10 2 10
left_child=1 8 3 5 -5 -2 -3 -8 9 -1 -10
right_child=2 6 -4 4 -6 -7 7 -9 10 -11 -12
leaf_value=-0.0013016421130568464 0.0018637357209458983 0.0017084212316687624 -0.0041290967215281433 -0.0059265923082275681 0.0036173825894590967 0.0066780355165854234 -0.010612472424702242 -0.0016377025956225402 -0.00080844836388902202 0.0080683390680279972 0.0072091806744290048
leaf_weight=50.93551480025053 177.70908264070749 20.523528598248959 24.305889189243317 35.141286440193653 32.199533186852932 71.005312711000443 28.832319252192974 42.956387430429459 360.63091231882572 36.005315646529198 22.156549617648125
leaf_count=322 1216 119 148 262 282 457 164 275 2223 223 116
internal_value=0.000427579 -0.00041577 0.00180607 0.0023197 -0.00142846 0.00334269 -0.0040486 -0.00569853 0.000333284 0.00280655 -0.000257402
internal_weight=902.402 562.041 340.361 316.055 67.3408 248.714 92.3122 71.7887 469.728 86.9408 382.787
internal_count=5807 3442 2365 2217 544 1673 558 439 2884 545 2339
is_linear=0
shrinkage=0.03


Tree=281
num_leaves=15
num_cat=0
split_feature=0 6 4 4 6 6 6 2 0 2 2 7 2 5
split_gain=3.19961 1.10133 1.73138 2.31159 0.949672 0.82349 1.24735 0.76409 0.73752 1.6044 2.07788 0.599056 1.48189 0.674653
threshold=57.205246042983056 0.26209210000000027 -1.8 -0.59999999999999987 -0.025721099999999938 0.44807969999999991 0.62547940000000024 -0.69999999999999973 207.4891956177153 0.59999999999999998 1.1000000000000003 1.5000000000000002 0.20000000000000015 -0.28134710000000002
decision_type=2 10 8 8 10 10 10 10 2 10 10 8 8 8
left_child=1 2 4 -4 -1 7 -7 -3 11 -10 -11 13 -13 -2
right_child=8 5 3 -5 -6 6 -8 -9 9 10 -12 12 -14 -15
leaf_value=-0.0075773734889994461 0.0010989587903619921 0.0010350240246307786 0.005097500770100025 -0.0013495305854904674 -0.00039298375157784723 -0.0018122878987945814 0.0030956466465954548 0.0077632507447143459 -0.013049531944825218 0.0069438863002353772 -0.0072949707590520101 -0.011045984239524473 0.00062838343200991649 -0.0021435108503762117
leaf_weight=32.282914124429226 70.589137122035027 25.911966390907764 76.642460085451603 125.42541968822479 30.827232927083969 65.703102998435497 135.68044183403254 38.829624697566032 12.840736929327248 11.424760162830355 16.212667640298605 15.227646496146916 17.973534733057022 258.24157156795263
leaf_count=163 409 136 378 680 144 312 653 192 140 110 181 104 161 2044
internal_value=-0.000362699 0.00116201 -0.00020885 0.00115981 -0.00435451 0.00250666 0.00148928 0.00533763 -0.00236484 -0.00601404 -0.00124685 -0.00188046 -0.00547098 -0.00144142
internal_weight=933.813 531.303 265.178 202.068 63.1101 266.125 201.384 64.7416 402.51 40.4782 27.6374 362.032 33.2012 328.831
internal_count=5807 2658 1365 1058 307 1293 965 328 3149 431 291 2718 265 2453
is_linear=0
shrinkage=0.03


Tree=282
num_leaves=12
num_cat=0
split_feature=6 5 1 5 2 6 6 2 1 6 6
split_gain=1.85923 1.89779 2.78982 1.54245 1.43505 1.05451 2.48986 1.14756 1.02523 0.910669 0.681617
threshold=0.051665199999999974 -0.39588479999999987 0.90000000000000036 -0.29300739999999992 1.5000000000000004 1.0858518000000001 0.78916429999999982 -0.20000000000000001 -0.19999999999999982 -0.33558519999999997 -0.1356621000000002
decision_type=8 10 10 10 10 10 10 10 10 10 10
left_child=1 9 3 -3 -4 6 8 -8 -2 -1 -11
right_child=5 2 4 -5 -6 -7 7 -9 -10 10 -12
leaf_value=0.0013221532822103494 -0.00013686336986182081 0.010524871332110388 -0.0026587900817434669 0.0032256070892943511 0.0044751364607340085 -0.0059520552838520377 0.00073189249124834446 0.0091151323983759899 -0.0031477171135720723 -0.0079863558683154479 -0.0012036273539180575
leaf_weight=35.517328880727291 263.29378157109022 25.367772161960602 109.56658302247524 287.75836253911257 27.791441679000854 29.386237367987633 29.037695817649364 26.869732826948166 161.42881605029106 23.241054892539978 29.284766286611557
leaf_count=170 1640 126 571 1471 159 192 187 140 795 132 162
internal_value=0.000420475 0.00164268 0.00242836 0.00397308 -0.00110891 -0.000873468 -0.000504873 0.00517849 -0.00130454 -0.00229183 -0.00463808
internal_weight=1048.54 538.527 450.484 313.126 137.358 510.016 480.63 55.9074 424.723 88.0432 52.5258
internal_count=5745 2791 2327 1597 730 2954 2762 327 2435 464 294
is_linear=0
shrinkage=0.03


Tree=283
num_leaves=13
num_cat=0
split_feature=1 4 6 6 4 2 4 5 6 6 4 6
split_gain=1.18982 2.35179 1.95721 2.07823 1.92822 1.27533 1.05435 1.01912 0.828484 1.60201 0.323453 0.140422
threshold=0.30000000000000016 1.9000000000000001 0.067697899999999991 0.14620540000000007 -2.2999999999999989 -0.89999999999999991 0.40000000000000019 0.85510530000000029 0.44137680000000007 0.083343199999999965 3.3000000000000007 -0.21718781999999956
decision_type=10 10 8 8 10 10 10 10 8 10 10 10
left_child=2 8 4 -4 -1 -6 -5 11 9 -2 -9 -3
right_child=1 7 3 6 5 -7 -8 10 -10 -11 -12 -13
leaf_value=0.0040940224505655893 0.0022665045776707332 -0.0031529433699519554 0.0069923279607679084 -0.00095041279714828248 -0.0091846249393715291 -0.0027004946678840613 0.0030971280869285462 -0.0018968267667058146 -0.0024813501252158184 0.0088234010129792477 0.0034647978679533619 -0.0080497585480890869
leaf_weight=27.100355304777622 171.23256255686283 21.374354254454374 36.627456031739712 272.49749904870987 30.209781892597675 162.26238653063774 68.206928849220276 14.996661659330131 18.364523448050022 38.756446994841099 16.122522432357073 17.038803443312645
leaf_count=164 1079 166 215 1803 180 1012 409 128 111 226 141 111
internal_value=0.000125179 0.00165814 -0.000647268 0.000664519 -0.00286616 -0.00392501 -0.000107045 -0.00302297 0.00311775 0.00365373 0.000976076 -0.00600196
internal_weight=894.79 297.886 596.904 377.332 219.573 192.472 340.704 69.5323 228.354 209.989 31.1192 38.4132
internal_count=5745 1962 3783 2427 1356 1192 2212 546 1416 1305 269 277
is_linear=0
shrinkage=0.03


Tree=284
num_leaves=11
num_cat=0
split_feature=0 3 0 0 1 3 4 0 1 1
split_gain=3.09554 1.28427 1.34468 1.193 1.27005 3.65354 1.17481 0.861778 0.363558 0.360082
threshold=107.26824786540602 0.30000000000000016 207.4891956177153 -122.17572730190214 -0.19999999999999996 -0.19999999999999982 0.29999999999999988 1.1088900869526699 1.1000000000000003 0.19999999999999987
decision_type=2 8 2 2 8 10 10 2 10 8
left_child=3 2 6 -1 7 -6 -2 -5 -4 -3
right_child=1 9 8 4 5 -7 -8 -9 -10 -11
leaf_value=0.0050790666162341454 0.0021640808186718418 -0.0040474096244260205 -0.010488738837121415 0.00034106831700958881 -0.0010252711124441266 0.0061518670225111328 -0.0033583979600676464 -0.0023844291995267454 -0.0033254792821758076 -0.010946441321783535
leaf_weight=39.907918527722359 57.804280631244183 22.123096942901611 14.562633443623779 208.38356184959412 170.4753388389945 95.956687681376934 73.072965916246176 202.08679448068142 19.988772138953209 20.535121023654938
leaf_count=163 407 163 158 985 1085 537 676 1187 218 166
internal_value=-0.000597511 -0.0037725 -0.00243253 0.000343923 2.95598e-05 0.00162531 -0.000929416 -0.00101332 -0.00728892 -0.00816852
internal_weight=924.897 208.087 165.429 716.81 676.902 266.432 130.877 410.47 34.5514 42.6582
internal_count=5745 1788 1459 3957 3794 1622 1083 2172 376 329
is_linear=0
shrinkage=0.03


Tree=285
num_leaves=9
num_cat=0
split_feature=0 6 1 7 2 0 0 6
split_gain=3.39813 2.51187 2.29938 2.35195 1.77643 0.980607 1.0915 0.777383
threshold=139.88179913083016 1.0561405000000001 0.50000000000000022 -1.0000000180025095e-35 1.0000000180025095e-35 231.46813225511417 192.3219658265181 0.1316126
decision_type=2 10 10 10 8 2 2 10
left_child=1 2 3 -1 -2 6 -6 -4
right_child=4 -3 7 -5 5 -7 -8 -9
leaf_value=0.0031106334969753543 0.007851051965927924 -0.0082313895670577328 -0.0024176748067187884 -0.00085261965642524867 0.0023223061262877612 0.0052524048072968765 -0.0030279027454779691 -0.0075232504087922774
leaf_weight=185.87388002872467 51.518499299883842 34.746493611484766 128.18450828641653 453.77783168107271 88.24771886318922 45.919581949710846 49.359596244990826 32.59485812485218
leaf_count=1040 252 227 651 2572 462 232 243 170
internal_value=3.13503e-05 -0.00086818 -0.00049943 0.000314241 0.00317912 0.00169421 0.000364316 -0.00364842
internal_weight=1070.22 835.178 800.431 639.652 235.045 183.527 137.607 160.779
internal_count=5849 4660 4433 3612 1189 937 705 821
is_linear=0
shrinkage=0.03


Tree=286
num_leaves=9
num_cat=0
split_feature=6 6 4 0 0 0 4 4
split_gain=1.32926 1.42865 1.90522 1.27483 1.54151 1.16669 1.01576 1.00193
threshold=1.1791412000000003 0.57033750000000005 -1.0999999999999996 77.070273790711909 111.50765212634816 51.754719942583627 0.39999999999999974 -1.8
decision_type=10 10 10 2 2 2 10 10
left_child=1 3 7 5 -5 -1 -4 -3
right_child=-2 2 6 4 -6 -7 -8 -9
leaf_value=0.00050217206851415567 0.0058888932386406048 -0.0016928544806291464 -0.0088960558302824712 -0.0037262154970487838 0.00041662936071376659 0.0041637952525634837 -0.0017172143305681927 0.0059712604525054939
leaf_weight=289.91293419152498 28.715658850967884 39.071883320808411 41.424967773258686 115.68965359777212 242.19431680440903 103.18312580138445 33.425617717206478 18.771482780575752
leaf_count=1772 148 260 247 768 1623 703 208 120
internal_value=4.22115e-05 -0.000179845 -0.00298957 0.000333107 -0.000955477 0.00150353 -0.0059985 0.00107153
internal_weight=912.39 883.674 132.694 750.98 357.884 393.096 74.8506 57.8434
internal_count=5849 5701 835 4866 2391 2475 455 380
is_linear=0
shrinkage=0.03


Tree=287
num_leaves=11
num_cat=0
split_feature=6 3 4 3 4 1 5 5 3 5
split_gain=2.33877 1.73516 2.95721 1.68396 1.28138 0.994727 0.894717 1.58694 1.03213 0.547287
threshold=0.26209210000000027 0.59999999999999998 0.80000000000000004 -0.39999999999999997 -0.40000000000000008 -0.39999999999999997 -0.7765602800000001 -0.68082299999999996 0.90000000000000036 -1.0212850999999998
decision_type=10 10 10 10 10 10 8 8 10 8
left_child=6 3 5 -2 -5 -3 9 -8 -9 -1
right_child=1 2 -4 4 -6 -7 7 8 -10 -11
leaf_value=-0.0010506612872431692 -0.0031181792597441541 0.00020666901452191173 -0.0088414410117905254 0.0025363251430525128 0.0082217233492597377 0.0061632066675838997 0.0069510065277255881 -0.0014917372667539856 0.0044121197967241675 -0.0072064079492520335
leaf_weight=24.001395180821419 23.266433894634247 130.07544373720884 25.306007388979197 91.178109340369701 61.915564905852079 26.418582007288933 17.598009623587132 487.62342294678092 23.396399270743132 29.556965015828609
leaf_count=120 133 664 136 446 359 138 82 3494 133 144
internal_value=-7.66214e-05 0.00181619 -0.00024836 0.00389259 0.00502297 0.00137191 -0.00124664 -0.00084798 -0.0011813 -0.00477305
internal_weight=940.336 358.16 181.8 176.36 153.094 156.494 582.176 528.618 511.02 53.5584
internal_count=5849 1876 938 938 805 802 3973 3709 3627 264
is_linear=0
shrinkage=0.03


Tree=288
num_leaves=14
num_cat=0
split_feature=0 0 7 5 2 1 1 5 0 4 1 4 0
split_gain=3.609 1.40172 1.77984 1.4237 1.16793 1.33987 1.16626 1.76218 1.46022 1.43084 1.06361 1.0396 0.515662
threshold=105.11388587613637 -45.002345871562959 1.0000000180025095e-35 -0.8571783999999999 -1.2999999999999996 -0.29999999999999999 0.50000000000000022 -0.040879700000000345 144.32918837674711 1.5000000000000004 0.19999999999999987 0.50000000000000011 176.1455284737398
decision_type=2 2 10 8 8 8 10 10 2 10 8 8 2
left_child=1 2 3 -1 -3 -6 7 10 11 -10 -2 -8 -9
right_child=6 4 -4 -5 5 -7 8 12 9 -11 -12 -13 -14
leaf_value=-0.00029535314669068742 -0.0037956084684487128 -0.0057749876978361644 0.0017147759892698546 -0.0090425230355459171 0.001644221951728873 -0.0013961460948950996 -0.0066165214993769298 0.0081095862455795916 0.0055668443781389911 -0.00024630221757251101 0.0039604589450303743 0.00070170799873150406 0.0028112662226043631
leaf_weight=23.855016276240349 27.51371805369854 31.778818003833294 30.292876653373241 54.076169494539499 204.86760558187962 339.97599370777607 27.173337131738663 68.937394164502621 69.559717945754528 77.117697797715664 26.165247097611427 36.359763957560062 30.818810671567917
leaf_count=161 122 214 193 348 1157 1868 133 342 337 427 126 198 146
internal_value=7.60659e-05 -0.00120486 -0.00425882 -0.00654422 -0.000599986 -0.000248376 0.00247202 0.00442021 0.000980359 0.00260313 3.29557e-07 -0.00268269 0.00668503
internal_weight=1048.49 684.846 108.224 77.9312 576.622 544.844 363.646 153.435 210.211 146.677 53.679 63.5331 99.7562
internal_count=5772 3941 702 509 3239 3025 1831 736 1095 764 248 331 488
is_linear=0
shrinkage=0.03


Tree=289
num_leaves=13
num_cat=0
split_feature=4 6 3 0 0 3 5 6 6 6 3 6
split_gain=1.77894 1.67983 1.21986 2.24311 2.48682 2.18744 1.47643 1.43543 1.06131 1.60113 0.931627 0.0463601
threshold=1.9000000000000001 0.26816999999999974 0.19999999999999987 139.88179913083016 46.785518056295139 0.30000000000000016 -0.13184449999999989 0.15609450000000011 -0.24460949999999995 -0.63829467999999967 -0.39999999999999997 -0.013547799999999775
decision_type=10 10 8 2 2 8 10 8 10 10 10 10
left_child=2 8 3 4 -1 6 -4 -7 9 -2 -5 -10
right_child=1 -3 5 10 -6 7 -8 -9 11 -11 -12 -13
leaf_value=-0.00061825529819205228 -0.0069290104107161262 0.0037182323713621048 -0.0086491741346248225 -0.004554640347295703 0.0049696509826560962 0.003363436594651699 -0.00033243800419952018 -0.00093332053028275831 -0.0050289833895616727 0.0031650468913354086 0.0018073577994752463 -0.010942486368786733
leaf_weight=115.72747371345758 24.302596006542444 18.403260678052902 42.037485040724277 59.63532992452383 179.11543434113264 92.40498223900795 33.174249522387981 243.74490156769753 17.568205282092094 23.138921320438385 27.195381544530392 19.107528388500214
leaf_count=700 212 115 263 402 1102 532 210 1611 133 191 167 134
internal_value=-0.000137884 -0.00375974 0.000350959 0.00156242 0.00280263 -0.000778336 -0.00523023 0.000279809 -0.00551261 -0.00217341 -0.00257215 -0.00905302
internal_weight=895.556 102.521 793.035 381.674 294.843 411.362 75.2117 336.15 84.1173 47.4415 86.8307 36.6757
internal_count=5772 785 4987 2371 1802 2616 473 2143 670 403 569 267
is_linear=0
shrinkage=0.03


Tree=290
num_leaves=11
num_cat=0
split_feature=0 4 4 0 5 6 0 0 2 5
split_gain=3.49143 1.82123 2.73997 2.79993 1.4212 1.39774 1.39735 0.99995 0.875874 0.620582
threshold=105.11388587613637 1.5000000000000004 -1.0000000180025095e-35 -38.645243331356475 -0.31333139999999982 -0.61318439999999985 127.9801609356074 36.220430428302855 1.1000000000000003 0.28973579999999982
decision_type=2 10 10 2 8 8 2 2 10 10
left_child=1 2 7 -4 -2 8 -7 -1 -6 -3
right_child=4 9 3 -5 5 6 -8 -9 -10 -11
leaf_value=0.0026966536738509002 0.0028511346654346167 0.0014666465653663575 0.0060233964070520877 -0.0040663665429536387 0.0027900693985705243 -0.010276542653780796 -0.0034991682703669922 -0.00022481661857169067 -0.0051397336819765799 0.0083788314173113762
leaf_weight=327.57878147065639 26.108177118003368 20.366708643734455 24.775922834873199 153.24336933344603 33.714205835014582 38.576043181121349 99.760084323585033 153.33006249368191 13.548501856625078 33.51510688662529
leaf_count=1568 160 117 105 914 310 300 909 1020 152 217
internal_value=4.73764e-05 0.00105466 0.000598154 -0.00253593 -0.0032902 -0.00420623 -0.00568164 0.00177246 0.000242639 0.00611251
internal_weight=924.517 712.81 658.928 178.019 211.707 185.599 138.336 480.909 47.2627 53.8818
internal_count=5772 3941 3607 1019 1831 1671 1209 2588 462 334
is_linear=0
shrinkage=0.03


Tree=291
num_leaves=13
num_cat=0
split_feature=0 1 6 0 4 6 6 4 2 6 0 6
split_gain=3.44282 2.01631 2.60233 2.12539 1.88141 1.59005 1.85644 1.43109 1.41078 1.28114 1.53421 0.953214
threshold=119.82680697545915 0.50000000000000022 -0.27129719999999996 -46.89991175851889 2.5000000000000009 -0.19154160000000001 -0.38700829999999981 1.5000000000000004 0.19999999999999987 0.041503350000000279 92.591649253129859 -0.52119789999999988
decision_type=2 10 8 2 8 10 10 10 10 10 2 10
left_child=1 2 8 -4 5 6 -2 -7 -1 10 -3 -6
right_child=4 9 3 -5 11 7 -8 -9 -10 -11 -12 -13
leaf_value=0.0012310183842660057 0.0014852023684632707 0.00063385711057209449 -0.0053698010505756483 -0.0004588303086373394 0.010965106444022831 0.0057722276955703327 -0.0057508448315858104 -0.0018932825853447449 0.0084749130463848844 -0.0090406225366331892 -0.0070704221011630396 0.0029493685007782114
leaf_weight=78.005514346063137 96.640562750399113 57.042693011462688 93.447688393294811 414.06173148751259 26.470825299620628 83.642513953149319 41.642971776425838 26.387644492089748 31.55271028727293 36.139320738613605 33.447435602545738 32.145687535405159
leaf_count=401 487 284 623 2398 159 385 199 124 159 192 177 181
internal_value=-0.000117278 -0.00121998 -0.000496667 -0.00140665 0.00253132 0.00132231 -0.000818515 0.00393148 0.0035961 -0.00459197 -0.00243495 0.00714653
internal_weight=1050.63 743.697 617.068 507.509 306.93 248.314 138.284 110.03 109.558 126.629 90.4901 58.6165
internal_count=5769 4234 3581 3021 1535 1195 686 509 560 653 461 340
is_linear=0
shrinkage=0.03


Tree=292
num_leaves=8
num_cat=0
split_feature=6 4 0 6 2 6 0
split_gain=1.01292 0.873567 1.89882 1.02359 1.55278 1.53727 0.989757
threshold=1.1791412000000003 -2.2999999999999989 14.707938486285117 -0.82116645999999982 0.70000000000000018 -0.39403079999999996 -98.505908692552893
decision_type=10 8 2 8 10 8 2
left_child=1 2 6 4 -3 -5 -1
right_child=-2 3 -4 5 -6 -7 -8
leaf_value=0.0043008869244480401 0.0051216659658991298 0.0063927989684030469 0.0077556136453275715 -0.003963825960307938 -0.0029406071193082456 -0.00027340291384254098 -0.0033100854222976469
leaf_weight=18.186417818069458 27.787121146917343 38.149672403931618 32.277082219719887 117.55050135403872 21.802227519452572 599.17878405749798 41.143752679228783
leaf_count=112 143 246 188 794 166 3846 274
internal_value=-5.5386e-05 -0.000249438 0.0024438 -0.000580698 0.00303351 -0.000901935 -0.000824148
internal_weight=896.076 868.288 91.6073 776.681 59.9519 716.729 59.3302
internal_count=5769 5626 574 5052 412 4640 386
is_linear=0
shrinkage=0.03


Tree=293
num_leaves=11
num_cat=0
split_feature=0 1 0 1 4 1 1 2 1 2
split_gain=3.30969 1.25514 1.34273 1.50955 1.19607 0.930262 2.03657 1.49585 1.99998 0.178849
threshold=146.23824793628663 1.1000000000000003 8.709311929941693 0.30000000000000016 0.80000000000000004 0.70000000000000018 -0.19999999999999996 0.59999999999999998 1.7000000000000004 0.20000000000000001
decision_type=2 10 2 8 10 10 8 10 10 8
left_child=1 2 4 -4 -1 6 -2 -7 -9 -8
right_child=5 -3 3 -5 -6 7 9 8 -10 -11
leaf_value=0.0026144973799966074 0.0018696449283840582 0.0059821548182919662 -0.0017133571624857577 0.0018841629711366576 -0.0035274797674374235 -0.0084645252755368595 -0.0055741199944742232 0.0045460314716285616 -0.0075965334270503664 -0.013388854127274986
leaf_weight=296.18124734610319 13.854580763727425 36.045472700148821 296.26385594159365 156.3073966242373 27.194073691964149 16.595522277057171 16.443087261170149 35.497343894094229 12.534986060112713 18.697915527969599
leaf_count=1361 113 248 1806 1135 121 158 152 358 138 179
internal_value=0.000186661 0.000865579 0.000591117 -0.000463847 0.00205214 -0.0044971 -0.00743696 -0.00189434 0.000959737 -0.010882
internal_weight=925.615 811.992 775.947 452.571 323.375 113.623 48.9956 64.6279 48.0323 35.141
internal_count=5769 4671 4423 2941 1482 1098 444 654 496 331
is_linear=0
shrinkage=0.03


Tree=294
num_leaves=10
num_cat=0
split_feature=3 2 5 6 5 5 1 6 5
split_gain=1.68369 1.70355 1.44259 1.19634 1.06536 0.97808 0.844212 0.522442 0.271567
threshold=-1.0999999999999994 0.49999999999999994 -0.64769613999999975 0.15609450000000011 -0.55013859999999981 0.47791810000000007 -0.49999999999999994 -0.18425840000000013 0.037037600000000011
decision_type=8 10 8 10 8 10 10 8 10
left_child=1 8 3 7 -4 -6 -5 -2 -1
right_child=2 -3 4 6 5 -7 -8 -9 -10
leaf_value=0.0092679614860649902 -0.0020268608607233751 -0.001051760213126772 0.0048829414752372922 0.00085044363161667247 -0.0006122333935402708 0.0018508133104251608 -0.0055991401286385571 -0.0088797827803322182 0.0038433743440543619
leaf_weight=26.627348214387894 19.382114119827747 36.528524324297905 36.934077955782413 67.062984216958284 602.6115306392312 185.62439461797476 19.609644569456577 29.263727024197578 27.80708984285593
leaf_count=128 103 203 213 469 3251 969 118 187 143
internal_value=0.000123928 0.00391331 -0.000253353 -0.00306575 0.000223535 -2.41919e-05 -0.000834571 -0.00659275 0.00705333
internal_weight=1051.45 90.963 960.488 135.318 825.17 788.236 86.6726 48.6458 54.4344
internal_count=5784 474 5310 877 4433 4220 587 290 271
is_linear=0
shrinkage=0.03


Tree=295
num_leaves=6
num_cat=0
split_feature=5 4 4 6 6
split_gain=0.848629 1.78117 0.984377 1.61649 1.27729
threshold=-1.3097151999999999 -2.899999999999999 -1.4999999999999996 0.95583580000000012 0.62547940000000024
decision_type=8 8 8 10 10
left_child=-1 -2 4 -4 -3
right_child=1 2 3 -5 -6
leaf_value=-0.0049230369802131411 0.0061429711003098807 -0.00054966722776239791 0.0001642807969148803 0.0065914914932875233 -0.0073458961820022893
leaf_weight=23.05227579921484 40.729497611522675 97.195770159363747 674.97386822476983 32.175755396485329 28.89566183835268
leaf_count=158 233 592 4442 171 188
internal_value=0.00021551 0.000378281 6.15368e-05 0.000500949 -0.0023279
internal_weight=897.023 873.971 833.241 707.15 126.091
internal_count=5784 5626 5393 4613 780
is_linear=0
shrinkage=0.03


Tree=296
num_leaves=11
num_cat=0
split_feature=0 5 5 1 6 0 3 6 1 0
split_gain=2.29111 2.3791 2.04219 1.85565 1.59416 1.53086 2.51628 1.40812 1.1043 0.107282
threshold=108.28656482175838 -0.31333139999999982 -0.089308800000000396 1.1000000000000003 -1.0339645299999998 -45.002345871562959 1.3000000000000005 0.5899156000000001 0.50000000000000022 64.615294018361411
decision_type=2 8 10 8 10 2 10 10 10 2
left_child=3 -2 -3 5 9 6 -1 -7 -4 -5
right_child=1 2 8 4 -6 7 -8 -9 -10 -11
leaf_value=0.0043572594232498376 0.0048047368046540547 -0.01177973211196191 -0.0060023738008436823 0.0025765899369125504 0.01139157088929435 -0.0016124848449908869 -0.0046862819759282406 0.0022322534764484011 -0.00088512257293613214 -0.00048745665798239892
leaf_weight=128.42102161794901 25.795752055943012 23.429154325276613 57.632396224886179 16.572318807244301 19.703587993979454 399.68711225688457 30.548562549054623 104.12597884237766 101.74130430072546 17.103620074689388
leaf_count=551 158 178 501 124 117 2322 136 548 985 164
internal_value=-0.000349895 -0.00307748 -0.00428806 0.000460403 0.00558794 8.69209e-06 0.00252949 -0.000803743 -0.00286191 0.00115856
internal_weight=924.761 208.599 182.803 716.162 53.3795 662.783 158.97 503.813 159.374 33.6759
internal_count=5784 1822 1664 3962 405 3557 687 2870 1486 288
is_linear=0
shrinkage=0.03


Tree=297
num_leaves=7
num_cat=0
split_feature=0 0 6 6 5 5
split_gain=2.12365 1.65938 1.49279 2.11489 1.33136 0.442471
threshold=247.53058268944224 -103.14537568836055 0.5899156000000001 0.4916260999999999 -0.55013859999999981 -0.84598914999999975
decision_type=2 2 10 10 10 10
left_child=1 5 3 -3 -4 -1
right_child=-2 2 4 -5 -6 -7
leaf_value=-0.001718161721112253 0.0065951187428931078 0.0002431458386181929 0.0014753450063941203 0.0066873507647790716 -0.0047672900453978205 -0.0085108896291615933
leaf_weight=17.95776703953743 39.391490519046783 796.60876122862101 42.789119932800531 43.665166094899178 89.078674361109734 20.059036832302809
leaf_count=124 202 4288 284 238 505 132
internal_value=0.000172966 -0.000108718 0.000145684 0.000615598 -0.00276175 -0.00587491
internal_weight=1049.55 1010.16 972.142 840.274 131.868 38.0168
internal_count=5773 5571 5315 4526 789 256
is_linear=0
shrinkage=0.03


Tree=298
num_leaves=10
num_cat=0
split_feature=5 5 5 3 0 5 5 1 7
split_gain=1.31279 4.17537 2.10463 1.17327 1.98646 0.895536 0.718597 1.58922 1.05361
threshold=-0.39588479999999987 -0.34920470000000009 -0.47537030000000002 0.70000000000000018 -19.00078633085479 -0.94464295999999981 0.8077814000000002 1.3000000000000005 1.5000000000000002
decision_type=10 10 10 10 2 10 10 10 10
left_child=2 -2 3 4 -1 -5 8 -8 -3
right_child=1 6 -4 5 -6 -7 7 -9 -10
leaf_value=-0.0049970002089090365 -0.012019071966534204 7.0615379017182996e-05 0.0082079667612448177 0.0077296351372919759 0.0016830099578735778 0.0011035071092562461 0.0059194486859582693 -0.0029690292899105298 -0.0045389860991086597
leaf_weight=54.135899268090725 22.0669801607728 476.507373444736 36.53751490265131 27.738936088979244 119.48204196244478 46.390970267355442 44.907741311937571 24.561564847826958 44.22212316095829
leaf_count=338 131 3001 215 172 839 268 324 212 273
internal_value=0.000285765 -0.000497483 0.00195209 0.00088536 -0.000481461 0.00391471 3.0646e-05 0.00278849 -0.000360293
internal_weight=896.551 612.266 284.285 247.748 173.618 74.1299 590.199 69.4693 520.729
internal_count=5773 3941 1832 1617 1177 440 3810 536 3274
is_linear=0
shrinkage=0.03


Tree=299
num_leaves=12
num_cat=0
split_feature=0 1 5 7 0 0 4 5 6 5 5
split_gain=2.14144 2.77865 1.5891 2.0354 2.58397 1.40522 1.3314 1.32125 0.680198 0.557141 0.318308
threshold=148.94211039701909 1.1000000000000003 0.63138250000000007 -1.0000000180025095e-35 166.38570992983321 15.958157052232311 -1.3999999999999995 -1.0967218999999997 -0.47186619999999996 0.94159840000000028 0.37503610000000004
decision_type=2 10 8 10 2 2 8 8 10 10 8
left_child=1 5 3 -2 -5 7 -7 -1 -4 -10 -3
right_child=2 10 8 4 -6 6 -8 -9 9 -11 -12
leaf_value=-0.003306426057597765 -0.0087234858020747257 0.0032190692125012529 -0.012432710934327657 -0.0069439817298843675 0.0065994545467155758 -0.0045941455086853985 -0.00058847539451492537 0.001847589541858345 -0.0074198367057017219 0.00082975829341143067 0.010101324664146722
leaf_weight=47.929661989212036 17.289112441241741 17.090136960148811 18.647733885794878 14.476195197552441 32.277227394282818 90.699692487716675 348.99325160309672 294.70484103262424 11.504738323390486 11.676052354276178 19.195932786911726
leaf_count=223 158 108 225 116 300 505 2384 1370 117 126 141
internal_value=-0.000473416 5.61787e-05 -0.0043862 -0.00121189 0.00214028 -0.000341981 -0.00145713 0.00108943 -0.00859798 -0.00385459 0.0076423
internal_weight=924.485 818.614 105.871 64.0425 46.7534 782.327 439.693 342.635 41.8285 23.1808 36.2861
internal_count=5773 4731 1042 574 416 4482 2889 1593 468 243 249
is_linear=0
shrinkage=0.03


Tree=300
num_leaves=13
num_cat=0
split_feature=0 1 4 6 6 4 4 4 6 7 6 1
split_gain=2.10231 1.77514 3.03926 2.44541 2.1868 1.29445 1.34047 1.30674 1.63575 1.16251 1.15837 0.672529
threshold=80.174400567446256 0.30000000000000016 -0.49999999999999994 0.32771530000000004 -0.35407739999999993 -1.0999999999999996 -0.79999999999999993 -2.899999999999999 0.1316126 -1.0000000180025095e-35 0.067697899999999991 -1.0999999999999996
decision_type=2 10 10 10 8 10 10 8 10 10 10 10
left_child=5 3 -3 4 -2 7 -7 11 -9 -4 -8 -1
right_child=1 2 9 -5 -6 6 10 8 -10 -11 -12 -13
leaf_value=-0.00035063426714693452 -0.00047987699138615753 -0.0073615351894745149 0.0039906553034812471 -0.0027807279354405802 0.0074179565561757347 -0.0080994206811246874 -3.9351855162860328e-05 -0.0014636451366155686 0.0038887670489606372 -0.00042209218609332711 -0.00375998752065337 -0.0072824662776982607
leaf_weight=23.552686907351017 43.893217213451862 42.481337033212185 71.877298593521118 42.646896660327911 102.18348894268274 33.772885382175446 137.29674895107746 101.60057161748409 95.067228153347969 175.78950697183609 162.09678195789456 23.460498139262199
leaf_count=168 212 201 373 191 512 188 700 636 616 924 921 155
internal_value=-0.000388424 0.00107481 -0.000403372 0.00329917 0.00510747 -0.00160193 -0.00280312 6.36903e-05 0.00115592 0.000912193 -0.00208244 -0.00417729
internal_weight=1055.72 478.872 290.148 188.724 146.077 576.847 333.166 243.681 196.668 247.667 299.394 47.0132
internal_count=5797 2413 1498 915 724 3384 1809 1575 1252 1297 1621 323
is_linear=0
shrinkage=0.03


Tree=301
num_leaves=10
num_cat=0
split_feature=5 5 4 1 0 5 5 5 2
split_gain=0.749818 1.43771 1.11266 2.15142 1.57988 0.825559 2.11271 0.777305 0.585263
threshold=-0.8571783999999999 -0.76480849999999978 -2.899999999999999 -1.0999999999999996 -36.631489889938159 -0.46720509999999998 -0.40419586999999996 -0.64769613999999975 -1.0999999999999994
decision_type=10 10 10 10 2 10 10 10 8
left_child=2 -2 3 8 -4 7 -7 -3 -1
right_child=1 5 4 -5 -6 6 -8 -9 -10
leaf_value=-0.0063102172225162631 0.0067562159892062242 0.0013886265335179011 0.00098791957945812176 0.0087820017154890267 -0.0092000118266498988 0.0077875028332434178 0.00032488342482312019 -0.003755227667190044 -9.8979205471339245e-05
leaf_weight=16.769709780812263 27.743164218962193 36.995286084711552 21.739100508391857 16.011049620807171 28.367896698415279 31.185035429894924 615.75530130416155 72.066458478569984 37.058055132627487
leaf_count=107 157 216 129 98 188 184 3949 426 343
internal_value=0.000259729 0.000600444 -0.0019015 0.000574362 -0.00509135 0.000331639 0.000741577 -0.00202598 -0.00240591
internal_weight=903.691 783.745 119.946 69.8388 50.107 756.002 646.94 109.062 53.8278
internal_count=5797 4932 865 548 317 4775 4133 642 450
is_linear=0
shrinkage=0.03


Tree=302
num_leaves=13
num_cat=0
split_feature=0 7 4 3 7 1 1 0 1 4 3 3
split_gain=2.04529 0.88804 2.36456 1.79396 1.06596 1.94237 1.6321 0.864639 1.48008 1.18506 0.745598 0.334638
threshold=108.28656482175838 1.0000000180025095e-35 -0.39999999999999963 -0.69999999999999973 -1.0000000180025095e-35 1.3000000000000005 1.1000000000000003 -86.584635465982146 -0.19999999999999996 0.80000000000000027 1.1000000000000003 0.4000000000000003
decision_type=2 8 10 8 10 8 10 2 8 8 10 10
left_child=7 4 -3 -4 6 -6 -2 11 10 -10 -9 -1
right_child=1 2 3 -5 5 -7 -8 8 9 -11 -12 -13
leaf_value=0.0011919918441474996 -0.0068428346873474341 -0.013860625370031888 -0.0089417812781235461 0.0026280782256357812 0.0033382101628024749 -0.0068181761258889846 0.0034723435147213889 -0.0013099671448380187 0.0036733714918675106 -0.00045487813550943579 0.0019657580193860108 0.0052797495235235494
leaf_weight=32.990631140768528 43.053132474422455 15.297571472823618 13.14373519644141 31.522669833153486 68.768615707755089 17.087505202740431 15.785292226821182 304.1712241768837 174.00249561667442 94.674172013998032 73.702037014067173 47.53656992316246
leaf_count=134 337 112 130 278 582 178 158 1636 984 669 394 205
internal_value=0.000187881 -0.00242574 -0.0053505 -0.00133396 -0.00107544 0.00105286 -0.00402024 0.00093511 0.000555457 0.00223696 -0.000653728 0.00377265
internal_weight=931.736 204.659 59.964 44.6664 144.695 85.8561 58.8384 727.077 646.55 268.677 377.873 80.5272
internal_count=5797 1775 520 408 1255 760 495 4022 3683 1653 2030 339
is_linear=0
shrinkage=0.03


Tree=303
num_leaves=6
num_cat=0
split_feature=6 6 7 7 3
split_gain=1.61075 2.24128 1.0659 2.20867 1.91679
threshold=1.0561405000000001 0.83448470000000008 -1.4999999999999998 -1.0000000180025095e-35 -0.39999999999999997
decision_type=10 10 8 8 8
left_child=1 2 4 -4 -1
right_child=-2 -3 3 -5 -6
leaf_value=0.0033456190079784137 -0.0056132992296920566 0.0070713343940057554 0.0033677674403367009 -0.00023432768466338729 -0.0059861992179600114
leaf_weight=25.782155729830265 34.776293087750673 40.218489609658718 190.02366061508656 711.83134184777737 54.512202173471451
leaf_count=137 227 240 1011 3885 295
internal_value=0.000312607 0.000540517 0.000238621 0.000539029 -0.00296932
internal_weight=1057.14 1022.37 982.149 901.855 80.2944
internal_count=5795 5568 5328 4896 432
is_linear=0
shrinkage=0.03


Tree=304
num_leaves=9
num_cat=0
split_feature=3 2 7 6 7 0 6 6
split_gain=0.911148 1.96579 1.91833 1.45276 1.21592 1.08893 4.64255 1.29426
threshold=-0.89999999999999991 -0.20000000000000001 -1.0000000180025095e-35 -0.51056078999999988 2.5000000000000004 187.61090832684184 0.056387400000000094 0.43009060000000005
decision_type=8 10 10 10 8 2 8 10
left_child=1 -1 -3 -4 5 7 -7 -2
right_child=4 2 3 -5 -6 6 -8 -9
leaf_value=-0.0081968639137730507 0.0010732324296621387 -0.0070236678730775989 0.0068044642320800632 -0.0025670228554088301 -0.0049989963407826299 -0.0016728580681560669 0.01504327088523571 -0.0017119271083078727
leaf_weight=32.101826339960098 501.80838100984693 18.22401836514473 32.174931637942791 21.33195624127984 31.768442742526531 39.59999156370759 18.219753570854664 208.46840009838343
leaf_count=195 3182 138 233 142 230 282 106 1287
internal_value=-1.37653e-05 -0.00258999 0.000289883 0.00316819 0.000334674 0.000586178 0.0043727 0.000249527
internal_weight=903.698 103.833 71.7309 53.5069 799.865 768.097 57.8197 710.277
internal_count=5795 708 513 375 5087 4857 388 4469
is_linear=0
shrinkage=0.03


Tree=305
num_leaves=11
num_cat=0
split_feature=0 6 5 2 0 2 2 5 5 5
split_gain=2.76079 1.43681 1.51732 2.46659 1.14832 1.22789 1.51823 0.619771 0.57949 0.0866165
threshold=153.08004332896056 -0.16396135999999981 0.63138250000000007 0.59999999999999998 -147.06459747839992 1.1000000000000003 0.90000000000000036 0.12375500000000002 0.95970244000000016 0.71528560000000019
decision_type=2 8 10 10 2 10 10 8 8 8
left_child=4 2 3 -2 -1 6 -6 -3 -4 -9
right_child=1 7 8 -5 5 -7 -8 9 -10 -11
leaf_value=0.0061612809103892179 -0.0044873336404902603 -0.0023957130838665468 -0.0098071403165279972 0.0098468434641080342 1.930692832593576e-05 0.0052544593275603664 -0.0073407005156422393 -0.013359552203045107 -0.00082773801804404505 -0.0053779877716004986
leaf_weight=23.48190875351429 18.593134824186563 13.800384964793919 13.854016236960886 15.369911596179007 751.58079463243484 33.597323771566153 21.099559165537357 15.609661333262922 11.370473828166725 12.983375679701565
leaf_count=96 179 97 160 150 4324 239 134 145 140 131
internal_value=-0.000341248 -0.00488676 -0.00161629 0.00243074 0.000241161 3.18341e-05 -0.000227577 -0.0088006 -0.00656601 -0.0110752
internal_weight=931.341 101.581 59.1875 33.963 829.76 806.278 772.68 42.3934 25.2245 28.593
internal_count=5795 1002 629 329 4793 4697 4458 373 300 276
is_linear=0
shrinkage=0.03


Tree=306
num_leaves=13
num_cat=0
split_feature=5 5 0 1 5 4 0 1 2 2 0 4
split_gain=2.70153 2.23977 1.31494 1.33434 1.18592 1.20749 2.61891 0.98232 0.954402 0.909364 0.607532 0.203055
threshold=-0.39588479999999987 -0.34920470000000009 -3.590107527426539 0.50000000000000022 -0.8571783999999999 -0.19999999999999948 68.596109686953255 0.19999999999999987 -0.49999999999999983 -1.0999999999999994 -76.492174434710009 -2.0999999999999992
decision_type=10 8 2 10 8 8 2 10 10 10 2 10
left_child=4 -2 8 -4 9 7 -7 -6 -3 10 -1 -11
right_child=1 2 3 -5 5 6 -8 -9 -10 11 -12 -13
leaf_value=0.0016592169570699325 0.0090428787115480625 -0.0070838473878307917 0.0023600397137397244 -0.00036469939425507847 -0.0035023032655583874 -0.0048499136450869404 0.0059991283172895031 -0.0098217132665482688 -0.00035433959992292531 0.0054345573984907001 -0.0050041179053732015 0.0010478823682227181
leaf_weight=18.114448830485344 25.68290301412344 25.026032455265522 374.83722302317619 279.6761921942234 107.00213377922773 42.614152099937201 29.571807034313679 27.664541386067867 53.03951645642519 21.423327572643757 23.853660583496094 19.411497063934803
leaf_count=123 137 156 1899 1457 650 302 188 144 289 135 173 112
internal_value=0.00015513 0.00109635 0.000758352 0.00120181 -0.00228561 -0.003477 -0.000304768 -0.00510564 -0.00280821 0.000719159 -0.0022576 0.00369107
internal_weight=1047.92 758.262 732.579 654.513 289.656 206.853 72.186 134.667 78.0655 82.8029 41.9681 40.8348
internal_count=5765 3938 3801 3356 1827 1284 490 794 445 543 296 247
is_linear=0
shrinkage=0.03


Tree=307
num_leaves=8
num_cat=0
split_feature=5 4 0 3 1 1 5
split_gain=1.00105 1.2872 1.17273 1.10182 1.30388 1.19683 1.03162
threshold=-1.2763772599999998 -2.2999999999999989 -4.8856707886660606 1.7000000000000004 0.30000000000000016 -2.2999999999999994 -0.84598914999999975
decision_type=8 8 2 8 10 10 8
left_child=-1 2 6 4 -3 -5 -2
right_child=1 3 -4 5 -6 -7 -8
leaf_value=-0.0051243853306897364 0.0045061831055573072 -0.0013990231911691271 0.0075057712636675839 0.00051118903082935502 0.001152762463677387 0.0096823729872406311 -0.004163559479304745
leaf_weight=26.974897302687168 19.783177711069584 448.54781429842114 35.38129597902298 34.830859929323196 294.35204809531569 15.822349585592745 19.636591598391533
leaf_count=182 119 2755 205 337 1955 91 121
internal_value=8.98243e-05 0.000280211 0.00391216 -8.44919e-05 -0.000387006 0.00398846 0.0002049
internal_weight=895.329 868.354 74.8011 793.553 742.9 50.6532 39.4198
internal_count=5765 5583 445 5138 4710 428 240
is_linear=0
shrinkage=0.03


Tree=308
num_leaves=10
num_cat=0
split_feature=0 6 5 5 6 4 3 0 3
split_gain=2.745 1.63565 1.41638 2.35252 1.29952 1.18484 1.16907 1.64702 1.57536
threshold=108.28656482175838 -0.47186619999999996 -0.32142719999999991 -0.058125399999999876 -0.15754066000000008 1.0000000180025095e-35 0.20000000000000001 41.990827471578434 0.90000000000000036
decision_type=2 8 8 10 10 10 10 2 10
left_child=1 5 -2 -4 -5 -1 7 -3 -8
right_child=2 6 3 4 -6 -7 8 -9 -10
leaf_value=-2.9192222436147027e-05 0.0029115298359213269 0.0044637264532685402 -0.011450955899045764 -7.4316572647812522e-05 -0.0056352020601779639 -0.0073970230820163008 -0.0017770300306248965 4.6521112355551651e-05 0.0022865646957833312
leaf_weight=42.082162693142891 25.252727776765823 161.58914767950773 28.727370668202639 86.121259525418282 62.627958875149488 31.906145066022873 202.63354630023241 139.85627215355635 141.41228565573692
leaf_count=233 153 788 212 863 541 209 1052 990 724
internal_value=-0.000263383 0.0006098 -0.00330236 -0.00424208 -0.00252274 -0.00347355 0.00110095 0.00244855 -9.79524e-05
internal_weight=922.209 719.48 202.729 177.477 148.749 73.9883 645.491 301.445 344.046
internal_count=5765 3996 1769 1616 1404 442 3554 1778 1776
is_linear=0
shrinkage=0.03


Tree=309
num_leaves=8
num_cat=0
split_feature=5 3 7 5 2 4 4
split_gain=2.73569 1.80251 1.76942 1.80164 0.746989 0.903944 0.313584
threshold=1.1037032000000002 -1.0999999999999994 -2.4999999999999996 -0.63059379999999987 -0.20000000000000001 0.59999999999999987 3.100000000000001
decision_type=10 8 10 10 10 10 10
left_child=1 4 -3 -4 -1 -6 -2
right_child=6 2 3 -5 5 -7 -8
leaf_value=0.0074590953533211464 0.0091103100728586722 0.0050960807787732276 -0.0039564014047944575 -0.0005621482359538765 -0.0024131227013159898 0.0046134438439590468 0.0029949856443278128
leaf_weight=24.736943371593952 22.073124818503857 36.815667793154716 170.30192439630628 725.87386139854789 26.423069395124912 30.490725234150887 20.48156750202179
leaf_count=122 123 227 1131 3803 134 162 126
internal_value=-0.000243504 -0.000570407 -0.000950252 -0.00122554 0.00357432 0.00141982 0.00679137
internal_weight=1057.2 1014.64 932.991 896.176 81.6507 56.9138 42.5547
internal_count=5828 5579 5161 4934 418 296 249
is_linear=0
shrinkage=0.03


Tree=310
num_leaves=8
num_cat=0
split_feature=5 4 4 1 5 5 1
split_gain=2.11958 1.81517 1.59389 4.02945 1.80124 2.57799 1.61593
threshold=0.98392210000000013 2.2000000000000011 -2.899999999999999 -1.0999999999999996 -0.8571783999999999 -0.64769613999999975 -1.0999999999999996
decision_type=10 10 8 10 8 8 10
left_child=2 -2 3 -1 6 -6 -4
right_child=1 -3 4 -5 5 -7 -8
leaf_value=-0.0024230669851689076 -0.012063631613443039 4.6430213599590849e-05 0.0012921805026067069 0.012415488153556701 0.0073227821634960508 0.00064164040899265307 -0.0090353616335571169
leaf_weight=27.992800816893578 15.745564699172972 23.975075151771307 22.433755896985531 30.743600524961948 51.244515001773834 706.21794347092509 25.893456868827343
leaf_count=176 118 220 137 178 299 4537 163
internal_value=0.000813242 -0.00556614 0.00113666 0.00570836 0.000770272 0.0011387 -0.0045696
internal_weight=904.247 39.7206 864.526 58.7364 805.79 757.462 48.3272
internal_count=5828 338 5490 354 5136 4836 300
is_linear=0
shrinkage=0.03


Tree=311
num_leaves=12
num_cat=0
split_feature=0 0 3 0 1 4 6 6 6 4 4
split_gain=1.6584 2.12117 2.09248 1.91097 1.38846 1.03511 0.784476 1.14103 0.783258 0.782528 0.393114
threshold=107.26824786540602 95.547564913199167 -0.29999999999999999 65.58766876492065 -1.0000000180025095e-35 2.5000000000000009 0.12028509999999994 0.32771530000000004 -0.082801099999999669 1.7000000000000006 3.100000000000001
decision_type=2 2 8 2 10 8 10 10 10 10 10
left_child=1 2 3 -1 -4 6 9 -8 -3 -2 -7
right_child=5 8 4 -5 -6 10 7 -9 -10 -11 -12
leaf_value=-0.0010879129924044849 -0.0015857921412739382 0.010288826037379005 -0.00019731841256597803 -0.0086557462352535187 0.0034020046553518836 -0.010304510791584129 -0.009824312867315289 -0.00065093811151724194 0.0014763708281923642 0.0042089348411419895 -0.0030612898557402079
leaf_weight=98.886730059981346 102.84720633924007 19.054524831473827 434.19332460314035 39.273247644305229 118.82928600162268 15.978408247232435 18.238778948783875 27.31937837600708 17.707475364208221 21.087290477007627 18.988546393811703
leaf_count=518 871 141 2329 278 645 168 136 180 113 219 230
internal_value=-0.000512893 0.000162886 -0.000232167 -0.00346632 0.00059963 -0.00286535 -0.00177983 -0.0049318 0.00672902 -0.000474842 -0.00724619
internal_weight=932.404 727.945 691.183 138.16 553.023 204.46 169.493 45.5582 36.762 123.934 34.967
internal_count=5828 4024 3770 796 2974 1804 1406 316 254 1090 398
is_linear=0
shrinkage=0.03


Tree=312
num_leaves=8
num_cat=0
split_feature=0 5 2 5 4 4 2
split_gain=1.75497 2.46915 1.72519 1.60408 1.63283 2.28561 1.95644
threshold=-46.89991175851889 -0.8571783999999999 -0.20000000000000001 -0.95888639999999992 -1.1999999999999993 -0.79999999999999993 0.19999999999999987
decision_type=2 8 10 8 8 8 10
left_child=1 -1 -3 -2 6 -6 -5
right_child=3 2 -4 4 5 -7 -8
leaf_value=0.0026482041560297242 -0.0054663094813378246 -0.010078668290154632 -4.2755231300391641e-05 0.004661010106276715 -0.006174435342866773 0.00045702399288490925 -0.0034786056809623192
leaf_weight=33.708148330450058 35.573139794170856 43.726512730121613 22.612459480762482 141.79019413143396 45.103446491062641 699.42164641618729 28.60416068136692
leaf_count=232 234 301 132 785 233 3717 145
internal_value=-3.0018e-05 -0.00371045 -0.00690056 0.000374767 0.000630351 1.67801e-05 0.0032344
internal_weight=1050.54 100.047 66.339 950.493 914.919 744.525 170.394
internal_count=5779 665 433 5114 4880 3950 930
is_linear=0
shrinkage=0.03


Tree=313
num_leaves=9
num_cat=0
split_feature=3 6 7 1 3 3 3 1
split_gain=0.671785 1.38266 1.59907 2.41141 0.903281 1.37862 0.981808 0.361328
threshold=1.3000000000000005 0.57033750000000005 -1.0000000180025095e-35 -0.39999999999999997 0.19999999999999987 -1.0999999999999994 0.30000000000000016 -1.4999999999999998
decision_type=10 10 10 10 10 8 10 10
left_child=1 4 -3 -4 5 -1 -6 -2
right_child=7 2 3 -5 6 -7 -8 -9
leaf_value=-0.0023535047221492724 4.7935937660617161e-05 -0.008136014444101225 0.0033462935964735838 -0.0064423195840215631 -0.0036561479836181481 0.0021284621332321348 0.00038576317131100435 0.0048165789293836154
leaf_weight=68.830766007304192 21.094104781746864 30.801061928272247 52.500519290566444 32.410433202981949 70.178404584527016 393.0168633274734 189.97362173348665 40.076157331466675
leaf_count=478 133 198 329 201 447 2623 1137 233
internal_value=0.0003897 0.000158867 -0.00281558 -0.000540494 0.000651655 0.00144245 -0.000752963 0.00330003
internal_weight=898.882 837.712 115.712 84.911 722 461.848 260.152 61.1703
internal_count=5779 5413 728 530 4685 3101 1584 366
is_linear=0
shrinkage=0.03


Tree=314
num_leaves=11
num_cat=0
split_feature=0 5 7 0 1 0 4 5 4 5
split_gain=2.58094 2.24712 1.91665 1.25562 1.62442 1.57069 1.22113 1.46725 1.12438 0.197631
threshold=-46.89991175851889 -0.87000539999999982 -1.0000000180025095e-35 68.596109686953255 -0.19999999999999996 -9.0548593139521909 3.9000000000000008 0.95970244000000016 -2.2999999999999989 -0.50491829999999982
decision_type=2 8 8 2 8 2 8 10 10 10
left_child=1 -1 -3 4 8 -6 7 -5 -2 -4
right_child=3 2 9 6 5 -7 -8 -9 -10 -11
leaf_value=-0.001826653201062797 -0.0054668092341014964 -0.00016535647086468125 0.010669144998143582 -0.0024487564556643217 -0.0040900319140941277 0.0035535960339352166 -0.0084428434012659547 0.0044900107625743674 -0.00047971353680008257 0.0054647904981959677
leaf_weight=51.048258624970913 45.160417810082436 33.717141188681126 31.188247635960579 293.585245128721 24.661630116403103 140.74418018013239 23.014238804578781 25.61782219260931 221.89503850787878 35.037954390048981
leaf_count=225 248 144 144 2260 109 819 240 258 1180 152
internal_value=-0.000344437 0.00318039 0.00570303 -0.00104745 3.09442e-05 0.00232738 -0.00239103 -0.00183122 -0.00140803 0.00849261
internal_weight=925.67 150.992 99.9433 774.679 432.461 165.406 342.217 319.203 267.055 66.2262
internal_count=5779 665 440 5114 2356 928 2758 2518 1428 296
is_linear=0
shrinkage=0.03


Tree=315
num_leaves=7
num_cat=0
split_feature=6 2 6 3 6 6
split_gain=1.3426 1.05814 1.6782 0.993862 1.02263 0.910063
threshold=1.0561405000000001 1.3000000000000005 -0.26393489999999997 -1.0999999999999994 0.83448470000000008 -0.80451119999999965
decision_type=10 10 10 8 10 10
left_child=1 3 -3 5 -5 -1
right_child=-2 2 -4 4 -6 -7
leaf_value=-0.00080635663224179618 -0.0050911427111458253 0.0076087516990730984 -0.00099347355182633802 -0.00040423270332733932 0.0042138900760209947 0.0054555085557917082
leaf_weight=31.282580360770226 36.395195629447699 39.659660845994949 35.699318051338196 829.61454483866692 40.515101552009583 51.596032425761223
leaf_count=157 234 234 178 4536 238 267
internal_value=0.00020803 0.0004193 0.00372542 0.000139791 -0.000166356 0.00318056
internal_weight=1064.76 1028.37 75.359 953.008 870.13 82.8786
internal_count=5844 5610 412 5198 4774 424
is_linear=0
shrinkage=0.03


Tree=316
num_leaves=6
num_cat=0
split_feature=5 4 4 1 2
split_gain=0.922235 1.27441 0.949863 1.20949 1.05555
threshold=-1.2763772599999998 -2.899999999999999 -1.4999999999999996 -0.90000000000000002 -0.29999999999999999
decision_type=8 8 8 10 8
left_child=-1 -2 3 -3 -4
right_child=1 2 4 -5 -6
leaf_value=-0.0047796303250656931 0.0053894264450400752 0.0015442185512175891 0.0023404419070277224 -0.0044617905034299498 -0.00025256935934206496
leaf_weight=28.901264496147633 36.583637781441212 43.594971515238285 186.74378129467368 80.039167053997517 533.95206258818507
leaf_count=191 217 276 1133 489 3538
internal_value=7.68824e-05 0.000262293 9.72144e-06 -0.00236629 0.000430817
internal_weight=909.815 880.914 844.33 123.634 720.696
internal_count=5844 5653 5436 765 4671
is_linear=0
shrinkage=0.03


Tree=317
num_leaves=12
num_cat=0
split_feature=0 1 2 6 0 6 3 2 2 1 0
split_gain=2.42525 1.94306 1.72877 1.71008 1.28935 0.666619 0.510263 0.982747 1.11413 0.244341 0.0677408
threshold=153.08004332896056 1.1000000000000003 0.70000000000000018 -0.029897959999999942 -138.53067040424625 -0.34220479999999992 -0.39999999999999997 0.59999999999999998 1.3000000000000005 1.0000000180025095e-35 187.61090832684184
decision_type=2 10 10 10 2 10 8 10 10 8 2
left_child=1 2 4 -4 -1 -3 7 -2 -9 -8 -11
right_child=6 5 3 -5 -6 -7 9 8 -10 10 -12
leaf_value=0.0060737851145374463 -0.0063687851271820072 0.0020212532062402018 -0.0097869108371740655 -0.0003669745454082587 5.6440389805538117e-05 0.010182514481599582 -0.002119533721048257 0.0051810494760054374 -0.0048298495183927677 -0.0041194958648375678 -0.0097279188092863483
leaf_weight=28.593486741185188 23.132621098309755 20.565220471471548 26.487772740423679 39.523142408579588 698.92428887635469 17.005265038460493 12.947628390043972 19.383524682372812 12.147721715271471 15.628547761589287 18.561210919171572
leaf_count=115 239 149 185 238 4018 114 115 201 144 137 189
internal_value=-0.000312267 0.000233232 -0.000101108 -0.00456982 0.000332783 0.00647732 -0.00456812 -0.00227373 0.00119107 -0.00675564 -0.00801691
internal_weight=932.9 831.099 793.529 66.0109 727.518 37.5705 101.801 54.6639 31.5312 47.1374 34.1898
internal_count=5844 4819 4556 423 4133 263 1025 584 345 441 326
is_linear=0
shrinkage=0.03


Tree=318
num_leaves=9
num_cat=0
split_feature=4 1 5 1 1 6 1 5
split_gain=1.54419 1.04969 1.44724 3.23189 2.26256 1.08489 0.725703 0.114712
threshold=-3.7999999999999989 0.50000000000000022 1.0000000180025095e-35 0.30000000000000016 0.20000000000000001 -0.86103169999999996 1.5000000000000002 0.46816260000000004
decision_type=8 10 10 10 10 10 10 10
left_child=-1 2 3 -2 -4 7 -7 -3
right_child=1 5 4 -5 -6 6 -8 -9
leaf_value=-0.0067613439469709881 0.00061141491553663621 0.0042549154436707839 0.0010302487900568755 -0.009172606127716464 0.0072579327310967647 -0.0025401460511404838 0.0018260596660898301 0.0011274740371275227
leaf_weight=23.362655065953732 414.80568877235055 21.987576685845852 203.83738780766726 27.756775930523872 66.757251128554344 221.12712831050158 36.669721893966198 25.531344629824162
leaf_count=163 2459 108 1045 148 324 1126 207 149
internal_value=0.000144582 0.000335253 0.00096382 -9.78401e-05 0.00267046 -0.00112483 -0.00189616 0.00284189
internal_weight=1041.84 1018.47 713.157 442.562 270.595 305.316 257.797 47.5189
internal_count=5729 5566 3976 2607 1369 1590 1333 257
is_linear=0
shrinkage=0.03


Tree=319
num_leaves=13
num_cat=0
split_feature=1 5 4 5 5 4 5 0 5 1 4 5
split_gain=0.666368 1.24861 2.67159 1.13301 1.11248 1.10645 1.47611 1.30383 1.09114 1.24414 0.856996 0.617559
threshold=0.30000000000000016 0.66847429999999997 1.2000000000000008 -0.44394580000000006 0.27509800000000006 1.4000000000000001 0.51530950000000009 133.20175085592487 0.98392210000000013 1.1000000000000003 3.100000000000001 -0.39588479999999987
decision_type=8 10 10 8 10 10 10 2 10 10 8 10
left_child=5 2 3 -2 -4 7 -7 11 9 -3 -10 -1
right_child=1 8 4 -5 -6 6 -8 -9 10 -11 -12 -13
leaf_value=0.00047916577971380533 -0.0042357314539910439 0.010450535868546345 0.00043956415772079647 0.0023479983263609257 -0.0085012757698304953 0.0067758178960508749 -0.0028297505659289879 -0.0061118135238073384 -0.0042465646154636249 0.00071052414662530579 0.0043812912635058238 -0.0016816849240801014
leaf_weight=219.39399262517691 22.336390875279903 27.316559374332428 17.463102675974369 178.29686672240496 35.423405554145575 32.840485267341137 19.643256071954966 38.648132681846619 17.040201988071203 19.817525845021009 14.563527252525093 250.74298361688852
leaf_count=1322 133 176 116 1208 255 199 132 233 143 142 130 1540
internal_value=-8.27674e-05 0.000973416 -7.42126e-05 0.00152987 -0.00576605 -0.000711077 0.00324728 -0.00114703 0.00414959 0.00681625 -0.000215323 -0.000678872
internal_weight=893.526 332.258 253.52 200.633 52.8865 561.269 52.4837 508.785 78.7378 47.1341 31.6037 470.137
internal_count=5729 2303 1712 1341 371 3426 331 3095 591 318 273 2862
is_linear=0
shrinkage=0.03


Tree=320
num_leaves=13
num_cat=0
split_feature=7 3 1 3 6 3 6 2 1 2 3 3
split_gain=1.2105 1.97777 1.57263 1.46996 1.27672 1.38457 1.77745 1.06499 1.01992 0.702343 0.538874 0.442909
threshold=-1.0000000180025095e-35 1.3000000000000005 -0.69999999999999973 0.20000000000000015 -0.47186619999999996 -0.69999999999999973 -0.76114609999999994 -0.89999999999999991 0.90000000000000036 0.20000000000000001 0.4000000000000003 0.20000000000000001
decision_type=8 8 10 10 8 10 10 8 10 10 10 10
left_child=1 2 10 -4 5 6 -2 11 -9 -7 -1 -6
right_child=4 -3 3 -5 7 9 -8 8 -10 -11 -12 -13
leaf_value=-0.00016371955104662825 -0.00058310679161507895 -0.0089323964937704191 -0.00057244532564998006 -0.006739183968083008 0.0057584078318717079 0.0038103526871450812 -0.011864581437445728 -5.3104389488360772e-05 0.0043613674947170942 -0.0025346976821422462 0.0053298894816487686 0.001884978246247561
leaf_weight=26.504301235079765 27.134371463209391 26.030300982296467 124.93229649588466 43.802200265228748 47.664584614336491 28.149033918976784 19.331159893423319 399.75266515463591 48.377372842282057 25.133569829165936 34.71515529602766 69.194774977862835
leaf_count=133 229 160 851 255 247 182 152 2422 385 209 166 338
internal_value=-8.31616e-05 -0.0018159 -0.000837384 -0.00232116 0.000592676 -0.00245815 -0.00597326 0.00114813 0.000466321 0.000856688 0.00311871 0.00363632
internal_weight=920.722 255.984 229.954 168.734 664.738 99.7481 46.4655 564.989 448.13 53.2826 61.2195 116.859
internal_count=5729 1565 1405 1106 4164 772 381 3392 2807 391 299 585
is_linear=0
shrinkage=0.03


Tree=321
num_leaves=8
num_cat=0
split_feature=2 7 6 6 4 6 3
split_gain=1.94964 1.43554 1.84228 1.04179 0.661504 1.05697 0.171359
threshold=-1.0999999999999994 -3.4999999999999996 1.0221626000000004 0.82035740000000024 -1.4999999999999996 0.66643390000000025 0.30000000000000016
decision_type=8 10 10 10 10 10 10
left_child=4 -2 3 -3 5 6 -1
right_child=1 2 -4 -5 -6 -7 -8
leaf_value=-0.0050472115337046215 0.0061755829231081669 -0.00028057727022394577 -0.0070608309047265122 0.0047486392635412451 -0.0008427637005511986 2.5923521199027302e-05 -0.01083581647633342
leaf_weight=27.061540924012661 26.546782486140728 872.06472364813089 30.234313372522593 33.706932991743088 33.608045175671577 18.608480390161276 19.795102447271347
leaf_count=172 173 4650 190 184 205 140 135
internal_value=-0.000542519 -0.000120141 -0.000330564 -6.83807e-05 -0.00444324 -0.00610067 -0.00830167
internal_weight=1061.63 962.553 936.006 905.772 99.0732 65.4651 46.8566
internal_count=5849 5197 5024 4834 652 447 307
is_linear=0
shrinkage=0.03


Tree=322
num_leaves=9
num_cat=0
split_feature=2 2 5 5 3 5 6 6
split_gain=1.01627 1.4192 0.843607 1.5526 2.23956 1.16135 0.437441 0.910439
threshold=1.1000000000000003 1.7000000000000004 -1.2763772599999998 -0.90813809999999984 0.59999999999999998 -0.34920470000000009 -0.54726275999999985 0.021690400000000002
decision_type=10 10 8 8 10 8 10 10
left_child=2 6 -1 4 -4 -5 -2 -8
right_child=1 -3 3 5 -6 -7 7 -9
leaf_value=-0.0037788865260502294 -0.00065548734781870673 0.0033429032329831505 -6.8529849852847161e-05 -0.001128173458702756 0.012040785836165918 0.0015163886111900411 -0.010242153658805177 -0.0011356365885214304
leaf_weight=27.398168213665485 17.074975926429033 22.754104696214199 27.113019682466984 199.73350302875042 22.763666726648808 554.9809204004705 20.321520607918501 18.494388990104198
leaf_count=182 138 188 167 1180 135 3591 156 112
internal_value=0.000677259 -0.00248334 0.000989069 0.00117376 0.00605167 0.000813692 -0.00493502 -0.00652795
internal_weight=910.634 78.645 831.989 804.591 49.8767 754.714 55.8909 38.8159
internal_count=5849 594 5255 5073 302 4771 406 268
is_linear=0
shrinkage=0.03


Tree=323
num_leaves=9
num_cat=0
split_feature=5 0 1 6 0 5 6 1
split_gain=2.17702 1.83477 2.31485 2.63802 1.95886 1.69585 0.78754 0.820518
threshold=0.46816260000000004 190.55601092403131 0.90000000000000036 0.26209210000000027 110.78411692301917 0.54062140000000036 0.22606660000000015 0.19999999999999987
decision_type=8 2 10 10 2 8 10 8
left_child=1 2 3 -1 -4 -2 7 -7
right_child=5 -3 4 -5 -6 6 -8 -9
leaf_value=-0.0012607080415210669 -0.0099995154883191859 -0.0071154104599900781 0.011974476760877482 0.0024154341607322393 -6.0841678957802052e-05 0.0044493186860139209 -0.0066910329814982329 -0.0017668105029137544
leaf_weight=370.37793234363198 22.04830014705658 21.534969799220562 25.151978105306625 325.53038422390819 20.325292270630598 17.96686701849103 19.380925659090281 111.52574993297458
leaf_count=2168 177 202 145 1647 162 140 146 1062
internal_value=-4.41575e-05 0.00064569 0.000917282 0.000463873 0.00712228 -0.00305417 -0.00173406 -0.000770987
internal_weight=933.842 762.921 741.386 695.908 45.4773 170.922 148.874 129.493
internal_count=5849 4324 4122 3815 307 1525 1348 1202
is_linear=0
shrinkage=0.03


Tree=324
num_leaves=14
num_cat=0
split_feature=7 7 0 0 0 0 4 3 2 5 5 4 4
split_gain=1.16294 1.53736 1.94049 1.74859 3.17948 1.32766 2.71875 2.20535 1.63321 1.26515 1.25931 1.11994 1.07776
threshold=-1.0000000180025095e-35 1.0000000180025095e-35 204.64400509356247 170.02748405157311 139.88179913083016 65.024210412877451 -0.40000000000000008 1.0000000180025095e-35 -1.0000000180025095e-35 0.48903389999999985 -0.2993597999999999 0.19999999999999987 -0.19999999999999993
decision_type=10 10 2 2 2 2 8 10 10 10 10 10 8
left_child=5 2 10 4 -3 6 7 -1 12 -10 -2 -8 -7
right_child=1 3 -4 -5 -6 8 11 -9 9 -11 -12 -13 -14
leaf_value=-0.0026351198414369345 -0.0041391873586351475 0.0011813463731855458 0.0048477695374516275 -0.0038098414594335108 0.011940190600789767 0.0027733334476452514 -0.0085874474923975982 0.0074231990017729474 -0.0013359106044534982 0.0049711594887597247 -0.00071113297845302819 -0.0009247031320400019 0.011991165043262383
leaf_weight=28.558955933898687 147.23197699338198 227.38687942922115 36.687922969460487 44.25542575865984 22.965480469167233 24.946951232850552 27.057893611490726 45.976909078657627 59.596160046756268 47.344621881842613 270.49093759059906 39.927157260477543 24.627585008740425
leaf_count=161 921 1247 185 223 112 116 181 287 303 251 1436 198 140
internal_value=0.000363322 -0.000269419 -0.00135812 0.00140446 0.00238276 0.00193172 -0.000183318 0.0036459 0.00379061 0.00155367 -0.00195406 -0.00440147 0.00803162
internal_weight=1047.05 749.019 454.411 294.608 250.352 298.036 141.521 74.5359 156.515 106.941 417.723 66.9851 49.5745
internal_count=5761 4124 2542 1582 1359 1637 827 448 810 554 2357 379 256
is_linear=0
shrinkage=0.03


Tree=325
num_leaves=11
num_cat=0
split_feature=1 3 4 4 3 1 3 1 6 6
split_gain=1.00678 2.42145 1.70777 1.83996 1.25774 1.18549 2.31834 1.17242 1.06088 0.863055
threshold=0.30000000000000016 -0.69999999999999973 -0.19999999999999993 -1.4999999999999996 -0.59999999999999964 1.1000000000000003 -0.19999999999999982 1.0000000180025095e-35 -0.39403079999999996 -0.17267269999999987
decision_type=10 8 10 10 8 10 10 10 10 10
left_child=1 -1 3 -2 -3 6 -4 -6 -5 -7
right_child=2 4 5 8 7 9 -8 -9 -10 -11
leaf_value=-0.0078615683265449397 -0.002535330287075083 0.0060460835715949492 0.0045164936690055219 0.0016278889290316627 -3.4945877199264918e-05 -0.0048550132698401407 -0.0030833118292434335 -0.0047686165071009756 0.0099481044988807294 0.0015030343689982971
leaf_weight=34.513098642230034 20.006129540503025 22.837858349084854 88.977562841027975 22.958843499422073 486.09350053966045 53.560656156390905 54.27355745062232 47.150471277534962 40.880109526216984 25.713782966136932
leaf_count=222 117 143 584 136 3080 423 334 291 250 181
internal_value=3.75894e-05 -0.000685318 0.00141978 0.00493595 -0.000173838 1.55645e-05 0.00163028 -0.000493916 0.00729142 -0.00282587
internal_weight=896.966 590.595 306.371 83.8451 556.082 222.526 143.251 533.244 63.839 79.2744
internal_count=5761 3736 2025 503 3514 1522 918 3371 386 604
is_linear=0
shrinkage=0.03


Tree=326
num_leaves=13
num_cat=0
split_feature=5 3 3 1 5 5 2 5 5 7 2 2
split_gain=1.54245 1.17847 1.5041 0.989542 1.8979 4.08406 0.873031 0.861237 1.1081 0.937181 0.759553 0.244434
threshold=-0.59220759999999995 -0.39999999999999997 0.20000000000000007 1.1000000000000003 0.63875660000000012 0.23865940000000022 -1.6999999999999995 0.36126109999999995 0.28973579999999982 -1.0000000180025095e-35 1.3000000000000005 -0.89999999999999991
decision_type=10 8 8 10 10 10 8 10 10 10 10 10
left_child=1 -1 11 7 5 -5 -4 8 -2 -9 -6 -3
right_child=3 2 6 4 10 -7 -8 9 -10 -11 -12 -13
leaf_value=-0.0039274249647195756 -0.0013657006044291726 0.0082847005062864493 0.0055152685311591881 -0.0034193487253394122 0.001366217263486419 0.013361987583633621 -0.00026337678620715006 -0.0077109962228069217 0.0044740753416746522 -0.0019738941396118155 -0.0069121402253148638 0.0034511622688688016
leaf_weight=26.406496427953243 446.24840718507767 27.836951732635498 23.382543243467808 21.494678009301424 15.719865236431358 22.846260350197554 135.31911212578416 33.998167220503092 26.434481792151928 90.732192404568195 16.990083392709494 30.668261252343655
leaf_count=132 2576 140 114 156 152 191 798 270 174 725 188 145
internal_value=-0.000450817 0.00157423 0.00231641 -0.00118846 0.00192315 0.00570493 0.000730479 -0.0016024 -0.000995702 -0.0037746 -0.00328005 0.00622219
internal_weight=918.078 243.613 217.207 674.464 77.0509 44.3409 158.702 597.413 472.683 124.73 32.7099 58.5052
internal_count=5761 1329 1197 4432 687 347 912 3745 2750 995 340 285
is_linear=0
shrinkage=0.03


Tree=327
num_leaves=8
num_cat=0
split_feature=0 1 3 4 1 4 2
split_gain=1.08915 1.74081 1.04668 1.89117 1.5609 0.589757 0.0792965
threshold=-103.14537568836055 -1.4999999999999998 0.90000000000000036 0.80000000000000004 0.50000000000000022 -1.5999999999999999 -1.0999999999999994
decision_type=2 8 10 10 10 10 8
left_child=6 5 4 -4 -3 -2 -1
right_child=1 2 3 -5 -6 -7 -8
leaf_value=-0.0060466450500258348 0.0094971500317234114 0.0013293576988359934 -0.0053511970277760907 0.0038185893930939652 -0.0012971476387418225 0.0016277334808681668 -0.0022721505403751107
leaf_weight=17.62849385291338 18.912781730294228 581.78191510587931 67.413860879838467 24.001200839877129 307.16963590681553 17.226677313446999 18.955190770328045
leaf_count=125 137 3179 413 121 1589 114 125
internal_value=0.000161028 0.000354024 9.98164e-05 -0.00287048 0.000419612 0.00639975 -0.00459931
internal_weight=1053.09 1016.51 980.367 91.4151 888.952 36.1395 36.5837
internal_count=5803 5553 5302 534 4768 251 250
is_linear=0
shrinkage=0.03


Tree=328
num_leaves=10
num_cat=0
split_feature=6 4 6 1 6 6 7 4 4
split_gain=1.33901 1.48975 0.837839 1.1873 0.82466 2.24525 0.966286 0.82333 0.206946
threshold=0.57033750000000005 -2.899999999999999 1.1791412000000003 -0.39999999999999997 0.083343199999999965 0.14620540000000007 -1.0000000180025095e-35 -1.1999999999999993 0.19999999999999987
decision_type=8 10 10 10 10 10 10 8 10
left_child=1 -1 3 7 6 -6 -3 -2 -5
right_child=2 4 -4 8 5 -7 -8 -9 -10
leaf_value=0.006678304722699824 0.0021000047366782986 -0.0022185579426112268 0.0028629279148178997 -0.008231337200437493 0.0080760125672596026 0.00072425428148371667 0.00086385419938169524 -0.0027412691673575334 -0.0030463335464418202
leaf_weight=35.694303810596466 47.81588789075613 123.30927754193544 26.947301924228668 24.215633764863014 41.693419441580772 193.81471472978592 314.32538899034262 74.673499703407288 21.063675530254841
leaf_count=207 315 817 138 152 244 1192 2029 571 138
internal_value=0.00049324 0.00109836 -0.00168195 -0.00247368 0.000755413 0.00216662 -1.99058e-05 -0.000843152 -0.00636211
internal_weight=903.553 708.837 194.716 167.769 673.143 235.508 437.635 122.489 45.2793
internal_count=5803 4489 1314 1176 4282 1436 2846 886 290
is_linear=0
shrinkage=0.03


Tree=329
num_leaves=13
num_cat=0
split_feature=0 4 4 6 3 1 2 1 0 4 4 3
split_gain=1.53934 1.43532 2.11464 1.80094 1.7157 1.2954 2.0526 1.61448 0.957218 1.08878 0.821588 0.60243
threshold=26.532211263730918 -0.19999999999999948 -0.40000000000000008 0.5899156000000001 0.30000000000000016 1.1000000000000003 0.49999999999999994 1.7000000000000004 133.20175085592487 -1.8999999999999999 0.29999999999999988 0.4000000000000003
decision_type=2 10 8 10 10 10 10 10 2 8 8 10
left_child=1 2 4 11 -1 8 -7 -8 9 -2 -10 -3
right_child=5 3 -4 -5 -6 6 7 -9 10 -11 -12 -13
leaf_value=0.0035953307537266257 -0.0062012946006368575 -0.0021322023818823276 0.0088302264906843942 0.0039542507840155125 -0.0011197823751228407 -0.0069870325021859445 0.0074172118652001467 -0.0026695822096116026 -0.0012469510685979483 -0.00098454003372647138 -0.0071538116870875513 -0.0078134715902175751
leaf_weight=114.18138705193996 36.008861720561981 45.38872018456459 28.783057391643524 25.922514483332634 162.39449919760227 13.674197822809218 40.580050993710756 17.707607928663492 36.50300133228302 323.81274237856269 55.326894193887711 28.063288368284702
leaf_count=533 206 214 137 123 766 114 352 188 290 2203 540 137
internal_value=-0.000662687 0.00072208 0.00173787 -0.00233297 0.000856079 -0.00172977 0.00190978 0.00438406 -0.00232422 -0.00158444 -0.00499143 -0.00466244
internal_weight=928.347 404.733 305.359 99.3745 276.576 523.613 71.9619 58.2877 451.651 359.822 91.8299 73.452
internal_count=5803 1910 1436 474 1299 3893 654 540 3239 2409 830 351
is_linear=0
shrinkage=0.03


Tree=330
num_leaves=8
num_cat=0
split_feature=0 7 4 6 0 5 6
split_gain=2.65703 1.69026 1.64751 1.36263 1.21992 1.52712 0.91339
threshold=-116.44825007957193 -1.0000000180025095e-35 -2.899999999999999 -0.80451119999999965 119.82680697545915 -0.55013859999999981 -0.43558449999999987
decision_type=2 10 8 8 2 10 10
left_child=-1 4 -3 -4 5 -2 -6
right_child=1 2 3 -5 6 -7 -8
leaf_value=-0.0084300051224555621 0.0048491021492062048 -0.0068381419886056477 -0.0042824176892136377 0.00029179544654933117 0.0086070244746933467 -0.000695007308882718 0.0022504541160092797
leaf_weight=27.114659048616886 58.12070931121707 29.608012609183788 59.552387379109859 632.43084879219532 34.59143353998661 149.97700205817819 52.287670150399208
leaf_count=183 388 205 311 3449 184 793 247
internal_value=6.69738e-05 0.000333762 -0.000450178 -0.00012976 0.00222703 0.000930881 0.00511202
internal_weight=1043.68 1016.57 721.591 691.983 294.977 208.098 86.8791
internal_count=5760 5577 3965 3760 1612 1181 431
is_linear=0
shrinkage=0.03


Tree=331
num_leaves=9
num_cat=0
split_feature=7 6 6 5 0 5 0 0
split_gain=1.32983 2.54452 1.84929 2.14598 1.65131 1.47195 1.50704 1.00454
threshold=-1.0000000180025095e-35 -0.90154659999999998 -1.0715538999999994 0.34110469999999998 -72.867330530627541 -1.1869669999999999 -76.492174434710009 100.83029887636407
decision_type=10 8 10 10 2 8 2 2
left_child=2 -2 -1 4 -4 -3 -7 -5
right_child=1 5 3 7 -6 6 -8 -9
leaf_value=-0.0091002374121195891 0.0082130439349640521 0.0069369164569802709 0.0047487027440629784 0.0085506477836089709 -0.0035819208286216276 -0.0052680714252183371 0.00036812123260847416 0.00053316162736430492
leaf_weight=23.078400392085314 33.43546748906374 23.279150664806366 20.313752219080925 20.7236153408885 155.07327345386147 41.291799388825893 544.92851370573044 32.619646035134792
leaf_count=207 224 153 120 132 969 243 3480 232
internal_value=1.93683e-06 0.000726021 -0.00182498 -0.000911954 -0.00251217 0.000251818 -7.00723e-05 0.00411377
internal_weight=894.744 642.935 251.809 228.73 175.387 609.499 586.22 53.3433
internal_count=5760 4100 1660 1453 1089 3876 3723 364
is_linear=0
shrinkage=0.03


Tree=332
num_leaves=8
num_cat=0
split_feature=0 0 5 4 7 7 6
split_gain=1.87895 1.52228 2.01484 1.65334 1.36148 0.976926 0.308744
threshold=-122.17572730190214 196.21409288184194 0.82596779999999981 1.1000000000000001 -1.0000000180025095e-35 1.0000000180025095e-35 -0.23665630000000007
decision_type=2 2 10 10 10 8 8
left_child=-1 3 6 5 -5 -2 -3
right_child=1 2 -4 4 -6 -7 -8
leaf_value=0.0059738680956584345 0.0012304243453335622 -0.0047790996029304653 0.0022175747345716968 -0.0076017476585936517 -0.0010664931780544908 -0.0012460913381733287 -0.013234050509484415
leaf_weight=38.989877164363861 500.07937388494611 17.172642964869738 18.014802642166615 36.554881691932678 99.452197954058647 195.61767806485295 11.927932620048525
leaf_count=161 2894 188 211 270 747 1172 117
internal_value=-7.79976e-05 -0.000378773 -0.00535261 -6.67061e-05 -0.00303025 0.000530149 -0.00967697
internal_weight=917.809 878.82 47.1154 831.704 136.007 695.697 29.1006
internal_count=5760 5599 516 5083 1017 4066 305
is_linear=0
shrinkage=0.03


Tree=333
num_leaves=11
num_cat=0
split_feature=6 6 6 6 6 6 0 6 5 5
split_gain=2.42214 2.22643 1.53197 1.77343 2.27382 1.16097 1.84668 1.65821 1.07998 0.823975
threshold=-0.45236550000000014 -0.49904430000000005 -0.31749639999999985 -0.27129719999999996 -0.20407929999999982 -0.80451119999999965 166.38570992983321 -0.68627526999999977 0.35281210000000024 -0.065001300000000026
decision_type=10 10 10 10 10 8 2 8 10 10
left_child=1 5 8 -4 -5 6 -1 -7 9 -2
right_child=2 -3 3 4 -6 7 -8 -9 -10 -11
leaf_value=-0.0047647503926521268 -0.0029748040426069901 0.00997742536005977 0.0060208785707172689 -0.007593654863653332 -0.00058947629179070544 0.007805215146245722 0.003947541648661265 0.00077002214767021729 9.9600503534509463e-06 -0.010950893294672656
leaf_weight=54.342357493937016 27.891268193721771 24.106214262545109 28.562975309789181 39.691228397190571 647.14460233226418 36.797353930771351 30.10860413312912 112.9846810400486 26.281575761735439 24.467852123081684
leaf_count=272 144 122 149 204 3599 188 168 692 137 126
internal_value=-0.000358068 0.0021392 -0.00117885 -0.000724203 -0.00104619 0.00114085 -0.0016116 0.00269468 -0.00502426 -0.00733178
internal_weight=1052.38 258.339 794.04 715.399 686.836 234.233 84.451 149.782 78.6407 52.3591
internal_count=5801 1442 4359 3952 3803 1320 440 880 407 270
is_linear=0
shrinkage=0.03


Tree=334
num_leaves=8
num_cat=0
split_feature=5 4 5 4 2 4 4
split_gain=1.42494 2.9478 2.26197 1.08158 3.19592 2.07822 1.04765
threshold=0.98392210000000013 2.2000000000000011 0.74077770000000009 -2.899999999999999 -1.2999999999999996 -1.8 1.9000000000000001
decision_type=10 8 10 8 10 8 10
left_child=2 -2 3 4 -1 -5 -4
right_child=1 -3 6 5 -6 -7 -8
leaf_value=-0.0032680065372528043 -0.012976261425403387 0.0021714668351350561 0.010761360500674841 -0.0038298546995659058 0.0099278190396811083 0.00094886262422600853 0.0012876708267714303
leaf_weight=25.4673812687397 15.146519422531126 24.364221572875977 25.564754903316498 88.21178275346756 33.67444085329771 672.28213425725698 18.326852641999722
leaf_count=167 108 222 153 553 186 4266 146
internal_value=0.000805404 -0.00444079 0.00106963 0.000691269 0.00443369 0.000373171 0.00734187
internal_weight=903.038 39.5107 863.527 819.636 59.1418 760.494 43.8916
internal_count=5801 330 5471 5172 353 4819 299
is_linear=0
shrinkage=0.03


Tree=335
num_leaves=15
num_cat=0
split_feature=5 1 5 0 7 4 0 4 4 2 4 0 2 5
split_gain=2.65858 2.89406 3.45977 2.73491 1.95372 2.98181 1.41469 2.05441 1.39373 0.851246 0.79001 1.58986 0.612751 0.170906
threshold=0.23865940000000022 1.1000000000000003 0.63875660000000012 71.526719091711939 1.0000000180025095e-35 0.29999999999999988 162.66220284450563 0.39999999999999974 -0.99999999999999978 1.1000000000000003 -2.2999999999999989 -86.584635465982146 -0.20000000000000001 0.72670800000000024
decision_type=8 10 10 2 10 10 2 8 10 10 10 2 10 10
left_child=3 6 -3 10 5 -5 7 -2 -6 -4 11 -1 -12 -8
right_child=1 2 9 4 8 -7 13 -9 -10 -11 12 -13 -14 -15
leaf_value=0.0044171895035956671 -0.008522029658397292 0.011012789438863951 0.0022875846872473845 0.0028382461723744823 -0.012517955531763773 -0.0068375471814415487 -0.012296439783114567 -0.0012702545034605597 -0.0024197483136970972 -0.0065715453110133356 0.0013038790706223192 -0.0028989512198588415 0.0037425795684776853 -0.0044848907665534649
leaf_weight=35.092748440802097 44.568710152059793 22.013023346662521 12.967980436980723 80.127337872982025 20.442993730306625 38.239812269806862 17.727057501673702 128.92863753065467 29.76819733530283 19.30240186676383 224.9790937975049 75.409584261476994 163.88179574161768 12.58052312210202
leaf_count=150 288 184 120 520 129 295 189 997 208 221 1130 396 834 140
internal_value=-0.000378854 -0.00293426 0.0030175 0.000623005 -0.0026309 -0.000438058 -0.00455381 -0.00331965 -0.00729244 -0.00318218 0.00173667 -0.000484892 0.00236611 -0.0101482
internal_weight=926.03 258.088 54.2834 667.942 168.578 118.367 203.805 173.497 50.2112 32.2704 499.363 110.502 388.861 30.3076
internal_count=5801 2139 525 3662 1152 815 1614 1285 337 341 2510 546 1964 329
is_linear=0
shrinkage=0.03


Tree=336
num_leaves=6
num_cat=0
split_feature=5 6 6 5 3
split_gain=1.85795 1.29253 1.4868 1.27255 0.482807
threshold=1.0700121000000002 1.0561405000000001 0.91367279999999995 -0.63059379999999987 -0.39999999999999997
decision_type=10 10 10 8 10
left_child=1 2 3 -1 -2
right_child=4 -3 -4 -5 -6
leaf_value=-0.0027326662902468187 0.0022663551536132522 -0.0054167167787353351 0.006980099283910089 0.00040713872832615533 0.0087327188620576566
leaf_weight=130.25741951912642 25.131790548563004 33.824753984808922 22.983638823032379 818.47726064920425 21.332555927336216
leaf_count=826 153 227 133 4343 115
internal_value=0.000235501 -4.88035e-05 0.000164822 -3.60099e-05 0.00579516
internal_weight=1052.01 1005.54 971.718 948.735 46.4643
internal_count=5797 5529 5302 5169 268
is_linear=0
shrinkage=0.03


Tree=337
num_leaves=9
num_cat=0
split_feature=4 1 6 6 3 3 6 7
split_gain=1.18629 2.13517 1.5915 1.02069 1.20544 1.23333 1.09528 0.143414
threshold=-2.899999999999999 -1.0999999999999996 1.0000000180025095e-35 1.1791412000000003 0.19999999999999987 -0.19999999999999982 -0.42563779999999996 -1.0000000180025095e-35
decision_type=10 10 10 10 10 10 10 10
left_child=1 2 7 4 5 -2 -6 -1
right_child=3 -3 -4 -5 6 -7 -8 -9
leaf_value=0.00050582584398751356 -0.00090788458627773011 0.0085391455601109643 -0.0059268714018780311 0.0046414545224590783 -0.0085679595846674915 0.0030881068209221837 -0.0019914773474940459 0.0044517888103453584
leaf_weight=14.061320163309572 350.94609703123569 29.216409720480442 25.292195431888103 23.032430276274681 20.230387672781944 81.392615623772144 336.00756011158228 21.799928076565266
leaf_count=143 2319 169 159 120 123 513 2059 192
internal_value=-0.000639429 0.00253319 -0.000764716 -0.00100604 -0.00119919 -0.000128889 -0.00247837 0.00315579
internal_weight=901.979 90.3699 61.1534 811.609 788.577 432.339 356.238 35.8612
internal_count=5797 663 494 5134 5014 2832 2182 335
is_linear=0
shrinkage=0.03


Tree=338
num_leaves=10
num_cat=0
split_feature=0 2 2 7 6 4 6 1 4
split_gain=2.83235 1.67321 1.79802 1.1662 2.35557 1.94262 1.77707 2.95256 1.46278
threshold=207.4891956177153 0.59999999999999998 1.1000000000000003 -1.4999999999999998 0.44807969999999991 0.19999999999999987 0.39622139999999989 -1.0000000180025095e-35 -2.2999999999999989
decision_type=2 10 10 8 8 10 10 10 8
left_child=3 -2 -3 4 5 -1 8 -8 -5
right_child=1 2 -4 6 -6 -7 7 -9 -10
leaf_value=0.012252116433053923 -0.014464353814618601 0.0059518593229480349 -0.0077160872406380832 -0.0047699643747434921 -0.0030643408746746188 0.00065083963554330424 0.00068389736048074848 0.0084488882684858047 -7.7631725147441757e-06
leaf_weight=28.132719449698925 12.238907586783169 10.768907215446236 14.632005102932451 60.615777589380741 24.414847183972597 22.338083520531654 193.80286093056202 52.44793950393796 503.6178417019546
leaf_count=155 142 106 175 314 133 154 982 285 3351
internal_value=0.000356701 -0.00719932 -0.0018956 0.000716556 0.00417599 0.00763895 0.000373273 0.00247296 -0.000556772
internal_weight=923.01 37.6398 25.4009 885.37 74.8857 50.4708 810.484 246.251 564.234
internal_count=5797 423 281 5374 442 309 4932 1267 3665
is_linear=0
shrinkage=0.03


Tree=339
num_leaves=10
num_cat=0
split_feature=0 3 2 4 6 6 3 3 0
split_gain=2.51627 1.75582 1.78144 2.03445 1.63633 5.28021 1.42699 0.78558 0.198902
threshold=154.75170629513994 -0.20000000000000009 0.49999999999999994 2.7000000000000002 -0.80451119999999965 -0.68627526999999977 0.90000000000000036 0.20000000000000007 96.430508429808597
decision_type=2 8 10 10 8 8 10 8 2
left_child=4 2 -2 -4 8 -6 -7 -3 -1
right_child=1 7 3 -5 5 6 -8 -9 -10
leaf_value=-0.0026826495264122233 0.0099650613776196308 -0.002792153639449253 -0.0010135917200121026 0.009026622250653548 0.012284701664787526 1.9879355460280484e-05 -0.0034722243124509743 0.0029466167206572765 -0.0071540893556166635
leaf_weight=26.258360795676708 44.719759315252304 42.831298597157001 51.711480058729649 22.303871534764767 25.027821823954582 666.31284608319402 120.07243882492185 33.974879883229733 25.650536000728607
leaf_count=125 231 215 266 135 120 3700 759 152 132
internal_value=0.000291906 0.00331967 0.00553149 0.00239168 -0.000409046 -6.37563e-05 -0.000531896 -0.000228691 -0.00532662
internal_weight=1058.86 195.541 118.735 74.0154 863.322 811.413 786.385 76.8062 51.9089
internal_count=5835 999 632 401 4836 4579 4459 367 257
is_linear=0
shrinkage=0.03


Tree=340
num_leaves=13
num_cat=0
split_feature=0 0 6 0 4 1 4 0 6 6 6 3
split_gain=0.990468 2.19956 2.38506 1.27738 0.909084 1.27341 1.00309 0.893122 0.754941 0.710565 0.615046 0.888309
threshold=156.06264634812376 187.61090832684184 0.12028509999999994 217.08954974942961 1.9000000000000001 0.30000000000000016 -2.2999999999999989 46.785518056295139 0.26209210000000027 -0.34220479999999992 -0.013547799999999775 -0.49999999999999994
decision_type=2 2 8 2 10 10 8 2 10 8 8 10
left_child=4 10 3 -3 5 6 -1 -7 9 -6 11 -2
right_child=1 2 -4 -5 8 7 -8 -9 -10 -11 -12 -13
leaf_value=0.0032161584728191885 -0.0072343690005576078 -0.0064749481073916879 0.0092396332953238753 0.0013813576884551869 0.0003602017291935946 -0.00078042114182329237 -0.00017621619675814508 0.0044495611753570564 0.0022517257155358814 -0.0074697992275245132 -0.010522270396216515 0.0016550308868073485
leaf_weight=89.795254267752171 16.944882113486528 25.114234872162342 18.806489668786526 45.299667954444885 15.443991053849457 35.560089893639088 452.3095274195075 133.93238446861506 16.557654179632664 24.530620317906141 17.920608121901751 15.945516549050806
leaf_count=557 136 193 105 322 134 203 2877 819 97 172 111 109
internal_value=0.000411025 -0.00186726 0.00100251 -0.00166423 0.000835751 0.00113149 0.00040996 0.00336137 -0.00267635 -0.00474098 -0.00654474 -0.00327502
internal_weight=908.161 140.031 89.2204 70.4139 768.13 711.597 542.105 169.492 56.5323 39.9746 50.811 32.8904
internal_count=5835 976 620 515 4859 4456 3434 1022 403 306 356 245
is_linear=0
shrinkage=0.03


Tree=341
num_leaves=13
num_cat=0
split_feature=5 6 2 7 1 3 1 2 6 5 3 1
split_gain=1.56263 1.12624 1.29109 1.42751 1.16112 2.03422 0.742446 1.53612 1.64986 1.21884 0.691895 0.363338
threshold=0.42475850000000009 0.22606660000000015 -1.0999999999999994 1.0000000180025095e-35 -1.0000000180025095e-35 -0.19999999999999982 0.20000000000000015 0.30000000000000016 -0.25702130000000001 0.65116490000000005 0.90000000000000036 -1.0999999999999996
decision_type=10 10 8 10 10 10 10 10 10 10 10 8
left_child=1 2 11 -4 10 -6 9 -8 -9 -2 -3 -1
right_child=6 4 3 -5 5 -7 7 8 -10 -11 -12 -13
leaf_value=0.00014889554512786233 -0.0040862501083647326 -0.0011389039762840945 -0.00065515057268223265 -0.0047176066469489094 -0.002197278361575533 0.0075088949274119418 -0.012353568187068587 -0.0064861496788637171 0.0014475628689638118 0.0048615546512150165 0.0019066738522174624 0.0050163890844814544
leaf_weight=23.840693838894367 26.959358606487513 157.59183763712645 278.43708496540785 104.19174659997225 27.04711701720953 50.482441898435354 15.568623058497904 46.813435859978199 40.533485170453787 18.995490673929453 109.37116311490536 28.838620126247406
leaf_count=106 190 794 1819 651 156 271 138 493 344 157 558 158
internal_value=-0.000734605 -0.000188186 -0.00119638 -0.00180796 0.00108468 0.0041948 -0.00349769 -0.00485799 -0.00292546 -0.000273547 0.000120943 0.00301741
internal_weight=928.671 779.801 435.308 382.629 344.493 77.5296 148.87 102.916 87.3469 45.9548 266.963 52.6793
internal_count=5835 4513 2734 2470 1779 427 1322 975 837 347 1352 264
is_linear=0
shrinkage=0.03


Tree=342
num_leaves=7
num_cat=0
split_feature=6 6 6 6 5 5
split_gain=1.26969 1.79901 1.59715 1.30495 0.656865 0.575233
threshold=1.0561405000000001 0.83448470000000008 0.62547940000000024 0.15132359999999981 -0.094744499999999995 -0.45151190000000013
decision_type=10 10 10 10 10 10
left_child=1 2 3 -1 -4 -2
right_child=5 -3 4 -5 -6 -7
leaf_value=-0.0007566712295956823 -0.0012281215161913542 0.0057551672614713162 -0.0067578517455999859 0.0017795450698402961 -0.00038216685483753585 -0.008705317763447528
leaf_weight=665.72425043582916 18.790370017290115 39.666035994887352 42.704694420099258 245.88380581885576 21.824209958314896 17.856442455202341
leaf_count=3561 137 234 272 1366 117 106
internal_value=-0.000345001 -0.000133846 -0.00040126 -6.66138e-05 -0.00478409 -0.00547917
internal_weight=1052.45 1015.8 976.137 911.608 64.5289 36.6468
internal_count=5793 5550 5316 4927 389 243
is_linear=0
shrinkage=0.03


Tree=343
num_leaves=6
num_cat=0
split_feature=0 6 3 3 6
split_gain=0.925138 1.86235 1.42855 1.60573 1.29364
threshold=-122.17572730190214 1.1791412000000003 0.19999999999999987 0.20000000000000001 0.60847160000000022
decision_type=2 10 10 10 10
left_child=-1 2 4 -4 -2
right_child=1 -3 3 -5 -6
leaf_value=-0.0047449733211525165 0.0014604983822932584 0.0076948460164076461 -0.0059989488046777685 -0.00050096422507978739 -0.0057651120362642435
leaf_weight=28.780534610152245 463.47570810094476 24.731067679822445 51.550285954028368 316.98207112029195 18.547162421047688
leaf_count=163 3117 127 336 1928 122
internal_value=0.000128044 0.000314316 5.60013e-05 -0.00134003 0.00112614
internal_weight=904.067 875.286 850.555 368.532 482.023
internal_count=5793 5630 5503 2264 3239
is_linear=0
shrinkage=0.03


Tree=344
num_leaves=8
num_cat=0
split_feature=0 0 0 4 6 5 6
split_gain=3.59468 1.80125 2.45594 1.58403 1.20779 0.938263 0.303618
threshold=-147.06459747839992 107.26824786540602 95.547564913199167 -0.79999999999999993 -0.040106200000000085 -0.28134710000000002 -0.13987180000000018
decision_type=2 2 2 10 8 10 10
left_child=-1 2 4 -3 -2 -5 -4
right_child=1 3 6 5 -6 -7 -8
leaf_value=0.010752678775160302 -0.0017149540060613546 -0.0080300792905668734 0.010450412114662796 0.0052427812640720812 0.0010637459364974541 -0.0019224563454869348 0.0034264846194311674
leaf_weight=23.523654446005821 196.32688687741756 33.297440852969885 17.936041265726089 13.460242383182047 463.52810131013393 158.8678912371397 16.792715080082417
leaf_count=94 1134 237 134 86 2495 1503 110
internal_value=0.000267483 -6.43888e-05 0.000668243 -0.00249627 0.000230319 -0.00123075 0.00791274
internal_weight=923.733 900.209 694.584 205.626 659.855 172.328 34.7288
internal_count=5793 5699 3873 1826 3629 1589 244
is_linear=0
shrinkage=0.03


Tree=345
num_leaves=14
num_cat=0
split_feature=0 7 5 2 3 0 5 2 0 0 0 5 3
split_gain=1.56262 1.55268 1.58516 1.44216 1.232 1.48258 1.14823 1.10852 1.55906 1.4103 1.10286 1.07853 0.616136
threshold=65.58766876492065 1.0000000180025095e-35 -0.42791659999999981 0.59999999999999998 0.70000000000000018 144.32918837674711 -0.010918000000000037 -0.59999999999999964 10.374957383316771 -41.215115824459751 92.591649253129859 0.53105580000000019 1.3000000000000005
decision_type=2 8 10 10 8 2 10 8 2 2 2 10 10
left_child=1 2 12 -4 5 10 -6 9 -9 -3 -2 -7 -1
right_child=4 7 3 -5 6 11 -8 8 -10 -11 -12 -13 -14
leaf_value=-0.0055956306145553674 0.00135323403010375 0.003925638018021674 0.00032171181542997004 -0.0064265117153854846 0.0009876946948335298 0.0042536376312497437 0.0087104586903004703 0.0077201151692442016 -0.00010871958309389569 -0.0053395121372277355 -0.0024773274660222439 -1.0443141531699683e-05 0.00025231332865099107
leaf_weight=122.25939994305372 104.55301088839769 18.945216096937656 178.02569277584553 28.843869611620903 39.454106330871582 109.34321187436581 28.094780154526234 34.837181285023689 53.50475512444973 35.222402907907963 174.34405668824911 100.09349905699492 18.100680597126484
leaf_count=816 551 133 975 147 231 528 136 192 304 214 877 549 131
internal_value=-0.000155197 -0.00138349 -0.00245546 -0.000748652 0.000929627 0.000383582 0.00457868 0.0012231 0.00322671 -0.00204111 -0.00104278 0.00226303 -0.00485875
internal_weight=1045.62 489.739 347.23 206.87 555.883 488.334 67.5489 142.51 88.3419 54.1676 278.897 209.437 140.36
internal_count=5784 2912 2069 1122 2872 2505 367 843 496 347 1428 1077 947
is_linear=0
shrinkage=0.03


Tree=346
num_leaves=5
num_cat=0
split_feature=5 1 2 1
split_gain=0.796145 1.09625 1.0285 0.990892
threshold=-1.3664777999999995 -1.6999999999999995 -1.4999999999999998 -0.69999999999999973
decision_type=8 8 8 8
left_child=-1 -2 -3 -4
right_child=1 2 3 -5
leaf_value=-0.0050314032676481999 0.0055154119778165669 0.0058074764129248911 -0.0020761861379479394 0.00052348220704898963
leaf_weight=19.743378907442093 31.527566947042942 23.513684995472431 159.27622383087873 665.7358206436038
leaf_count=137 196 142 963 4346
internal_value=0.000279194 0.000426084 0.000205785 1.21086e-05
internal_weight=899.797 880.053 848.526 825.012
internal_count=5784 5647 5451 5309
is_linear=0
shrinkage=0.03


Tree=347
num_leaves=10
num_cat=0
split_feature=0 3 6 6 5 4 6 4 6
split_gain=2.31779 2.00704 1.11166 1.36209 1.11154 1.56667 1.52143 1.04559 0.912597
threshold=63.992889829447002 0.70000000000000018 0.56159238999999983 -0.019461899999999917 0.23408676000000006 0.90000000000000024 0.45535530000000007 0.80000000000000004 -0.27129719999999996
decision_type=2 10 10 10 8 8 8 10 10
left_child=4 2 3 -2 7 -6 -7 8 -1
right_child=1 -3 -4 -5 5 6 -8 -9 -10
leaf_value=-0.0012552817186925655 -0.00026888448800630908 -0.0082795244908595803 0.0049939622620224049 -0.0045041018031691735 -0.0063815072996448756 0.0067549264007454564 -0.0034154421705102022 -0.0030086063635396442 0.0026265771262372942
leaf_weight=60.491638772189617 217.49978306144476 35.103439666330814 19.913083884865046 95.127998821437359 35.134057246148586 21.01933091878891 22.472314834594727 35.17198771238327 378.05945151299238
leaf_count=308 1911 234 131 691 192 120 157 180 1860
internal_value=-9.68224e-05 -0.00192794 -0.00114475 -0.00160821 0.00112833 -0.00208294 0.00168954 0.00167751 0.00208302
internal_weight=919.993 367.644 332.541 312.628 552.349 78.6257 43.4916 473.723 438.551
internal_count=5784 2967 2733 2602 2817 469 277 2348 2168
is_linear=0
shrinkage=0.03


Tree=348
num_leaves=8
num_cat=0
split_feature=3 0 2 6 6 6 0
split_gain=2.05582 1.62336 2.37828 1.50928 1.16567 1.95469 0.427107
threshold=-0.89999999999999991 133.20175085592487 0.59999999999999998 1.0561405000000001 0.83448470000000008 0.73427459999999989 84.621814398987581
decision_type=8 2 10 10 10 10 2
left_child=1 6 -3 4 5 -2 -1
right_child=3 2 -4 -5 -6 -7 -8
leaf_value=0.0021133817235856967 -0.000142157257299793 0.011899895112847277 0.0008363062326193965 -0.0062293083841532893 0.0046441641435997997 -0.0074396764358084832 -0.0023858645004186329
leaf_weight=37.147939935326576 810.3871503919363 31.983295060694218 34.717910468578339 34.014164976775646 37.632590472698212 29.449307709932327 29.565060898661613
leaf_count=193 4432 167 195 229 222 177 148
internal_value=5.96986e-05 0.00346728 0.0066012 -0.000455266 -0.000197414 -0.000440564 9.2133e-05
internal_weight=1044.9 133.414 66.7012 911.483 877.469 839.836 66.713
internal_count=5763 703 362 5060 4831 4609 341
is_linear=0
shrinkage=0.03


Tree=349
num_leaves=12
num_cat=0
split_feature=6 0 0 4 2 5 4 0 2 6 5
split_gain=1.32248 2.95735 1.93218 2.98555 3.02062 1.65464 1.30533 2.0934 1.79325 1.03856 1.31424
threshold=-0.39403079999999996 22.393864281388918 26.532211263730918 -1.2999999999999994 -0.69999999999999973 -0.12150925 -1.2999999999999994 -15.063102326094734 -0.69999999999999973 -0.51056078999999988 0.70102810000000004
decision_type=10 2 2 10 10 10 10 2 10 10 10
left_child=1 -1 6 4 -4 -5 8 -8 -2 10 -3
right_child=2 9 3 5 -6 -7 7 -9 -10 -11 -12
leaf_value=0.0064649546674305954 -0.0011410208003407366 -0.0038793500692216628 -0.0010019381899498499 -0.0031108710326161327 0.012142008473901685 0.0015846710102941756 0.0036176237494504712 -0.0032545769398077836 -0.0083984497000386769 -0.0081295446936372872 0.0026830545113783956
leaf_weight=24.609342642128468 84.703214287757874 127.74748700112104 23.896881870925426 86.578496277332306 37.37242703139782 252.75073337554932 75.012413524091244 74.579166114330292 44.776648253202438 35.342917762696743 30.813896227627993
leaf_count=147 546 934 138 529 212 1610 440 439 279 233 256
internal_value=-0.000483043 -0.00248499 0.00017403 0.00150172 0.00732667 0.000358846 -0.00172471 0.000197024 -0.00386972 -0.00375484 -0.00256102
internal_weight=898.184 218.514 679.67 400.599 61.2693 339.329 279.071 149.592 129.48 193.904 158.561
internal_count=5763 1570 4193 2489 350 2139 1704 879 825 1423 1190
is_linear=0
shrinkage=0.03


Tree=350
num_leaves=10
num_cat=0
split_feature=0 3 0 6 6 6 2 3 1
split_gain=1.46892 1.85004 1.26624 1.32452 1.93007 1.76949 0.802221 1.18327 0.445658
threshold=107.26824786540602 0.30000000000000016 95.547564913199167 -0.040106200000000085 0.061564199999999965 -0.093724000000000238 -0.20000000000000001 -0.20000000000000009 0.20000000000000007
decision_type=2 8 2 8 8 10 10 10 8
left_child=2 6 3 5 -5 -1 -2 -8 -3
right_child=1 8 -4 4 -6 -7 7 -9 -10
leaf_value=-0.00022112284646425045 -0.0044088819595598551 -0.0033875297867782938 0.0062520948640381394 0.0070351478826187371 0.00091270972833324858 -0.008554855068387884 -0.0013257383316241287 0.004404088530858591 -0.01057170606445124
leaf_weight=177.44792153686285 29.38422379642725 23.552367150783539 34.768423356115818 47.206470176577568 435.06953886896372 21.383252151310444 87.375393550843 45.170651659369469 16.576138995587826
leaf_count=1020 221 184 239 247 2331 123 862 391 145
internal_value=0.000404795 -0.0018252 0.00104252 0.000732958 0.00157803 -0.00130524 -0.00031813 0.000716054 -0.00719764
internal_weight=917.934 202.059 715.876 681.107 482.276 198.831 161.93 132.546 40.1285
internal_count=5763 1803 3960 3721 2578 1143 1474 1253 329
is_linear=0
shrinkage=0.03


Tree=351
num_leaves=14
num_cat=0
split_feature=0 3 2 4 5 2 5 2 4 6 6 3 0
split_gain=2.4475 1.3227 1.35297 1.53155 0.914582 0.727955 2.01303 1.82012 1.50273 1.20828 1.08213 0.719854 1.65946
threshold=105.11388587613637 -0.79999999999999993 0.49999999999999994 0.29999999999999988 0.82596779999999981 -0.29999999999999999 0.12375500000000002 0.30000000000000016 0.8000000000000006 -0.45236550000000014 0.16323860000000004 0.59999999999999998 207.4891956177153
decision_type=2 10 10 8 10 8 10 8 10 10 8 10 2
left_child=5 2 3 -2 -4 6 10 8 -7 -9 -1 12 -3
right_child=1 11 4 -5 -6 7 -8 9 -10 -11 -12 -13 -14
leaf_value=-0.0033290789600807958 0.0021442584021437758 -0.0014464936033628823 -0.0023340574405598933 0.011476439004824503 0.0048110531850767786 0.00035202669492615695 -0.0087876112671579302 0.00096197598712752241 0.0066321631926342262 -0.004157381372352993 0.0004483417354701764 0.004279341932558238 0.0048017019419985098
leaf_weight=120.41413467377424 32.883270882070065 169.14278969913721 32.03283678740263 31.597366586327553 23.763030707836151 157.4449632614851 31.976086981594563 60.89695031195879 39.066412046551704 115.27093232423067 147.49575743451715 35.643089987337589 44.027261547744274
leaf_count=684 155 841 170 175 143 851 168 408 195 602 976 167 217
internal_value=-4.83721e-05 0.00189961 0.00441569 0.00721408 0.000854395 -0.00112352 -0.00221091 -0.000230831 0.0017341 -0.00241003 -0.00127934 0.000620313 -7.55472e-05
internal_weight=1041.65 369.09 120.277 64.4806 55.7959 672.565 299.886 372.679 196.511 176.168 267.91 248.813 213.17
internal_count=5752 1868 643 330 313 3884 1828 2056 1046 1010 1660 1225 1058
is_linear=0
shrinkage=0.03


Tree=352
num_leaves=13
num_cat=0
split_feature=0 5 1 1 4 4 5 5 5 4 1 1
split_gain=1.11714 1.81557 1.46912 1.72156 1.52065 1.1453 1.06498 1.05025 1.04686 0.994676 1.20044 1.00946
threshold=124.11168062257595 -0.27572440000000015 1.3000000000000005 0.90000000000000036 2.2000000000000011 -0.49999999999999994 -0.1742201999999998 -0.56830179999999997 -0.10037279999999991 -2.899999999999999 0.50000000000000022 -1.0999999999999996
decision_type=2 10 10 10 10 8 8 10 8 10 10 8
left_child=5 -2 3 -3 -4 9 7 -7 -8 11 -11 -1
right_child=1 2 4 -5 -6 6 8 -9 -10 10 -12 -13
leaf_value=-0.0010817055381597113 -0.0087465545152887753 -0.0012005159909550607 -0.0090595030145077787 0.005714413789588123 0.0013608945105772858 -0.00086390077727763258 -0.0050831588519117954 0.0065880091753182379 0.0015074543556213844 -0.0019395672052108762 0.0040132200339674995 0.006569275955270187
leaf_weight=27.202520474791527 23.872184805572033 107.20861168950796 27.028054043650627 40.697104997932911 18.874081958085299 21.280140645802021 18.93536451458931 63.026977881789207 238.0441160723567 251.02842545509338 29.888774551451206 27.733468405902386
leaf_count=173 137 693 198 274 170 128 120 367 1598 1555 174 165
internal_value=0.000122276 -0.00172344 -0.000660156 0.00082681 -0.00506203 0.000723903 0.0019353 0.004764 0.000934083 -0.000517426 -0.0012471 0.00300657
internal_weight=894.82 217.68 193.808 147.906 45.9021 677.14 341.287 84.3071 256.979 335.853 280.917 54.936
internal_count=5752 1472 1335 967 368 4280 2213 495 1718 2067 1729 338
is_linear=0
shrinkage=0.03


Tree=353
num_leaves=11
num_cat=0
split_feature=6 3 5 5 3 1 3 5 6 5
split_gain=1.58928 1.90393 0.996284 1.86384 0.905172 0.926042 2.15486 0.864643 0.430621 0.369718
threshold=0.5899156000000001 0.59999999999999998 -0.76480849999999978 -0.29300739999999992 -1.2999999999999996 -0.90000000000000002 0.90000000000000036 -0.92744939999999987 -0.86103169999999996 -0.24889590000000025
decision_type=10 10 10 10 8 8 10 10 10 10
left_child=4 9 -3 -4 8 7 -7 -6 -1 -2
right_child=1 2 3 -5 5 6 -8 -9 -10 -11
leaf_value=-0.0006219170609070248 0.0080587863904591894 -0.0036759862553707948 0.0066370038222934684 -0.00210005395883459 -0.0072155087425767308 -0.00040579155451730574 0.0071841263519968543 -0.0012503134740706587 -0.0072997606937660548 0.0027450018422231349
leaf_weight=14.407708708196877 39.522032521665096 37.84734008461237 35.357056953012943 44.376420266926289 25.725958794355392 551.77012828364968 30.832560647279024 86.161590978503227 21.582639701664448 26.135074499994516
leaf_count=127 191 176 175 244 126 3775 173 441 177 147
internal_value=-6.4653e-05 0.00239543 5.42545e-05 0.00193733 -0.000693843 -0.000434875 5.35958e-05 -0.00287185 -0.00502843 0.00628754
internal_weight=913.719 183.238 117.581 79.7335 730.481 694.49 582.603 111.888 35.9903 65.6571
internal_count=5752 933 595 419 4819 4515 3948 567 304 338
is_linear=0
shrinkage=0.03


Tree=354
num_leaves=12
num_cat=0
split_feature=5 5 7 6 6 7 5 0 1 5 2
split_gain=1.10284 1.08587 1.39493 1.38502 1.30052 0.836108 4.22152 2.20414 1.73903 1.12893 1.02908
threshold=-0.015349799999999801 -0.065001300000000026 1.0000000180025095e-35 0.19111509999999995 0.15609450000000011 1.0000000180025095e-35 0.10524460000000004 170.02748405157311 0.50000000000000022 0.77341360000000015 0.20000000000000015
decision_type=10 10 10 10 10 10 10 2 10 10 10
left_child=1 2 4 -4 -1 7 -7 8 -2 -9 -8
right_child=5 -3 3 -5 -6 6 10 9 -10 -11 -12
leaf_value=-0.0034082779806502623 0.0019554955202413056 -0.0059060398826034418 0.0043346605519701533 -0.0016238270497317315 0.00021563573854740622 0.0090623709682330078 -0.0070393229643901274 0.008194166044484516 -0.0028265410734028243 0.0013679494431291437 -0.0013428024601874454
leaf_weight=192.86370324343443 176.66594290733337 35.839984893798828 75.461820982396603 58.634608581662178 161.15320125594735 24.870338797569275 41.716350927948952 50.884919382631779 104.82845594733953 39.633772552013397 81.45450721681118
leaf_count=1113 923 181 409 359 1006 118 215 262 550 217 422
internal_value=-0.000233318 -0.00119917 -0.000797186 0.00176455 -0.0017786 0.000741928 -0.00113856 0.00149544 0.000156416 0.00543336 -0.00347148
internal_weight=1044.01 523.953 488.113 134.096 354.017 520.054 148.041 372.013 281.494 90.5187 123.171
internal_count=5775 3068 2887 768 2119 2707 755 1952 1473 479 637
is_linear=0
shrinkage=0.03


Tree=355
num_leaves=12
num_cat=0
split_feature=3 6 0 6 3 3 3 5 7 5 3
split_gain=1.09639 2.48872 1.66587 1.31791 0.882992 0.731197 1.5464 1.21399 0.711698 0.822939 0.670496
threshold=0.70000000000000018 0.53460360000000007 -93.937142366747011 -0.08743853999999994 1.1000000000000003 0.19999999999999987 -0.49999999999999994 -0.28134710000000002 -1.0000000180025095e-35 -0.41775819999999991 0.70000000000000018
decision_type=8 10 2 10 10 10 10 10 10 10 10
left_child=1 5 -2 10 -5 6 -1 -7 -3 -10 -4
right_child=2 8 3 4 -6 7 -8 -9 9 -11 -12
leaf_value=-0.0004101289296147779 -0.0040439564792022408 -0.0089808431936224016 0.0016638955603353882 0.0072143016426922278 0.0023116749870235008 -0.0038341396428083914 0.0031714190664927371 0.0010957032367648536 0.0016138919183769024 -0.0054452379385009266 -0.0052386930334880422
leaf_weight=208.41435949876904 25.793362401425838 21.644617773592472 31.936809942126274 71.482104226946831 70.435060366988182 68.103161863982677 219.03570621833205 112.66325724497437 22.506080873310566 30.343327730894089 14.410491332411764
leaf_count=1408 149 142 307 426 427 408 1382 706 150 188 82
internal_value=0.000715994 0.000122534 0.00256276 0.00354912 0.00494256 0.000769092 0.00144059 -0.000814807 -0.00487272 -0.00255942 -0.000783422
internal_weight=896.768 682.711 214.058 188.264 141.917 608.216 427.45 180.766 74.494 52.8494 46.3473
internal_count=5775 4384 1391 1242 853 3904 2790 1114 480 338 389
is_linear=0
shrinkage=0.03


Tree=356
num_leaves=11
num_cat=0
split_feature=5 5 2 0 0 0 6 6 0 5
split_gain=1.80778 1.21222 1.16137 1.57364 1.41615 1.20334 0.984073 2.09367 0.86968 0.195814
threshold=0.46816260000000004 0.51530950000000009 0.59999999999999998 65.58766876492065 146.23824793628663 127.9801609356074 0.22606660000000015 -0.25702130000000001 107.26824786540602 -0.15241109999999999
decision_type=10 10 10 2 2 2 10 10 2 8
left_child=2 -2 4 -4 5 -1 7 -3 -5 -6
right_child=1 6 3 8 9 -7 -8 -9 -10 -11
leaf_value=-0.0002309812428127017 -0.010799301765155304 -0.0045611405085771439 -0.0014839880138456268 0.0105176767303185 -0.001915583283514159 0.0062999319720143474 -0.007536568420308829 0.0040018564281542037 0.0025392962749609771 -0.0073948517874336652
leaf_weight=641.850292108953 13.824352473020552 54.657306578010321 36.035916790366173 20.868753798305988 13.363429393619297 21.428784843534231 21.228209599852562 40.30995611846447 31.842602081596851 21.479904178529978
leaf_count=3556 117 564 175 134 92 149 158 343 268 219
internal_value=-0.000434876 -0.003642 0.000114709 0.00325062 -0.000304218 2.5572e-05 -0.00238006 -0.000908111 0.00633556 -0.0057975
internal_weight=916.89 130.02 786.87 88.7473 698.122 663.279 116.195 94.9673 52.7114 34.8433
internal_count=5775 1182 4593 577 4016 3705 1065 907 402 311
is_linear=0
shrinkage=0.03


Tree=357
num_leaves=11
num_cat=0
split_feature=6 6 1 3 0 6 3 1 4 0
split_gain=1.50127 2.91829 2.2828 1.13265 1.10222 0.996119 1.42995 0.879011 1.53443 0.695708
threshold=-0.68627526999999977 -0.80451119999999965 0.50000000000000022 -1.2999999999999996 -69.73250797128911 0.80164350000000006 0.30000000000000016 0.50000000000000022 2.100000000000001 72.155010848773955
decision_type=8 10 10 10 2 10 8 10 10 2
left_child=1 2 -1 -4 5 6 -2 8 -6 -9
right_child=4 -3 3 -5 7 -7 -8 9 -10 -11
leaf_value=-0.0063949865882274946 0.00029121645919574849 0.0093844880578143174 -0.0015713078857071572 0.0066300232137421772 2.707618097354989e-06 0.001482404366839453 -0.0098821800943395353 -0.0050097770397507782 0.0059214170905881724 -0.0008992454330375519
leaf_weight=29.271999381482601 19.199105992913246 37.68406942486763 23.162143491208553 31.574389718472958 585.16512711346149 19.130687888711691 28.893131211400032 42.48024545609951 37.269692920148373 184.2079463750124
leaf_count=143 126 191 128 175 3287 137 201 217 192 951
internal_value=-6.57675e-05 0.00299652 -0.000235161 0.00331853 -0.0004865 -0.00404469 -0.00617587 -0.000182779 0.000401467 -0.00176103
internal_weight=1038.04 121.693 84.0085 54.7365 916.346 67.2229 48.0922 849.123 622.435 226.688
internal_count=5748 637 446 303 5111 464 327 4647 3479 1168
is_linear=0
shrinkage=0.03


Tree=358
num_leaves=12
num_cat=0
split_feature=6 6 1 2 3 2 2 6 3 6 4
split_gain=1.94921 1.44965 1.18233 1.6784 1.28007 2.1933 1.02857 0.968945 0.544005 0.539331 0.169004
threshold=-0.68627526999999977 -0.90154659999999998 0.50000000000000022 0.20000000000000001 -0.19999999999999996 -1.0999999999999994 0.20000000000000001 -1.0715538999999994 -0.89999999999999991 -0.2508787999999999 0.50000000000000011
decision_type=8 10 10 10 8 10 10 10 10 8 10
left_child=1 7 4 9 5 -2 -6 -1 -5 -4 -3
right_child=2 10 3 8 6 -7 -8 -9 -10 -11 -12
leaf_value=-0.0039735287716833158 0.0046938397385910728 -0.004220609653411856 0.010769764567901813 -0.0029916052784157298 -7.3425993324445385e-05 -0.0040982836355638172 0.0032492154079067853 0.0037671290677776495 0.001779195940714638 0.0030903503598744705 -0.0097647488681959702
leaf_weight=25.104306761175394 27.309457272291183 22.905934363603592 20.056990660727024 21.471085868775845 365.78417149186134 125.7222031801939 103.70904050767422 23.194050155580044 115.50649551674724 20.691835261881351 21.07922762259841
leaf_count=181 170 141 122 164 2345 795 629 154 757 129 161
internal_value=4.51616e-05 -0.00396621 0.0005295 0.00265133 -9.25658e-05 -0.00243041 0.000687036 -0.000251597 0.000952359 0.00763418 -0.00760306
internal_weight=892.535 92.2835 800.251 177.726 622.525 153.032 469.493 48.2984 136.978 40.7488 43.9852
internal_count=5748 637 5111 1172 3939 965 2974 335 921 251 302
is_linear=0
shrinkage=0.03


Tree=359
num_leaves=11
num_cat=0
split_feature=0 2 0 2 1 7 4 0 2 1
split_gain=1.86104 1.63473 1.41722 1.37557 1.25663 1.20635 0.920374 0.729336 0.710313 0.373758
threshold=180.22055013912635 0.59999999999999998 -76.492174434710009 1.1000000000000003 -0.90000000000000002 -1.0000000180025095e-35 1.1000000000000001 -106.64217749018438 -1.4999999999999998 1.5000000000000002
decision_type=2 10 2 10 8 8 10 2 10 10
left_child=2 -2 5 -3 8 -1 -6 -7 -4 -5
right_child=1 3 4 9 6 7 -8 -9 -10 -11
leaf_value=-0.0013092259914331726 -0.010228623059422777 0.0050166280028725923 0.0015941313994430448 -0.0008061379417335032 0.0011300766059558487 0.0025753109740104438 -0.001742246311462357 0.0090715515838954829 -0.0035578158793934524 -0.0082202784337883812
leaf_weight=28.398634545505047 23.502568114548922 16.767385203391314 27.103968553245068 12.196351975202562 491.56078880652785 39.157620944082737 121.13564694672823 29.14563924074173 113.58960445225239 10.343493312597273
leaf_count=122 247 167 136 139 3000 171 902 125 611 128
internal_value=3.0574e-05 -0.0047535 0.000409778 -0.000694955 -3.87e-05 0.00373392 0.000552686 0.00577701 -0.00254467 -0.0050832
internal_weight=912.902 62.8098 850.092 39.3072 753.39 96.7019 612.696 68.3033 140.694 22.5398
internal_count=5748 681 5067 434 4649 418 3902 296 747 267
is_linear=0
shrinkage=0.03


Tree=360
num_leaves=8
num_cat=0
split_feature=4 2 6 6 1 0 4
split_gain=1.28022 1.70914 1.09573 2.22579 1.30581 1.20878 0.95288
threshold=2.9000000000000008 1.5000000000000004 -0.80451119999999965 -0.47186619999999996 0.30000000000000016 -103.14537568836055 1.1000000000000001
decision_type=10 10 8 8 10 2 10
left_child=2 -2 6 4 -4 -5 -1
right_child=1 -3 3 5 -6 -7 -8
leaf_value=-0.0062191683562794753 0.0081291396425602347 -0.0022601308457679721 0.0071188219494271237 -0.0056358906793694975 0.00068698768783201261 -0.00040287349651039008 0.00053030413725212112
leaf_weight=46.505591675639153 31.589445419609547 20.436691462993622 50.04858123511076 36.98325365036726 61.170767903327942 764.15396139025688 28.511409975588322
leaf_count=226 185 125 243 255 319 4259 156
internal_value=-0.000164444 0.00420773 -0.00041486 -0.000118978 0.00376305 -0.000677905 -0.00378108
internal_weight=1039.4 52.0261 987.374 912.357 111.219 801.137 75.017
internal_count=5768 310 5458 5076 562 4514 382
is_linear=0
shrinkage=0.03


Tree=361
num_leaves=14
num_cat=0
split_feature=6 1 4 5 4 7 5 5 5 4 5 6 4
split_gain=0.683063 1.64251 2.78682 1.84214 1.68278 0.695198 1.45679 1.24098 1.56999 1.20337 1.1538 1.04988 0.19315
threshold=0.57033750000000005 -0.39999999999999997 -1.8999999999999999 -1.0422378299999997 0.19999999999999954 1.0000000180025095e-35 -0.39588479999999987 -0.29300739999999992 -0.089308800000000396 -0.59999999999999987 -0.8571783999999999 0.021690400000000002 0.19999999999999987
decision_type=8 10 10 10 10 10 10 10 10 10 10 10 10
left_child=5 2 3 -2 -4 6 10 11 -9 -8 -1 -7 -3
right_child=1 12 4 -5 -6 7 9 8 -10 -11 -12 -13 -14
leaf_value=-0.0011925016211910059 -3.1194542892299265e-05 -0.0072291918627921444 0.0075255601547624161 -0.0096951434196231156 -0.0019681153356150547 0.0028512016021347963 -0.0034951654436146304 0.009884478497896922 0.0021898739880490017 0.00039875325162386027 0.0050522848328163434 -0.0045009019709159135 -0.0025223531066231922
leaf_weight=35.848200187087059 51.226478114724159 26.344390541315079 49.304484941065311 22.19339943677187 21.79573330283165 28.399855814874172 89.252481736242771 26.791959591209888 114.88290650770068 291.62158873677254 82.875798657536507 32.134924113750458 21.127045474946499
leaf_count=220 441 166 300 140 123 165 552 152 745 1954 491 184 135
internal_value=0.000541854 -0.00102522 0.000605515 -0.00338432 0.00467718 0.000974773 0.00036487 0.00243649 0.00393234 -0.000547197 0.00319471 -0.00109729 -0.00557439
internal_weight=893.799 191.992 144.52 73.4199 71.1002 701.808 499.598 202.21 141.675 380.874 118.724 60.5348 47.4714
internal_count=5768 1305 1004 581 423 4463 3217 1246 897 2506 711 349 301
is_linear=0
shrinkage=0.03


Tree=362
num_leaves=8
num_cat=0
split_feature=0 2 4 0 6 2 6
split_gain=1.33979 1.62188 1.20482 1.67272 1.12233 0.895675 0.672198
threshold=201.36888414011381 0.59999999999999998 2.9000000000000008 164.48203777566565 0.5899156000000001 1.1000000000000003 -0.16396135999999981
decision_type=2 10 10 2 8 10 8
left_child=2 -2 3 4 -1 -3 -5
right_child=1 5 -4 6 -6 -7 -8
leaf_value=-0.00083546154357922613 -0.012538602571757809 0.0044134321143239723 -0.0064940339421650237 0.0093058495879769654 0.0016601684587943583 -0.0048126404671422797 0.00070451575580788065
leaf_weight=603.83500009402633 12.479119095951317 12.232345290482046 20.59079097956419 19.106315948069096 216.114337220788 16.175748813897371 13.70482826605439
leaf_count=3572 147 121 196 196 1221 197 118
internal_value=-0.000342971 -0.00533964 -7.99806e-05 0.000111845 -0.000171612 -0.000773988 0.00628142
internal_weight=914.238 40.8872 873.351 852.76 819.949 28.4081 32.8111
internal_count=5768 465 5303 5107 4793 318 314
is_linear=0
shrinkage=0.03


Tree=363
num_leaves=14
num_cat=0
split_feature=0 6 2 4 6 0 7 4 6 6 2 6 6
split_gain=1.35106 1.53646 2.19409 2.32171 2.09915 1.84978 1.39552 1.8507 1.00912 2.25477 0.884659 0.775879 0.238958
threshold=75.617314676218271 0.44137680000000007 -1.0999999999999994 -0.59999999999999987 0.36173170000000004 44.335228328836259 -1.0000000180025095e-35 -0.59999999999999987 0.32771530000000004 -0.1356621000000002 -1.0000000180025095e-35 0.66643390000000025 0.78916429999999982
decision_type=2 10 10 10 10 2 10 8 8 10 10 8 10
left_child=1 4 12 -4 5 -1 7 -2 9 -8 -9 -10 -3
right_child=6 2 3 -5 -6 -7 8 10 11 -11 -12 -13 -14
leaf_value=0.00051002396101639078 -0.002900836771349862 -0.0064658120539768261 0.0072341632462500057 -0.00057969760133796445 -0.0097962326970130187 -0.0039759811170161155 -0.00083717003961066645 0.010063920918443402 -0.0054634325172918776 0.0044765002630530312 0.0036966556384226508 0.00085282805137087416 -0.0012846588403943148
leaf_weight=220.17034687101841 25.875746697187424 19.424074962735176 64.728673350065947 65.86222629994154 22.554704837501049 126.59770787507296 188.62685486674309 26.11281618475914 36.474879182875156 109.89074974507093 87.090217016637325 28.231210581958294 16.471464600414038
leaf_count=1242 123 142 418 383 143 724 994 134 178 542 451 154 125
internal_value=0.000304337 -0.000740511 0.00162022 0.00341726 -0.00181213 -0.00116096 0.0014152 0.00391437 0.000418102 0.00116043 0.00552898 -0.00284415 -0.00453607
internal_weight=1038.11 535.809 166.486 130.591 369.323 346.768 502.302 139.079 363.224 298.518 113.203 64.7061 35.8955
internal_count=5753 3177 1068 801 2109 1966 2576 708 1868 1536 585 332 267
is_linear=0
shrinkage=0.03


Tree=364
num_leaves=7
num_cat=0
split_feature=5 5 3 6 6 5
split_gain=1.04697 1.40663 1.14808 1.74286 1.35672 0.979954
threshold=0.98392210000000013 0.8077814000000002 0.70000000000000018 0.57033750000000005 -0.025721099999999938 1.1785276
decision_type=10 10 10 10 10 10
left_child=1 2 3 -1 -4 -2
right_child=5 -3 4 -5 -6 -7
leaf_value=-0.00039872211412478748 -0.0094728162847504422 0.0056678096071019505 -0.0047583544675987291 -0.0054081593046797416 0.0026962096770624705 -0.00026879572201072557
leaf_weight=579.44754312932491 16.281289227306843 31.483826689422131 20.710143998265266 65.213035061955452 159.59125144034624 20.972442150115967
leaf_count=3736 128 215 120 419 949 186
internal_value=-0.000326152 -9.81344e-05 -0.000351005 -0.000943193 0.00173466 -0.00493625
internal_weight=893.7 856.446 824.962 644.661 180.301 37.2537
internal_count=5753 5439 5224 4155 1069 314
is_linear=0
shrinkage=0.03


Tree=365
num_leaves=13
num_cat=0
split_feature=0 5 5 4 7 5 6 6 4 6 0 0
split_gain=2.36666 1.62759 2.16994 2.01451 1.44479 1.2387 0.75815 1.93208 1.00657 0.503127 0.182006 0.091617
threshold=146.23824793628663 0.18256410000000009 0.22891239999999999 0.99999999999999989 -1.4999999999999998 0.28973579999999982 -0.19826740000000007 -0.51056078999999988 1.9000000000000001 -0.76114609999999994 187.61090832684184 41.990827471578434
decision_type=2 8 8 10 10 8 8 10 10 10 2 2
left_child=1 3 -3 4 -1 -4 7 9 -8 -2 -9 -5
right_child=6 2 5 11 -6 -7 8 10 -10 -11 -12 -13
leaf_value=0.0049657951291048963 -0.001891944083360243 0.011173540683724859 -0.0043096675204105338 -0.0074147594024514905 -0.00023003846461926115 0.0025482985261769892 -0.0092027762783746941 0.0011244776575418847 0.00036967093769327047 -0.0090938837277896329 0.0064966992098751328 -0.0033666313879714155
leaf_weight=48.300232395529747 20.907934632152319 19.661627933382988 22.81958419829607 23.380240134894848 496.44238337874413 168.9478661082685 33.919784523546696 12.449071127921345 12.749880690127609 15.79886160045862 11.695043154060839 24.849221598356962
leaf_count=245 237 118 155 112 2619 1247 301 121 136 176 126 160
internal_value=-2.65506e-05 0.000540324 0.00276735 -0.000270242 0.000271631 0.00164345 -0.0041031 -0.00167158 -0.00680493 -0.00571031 0.00439484 -0.0058412
internal_weight=911.922 804.401 211.429 592.972 544.743 191.767 107.521 60.8509 46.6697 36.7068 24.1441 48.2295
internal_count=5753 4656 1520 3136 2864 1402 1097 660 437 413 247 272
is_linear=0
shrinkage=0.03


Tree=366
num_leaves=9
num_cat=0
split_feature=0 7 5 1 0 2 5 5
split_gain=2.29694 1.51605 1.59065 2.27651 1.19302 2.18051 1.71903 1.10382
threshold=-112.0675642855408 -1.0000000180025095e-35 -0.60219229999999968 -0.69999999999999973 107.26824786540602 0.19999999999999987 -0.53144279999999988 -0.47537030000000002
decision_type=2 10 10 10 2 10 8 10
left_child=-1 4 3 -3 6 -6 -2 -4
right_child=1 2 7 -5 5 -7 -8 -9
leaf_value=-0.0080851135018544101 0.0051922155888670177 -0.00050659603501491414 0.0048386047439229925 -0.0085771147558267175 0.0098026145439153341 0.00081998257371630756 -0.001429003428763005 -0.00060419976020126742
leaf_weight=29.507688723504543 41.352253440767527 74.763783983886242 30.64971074834466 50.165642082691193 33.977818705141544 67.427631080150604 142.91241323947906 564.13590178638697
leaf_count=201 256 539 174 285 165 346 813 2976
internal_value=-0.000474249 -0.000211968 -0.000945126 -0.00395268 0.00161963 0.00414898 0.000154828 -0.00028573
internal_weight=1034.89 1005.39 719.715 124.929 285.67 101.405 184.265 594.786
internal_count=5755 5554 3974 824 1580 511 1069 3150
is_linear=0
shrinkage=0.03


Tree=367
num_leaves=12
num_cat=0
split_feature=1 7 1 5 3 0 5 0 3 6 6
split_gain=1.21791 1.19508 1.79957 1.33434 0.893407 0.861195 1.96237 1.70218 0.83899 0.685012 0.414983
threshold=1.1000000000000003 1.0000000180025095e-35 -1.2999999999999996 0.2100776 -1.2999999999999996 -52.721032803983796 -0.58010729999999999 18.827462611071045 -0.20000000000000009 0.27473200000000003 -0.15161329999999992
decision_type=8 10 10 10 8 2 10 2 8 8 10
left_child=1 5 -3 -4 -2 6 -1 -7 10 -10 -6
right_child=4 2 3 -5 8 7 -8 -9 9 -11 -12
leaf_value=-0.0013437925848679574 0.0027379118057965835 -0.0047365875390944796 0.0052591876184700168 -1.0846944498320811e-05 -0.0075791165752418293 -0.0032903293390384334 0.0083446737414234265 0.00074385518794262465 0.0043438710479549517 -0.0026460032937208411 -0.0013259123532222881
leaf_weight=38.293091125786304 22.312471754848957 21.59075789898634 136.98969314992428 62.143104836344719 35.485480647534132 122.24702364206314 29.892273806035519 357.13363640382886 13.3315605930984 35.75065166503191 15.720438770949839
leaf_count=236 167 133 802 399 283 761 172 2256 99 338 109
internal_value=0.00046436 0.000910074 0.00274704 0.00365459 -0.00225497 0.000151435 0.00318353 -0.000308249 -0.00344307 -0.000521362 -0.00594809
internal_weight=890.89 768.29 220.724 199.133 122.601 547.566 68.1854 479.381 100.288 49.0822 51.2059
internal_count=5755 4759 1334 1201 996 3425 408 3017 829 437 392
is_linear=0
shrinkage=0.03


Tree=368
num_leaves=9
num_cat=0
split_feature=2 3 3 6 6 6 4 7
split_gain=1.58611 1.16513 2.63369 2.85327 1.1204 1.04353 0.798384 0.199041
threshold=-2.4999999999999996 -0.29999999999999999 0.20000000000000015 0.63504020000000005 -1.1023639999999999 0.021690400000000002 -1.0999999999999996 1.0000000180025095e-35
decision_type=10 10 10 10 10 10 10 8
left_child=7 4 3 -3 -2 -4 -6 -1
right_child=1 2 5 -5 6 -7 -8 -9
leaf_value=0.0070608427944932805 0.0045341571501532662 0.0016848782173178186 -0.0041008033644857941 0.011644539111721055 -0.0053359302522649485 -0.00023893621712083415 -0.0013724337053796927 0.0021164545658858532
leaf_weight=24.585581008344889 17.798984616994858 208.00837506353855 74.395272191613913 25.03771061450243 60.211840871721506 307.8882025629282 172.24813435971737 17.57661896571517
leaf_count=201 158 1298 456 130 344 1639 1382 147
internal_value=8.45272e-05 -0.000206216 0.000497032 0.00297702 -0.00191121 -0.00103373 -0.0024898 0.00544253
internal_weight=907.751 865.589 615.33 233.046 250.259 382.283 232.46 42.1622
internal_count=5755 5407 3523 1428 1884 2095 1726 348
is_linear=0
shrinkage=0.03


Tree=369
num_leaves=12
num_cat=0
split_feature=7 3 5 3 0 1 3 7 0 7 5
split_gain=1.87675 1.81786 2.34756 1.47034 1.37632 1.14553 1.30981 1.22938 1.19661 0.909271 0.58654
threshold=-1.0000000180025095e-35 0.20000000000000007 0.71528560000000019 0.70000000000000018 157.65704081766401 -1.4999999999999998 -0.20000000000000001 1.0000000180025095e-35 207.4891956177153 -1.4999999999999998 -0.040879700000000345
decision_type=10 8 10 8 2 8 8 10 2 10 10
left_child=1 2 4 10 -1 -2 8 -8 -7 -5 -3
right_child=5 3 -4 9 -6 6 7 -9 -10 -11 -12
leaf_value=-0.003100801346275767 0.0039959938525502463 0.011257948307284424 0.0067304674438675412 -0.0025141004769383695 0.0039625930498555645 -0.00056314527332080493 -0.0036358785906414979 -0.00032483413335180993 0.0048501528773393504 0.0041925530123990791 0.0036655135444749955
leaf_weight=122.9952806532383 33.275911789387465 25.378847934305668 31.086159467697144 26.779462449252605 26.271551556885242 238.99866870045662 262.38855253905058 163.81595075130463 38.283548384904861 38.807143021374941 23.239517532289028
leaf_count=653 242 136 165 183 137 1262 1492 898 203 245 116
internal_value=-0.00027247 0.00173318 -0.000162365 0.00460789 -0.00176948 -0.00108061 -0.00134724 -0.00238177 0.000256924 0.00147007 0.00830902
internal_weight=1031.32 294.558 180.353 114.205 149.267 736.763 703.487 426.205 277.282 65.5866 48.6184
internal_count=5732 1635 955 680 790 4097 3855 2390 1465 428 252
is_linear=0
shrinkage=0.03


Tree=370
num_leaves=7
num_cat=0
split_feature=6 4 6 0 1 2
split_gain=1.33774 2.83691 1.51037 1.55665 0.638897 1.23492
threshold=0.95583580000000012 -1.2999999999999994 0.66643390000000025 4.5962107424408041 1.7000000000000004 1.1000000000000003
decision_type=10 10 10 2 10 10
left_child=2 -2 4 -4 5 -1
right_child=1 -3 3 -5 -6 -7
leaf_value=0.00092795676802323698 -0.0027640928124287754 0.010141118827659 -0.0078013763796153709 0.00071190371338341674 0.0052252527032953808 -0.0034064980453206392
leaf_weight=680.42950138822198 23.134644389152527 32.165486320853233 34.83597332239151 36.06628305464983 22.484342500567436 59.84417736530304
leaf_count=4341 145 172 226 229 183 436
internal_value=0.00064473 0.00496073 0.000330563 -0.00370925 0.000727794 0.000557054
internal_weight=888.96 55.3001 833.66 70.9023 762.758 740.274
internal_count=5732 317 5415 455 4960 4777
is_linear=0
shrinkage=0.03


Tree=371
num_leaves=7
num_cat=0
split_feature=0 0 1 5 4 5
split_gain=1.59892 1.04962 1.12883 1.60834 1.18456 0.495253
threshold=212.95376115403556 -147.06459747839992 1.1000000000000003 0.67787540000000013 0.80000000000000004 0.82596779999999981
decision_type=2 2 10 10 10 10
left_child=1 -1 4 -4 -3 -2
right_child=5 2 3 -5 -6 -7
leaf_value=0.005739762319450171 -0.009093549451050743 1.2491909284737597e-05 0.0072102548320635762 -0.0027940901866816167 -0.0029352265073584118 -0.0012732630848952544
leaf_weight=22.184125229716301 18.535989165306095 652.76614231616259 35.233424428850412 19.193605486303568 146.0841920748353 13.257006350904701
leaf_count=92 209 3770 260 190 1047 164
internal_value=-0.000322275 -6.44265e-05 -0.000247887 0.00374399 -0.000541456 -0.00644883
internal_weight=907.254 875.461 853.277 54.427 798.85 31.793
internal_count=5732 5359 5267 450 4817 373
is_linear=0
shrinkage=0.03


Tree=372
num_leaves=10
num_cat=0
split_feature=0 1 6 6 0 3 7 7 1
split_gain=2.18008 3.12133 2.557 1.81789 1.41637 1.89799 0.963942 1.90988 1.03052
threshold=105.11388587613637 0.40000000000000013 -0.57771879999999987 0.38841280000000017 120.91100310119317 -1.0999999999999994 -2.4999999999999996 -1.4999999999999998 1.0000000180025095e-35
decision_type=2 8 8 10 2 10 10 10 8
left_child=6 2 -2 -4 -3 -6 -1 -8 -9
right_child=1 4 3 -5 5 -7 7 8 -10
leaf_value=0.0037754758756227279 -0.0033381879935023904 -0.0061793990980584888 0.008375659407644391 -0.00047618102831962236 0.0051962338574352701 -0.0014435407447573052 -0.0073521142068447868 -2.8899109341341502e-05 -0.0026393241479622034
leaf_weight=30.354916915297508 24.614762298762798 29.321758978068829 102.0588465705514 25.294590167701244 49.210291281342506 131.11590252816677 39.253725856542587 415.63304049521685 197.45770640671253
leaf_count=194 120 160 500 113 268 687 220 2440 1091
internal_value=-7.80209e-05 0.00179074 0.00499084 0.00666596 -0.000591142 0.000459733 -0.0010737 -0.00132635 -0.000884186
internal_weight=1044.32 361.616 151.968 127.353 209.648 180.326 682.699 652.344 613.091
internal_count=5793 1848 733 613 1115 955 3945 3751 3531
is_linear=0
shrinkage=0.03


Tree=373
num_leaves=9
num_cat=0
split_feature=3 3 5 7 6 5 5 6
split_gain=0.991226 0.975368 1.36772 0.825473 0.792138 1.62398 1.38178 0.576628
threshold=-0.89999999999999991 -1.2999999999999996 0.13764199999999974 2.5000000000000004 0.43009060000000005 -0.90813809999999984 -0.70277100000000003 -0.51056078999999988
decision_type=8 10 10 8 10 8 10 10
left_child=1 2 -1 4 5 -2 -6 -3
right_child=3 7 -4 -5 6 -7 -8 -9
leaf_value=-0.0048495869452304238 0.0072129913594919963 -0.0014531513471884507 0.0048324874578574966 -0.0039272270695291846 -0.0046464752735637738 0.0008073469866591356 0.00060498368999413487 -0.0077045935002098883
leaf_weight=18.248887240886688 33.425945162773132 26.239667110145092 25.29616055265069 32.08511058986187 57.597194753587246 521.1017006598413 158.00856760144234 29.429884776473045
leaf_count=111 198 186 190 237 372 3332 960 207
internal_value=9.60096e-05 -0.00265803 0.000693342 0.000450971 0.00065753 0.00125447 -0.000871413 -0.0051206
internal_weight=901.433 99.2146 43.545 802.219 770.133 554.528 215.606 55.6696
internal_count=5793 694 301 5099 4862 3530 1332 393
is_linear=0
shrinkage=0.03


Tree=374
num_leaves=10
num_cat=0
split_feature=0 4 4 5 5 0 5 5 4
split_gain=1.33186 1.38975 1.65002 1.04458 0.900797 0.791443 0.8676 1.86443 1.73645
threshold=108.28656482175838 -1.0999999999999996 2.100000000000001 0.57216810000000029 0.22339640000000008 99.941064870976916 -0.24889590000000025 -0.34154619999999997 1.5000000000000004
decision_type=2 10 10 10 10 2 10 10 10
left_child=5 -2 4 -4 -3 6 7 -1 -8
right_child=1 2 3 -5 -6 -7 8 -9 -10
leaf_value=0.00050313871032912915 -0.0083470009957302849 -0.0020318933582360037 -0.012334461884241792 -0.0023325383049439246 0.0027827925411992869 0.00528973541774735 -0.0017564879154334755 0.0066062726626205425 0.0041551942945033801
leaf_weight=337.43695866316557 23.283210843801498 60.003997929394245 10.818468943238257 31.095775917172432 71.035331536084414 25.926088340580463 264.40631820261478 47.182536900043488 48.74301240593195
leaf_count=1775 170 456 108 371 678 178 1514 242 301
internal_value=-5.57642e-06 -0.00216599 -0.00112275 -0.00595357 0.000584459 0.000591084 0.000380109 0.001327 -0.000785469
internal_weight=919.932 196.237 172.954 41.9142 131.039 723.695 697.769 384.619 313.149
internal_count=5793 1783 1613 479 1134 4010 3832 2017 1815
is_linear=0
shrinkage=0.03


Tree=375
num_leaves=8
num_cat=0
split_feature=4 0 2 3 5 7 7
split_gain=1.90815 1.26834 1.08843 1.94372 0.862342 0.827453 0.219444
threshold=3.7000000000000002 -69.73250797128911 -1.0000000180025095e-35 -1.0999999999999994 -0.53144279999999988 1.0000000180025095e-35 -1.0000000180025095e-35
decision_type=10 2 10 8 10 10 8
left_child=1 5 3 -3 -4 6 -1
right_child=-2 2 4 -5 -6 -7 -8
leaf_value=-0.003095257193289493 0.0070956383830792997 0.006984585807112002 0.0031291243088687878 -0.00012627217394106747 -0.0018403740761912708 0.00028795902999029184 -0.0084573443945788283
leaf_weight=19.702838808298111 22.4837995916605 32.895788863301277 29.08053857088089 395.55706729367375 493.6550552174449 20.632563330233097 27.713829632848501
leaf_count=131 143 158 159 2307 2540 138 198
internal_value=-0.000714326 -0.000920407 -0.000624315 0.000493957 -0.00153689 -0.00473315 -0.00673705
internal_weight=1041.72 1019.24 951.188 428.453 522.736 68.0492 47.4167
internal_count=5774 5631 5164 2465 2699 467 329
is_linear=0
shrinkage=0.03


Tree=376
num_leaves=11
num_cat=0
split_feature=2 1 3 4 4 5 5 3 5 5
split_gain=0.764085 1.09169 1.964 1.20181 1.57597 1.46313 0.910132 0.884852 0.534715 0.0898562
threshold=1.1000000000000003 0.30000000000000016 -0.69999999999999973 -0.79999999999999993 -1.4999999999999996 0.39815315999999995 -1.1430638 -0.29999999999999999 0.6886405000000001 0.56173090000000014
decision_type=10 8 10 8 8 10 10 10 8 8
left_child=1 2 -1 4 -3 -5 -4 8 -2 -9
right_child=7 3 6 5 -6 -7 -8 9 -10 -11
leaf_value=-0.0059271562611561465 -0.0025822784017516063 0.00033695764564826508 0.0052549500352072585 -0.00013210921921117674 0.011204913273735765 0.0048978091358740823 0.0005380214783036936 -0.0021676435149579885 0.0040354203950594796 -0.0060895160759582602
leaf_weight=35.883437518030405 14.340310811996458 20.243361003696918 34.977752029895782 140.36291883140802 25.709693491458893 77.48589950427413 490.83420592918992 16.911082170903683 21.540354862809181 21.611821465194225
leaf_count=227 105 118 233 986 152 531 2965 111 189 157
internal_value=0.000905669 0.0011703 0.000413852 0.00274329 0.0069202 0.00172672 0.000898342 -0.00191917 0.0013982 -0.00481467
internal_weight=899.901 825.497 561.695 263.802 45.9531 217.849 525.812 74.4036 35.8807 38.5229
internal_count=5774 5212 3425 1787 270 1517 3198 562 294 268
is_linear=0
shrinkage=0.03


Tree=377
num_leaves=8
num_cat=0
split_feature=4 1 3 4 5 4 2
split_gain=1.61079 1.27319 1.52138 1.20216 1.16077 1.73201 1.40658
threshold=3.9000000000000008 1.1000000000000003 -0.69999999999999973 0.70000000000000029 -0.24889590000000025 -0.29999999999999977 -0.89999999999999991
decision_type=8 10 10 10 10 10 10
left_child=1 4 3 -3 5 -1 -6
right_child=-2 2 -4 -5 6 -7 -8
leaf_value=7.327885703714542e-05 -0.0053857534950594527 -0.0054189667432206065 0.0086476727432029631 0.004030464541066139 0.0048337987763673543 0.0051252423093715149 -0.0017012312570113561
leaf_weight=318.13357166200876 43.745202716439962 16.15159147977829 29.010225098580122 23.367573842406273 27.255305912345648 70.631960406899452 389.04505073465407
leaf_count=1584 425 120 245 237 150 360 2653
internal_value=-7.78896e-05 0.000217038 0.00399601 -6.40781e-06 -0.000127317 0.00104456 -0.00122109
internal_weight=917.34 873.595 68.5294 39.5192 805.066 388.766 416.3
internal_count=5774 5349 602 357 4747 1944 2803
is_linear=0
shrinkage=0.03


Tree=378
num_leaves=7
num_cat=0
split_feature=2 6 5 3 5 5
split_gain=1.59649 1.59094 0.960015 1.68967 0.571677 0.333044
threshold=-1.4999999999999998 -1.1427223999999998 0.53105580000000019 -1.0999999999999994 0.63138250000000007 -0.88889649999999976
decision_type=8 8 10 8 8 10
left_child=5 -2 3 -3 -4 -1
right_child=1 2 4 -5 -6 -7
leaf_value=-0.0073682253518851035 -0.0064018230492883148 0.0061135669579313809 -0.0041959128678975173 0.00071653994221435589 -0.00032872363020444397 -0.0016761550913827565
leaf_weight=22.750065792351961 24.667996697127819 51.373950183391571 40.996267169713974 741.4041102565825 140.47047217935324 19.520413748919964
leaf_count=171 131 258 211 4131 750 121
internal_value=0.000194192 0.00044698 0.000652195 0.0011024 -0.00129147 -0.00519497
internal_weight=1041.18 998.913 974.245 792.778 181.467 42.2705
internal_count=5773 5481 5350 4389 961 292
is_linear=0
shrinkage=0.03


Tree=379
num_leaves=11
num_cat=0
split_feature=4 4 0 6 6 7 0 2 6 2
split_gain=1.27399 1.63454 1.26493 1.67255 2.47363 0.981529 0.89301 0.825365 1.55308 0.88222
threshold=-0.59999999999999987 -0.70000000000000007 22.393864281388918 -0.12084489999999991 0.1316126 -1.4999999999999998 110.78411692301917 0.20000000000000001 0.12028509999999994 -0.20000000000000001
decision_type=8 10 2 8 10 10 2 10 10 10
left_child=1 5 3 -2 -5 -1 -7 9 -9 -4
right_child=2 -3 7 4 -6 6 -8 8 -10 -11
leaf_value=-0.0054988925974606131 -0.0024250010423396613 -0.0074229265351642886 0.0012426129175528843 0.014170171071943086 0.0027589312633710433 -0.00029682457265443445 0.0045154200802433684 0.00037349694604518085 0.0055892872861431648 -0.0026139549519988495
leaf_weight=23.476119004189968 22.580323666334152 25.664800763130188 107.07198466360569 20.801552720367908 60.920676566660404 266.16572657972574 34.829271011054516 170.80126393586397 68.983715891838074 97.39705016463995
leaf_count=151 132 160 779 119 351 1638 189 1217 420 617
internal_value=0.000604771 -0.000802094 0.00150189 0.00439698 0.00631306 -0.000173702 0.000324702 0.000780802 0.00195754 -0.000612975
internal_weight=898.692 350.136 548.557 104.303 81.7222 324.471 300.995 444.254 239.785 204.469
internal_count=5773 2138 3635 602 470 1978 1827 3033 1637 1396
is_linear=0
shrinkage=0.03


Tree=380
num_leaves=10
num_cat=0
split_feature=2 5 1 0 0 0 6 5 2
split_gain=2.46858 1.96945 1.23 1.90771 1.61952 1.34138 1.39414 1.1367 0.477881
threshold=-1.2999999999999996 -0.69302949999999985 -0.90000000000000002 -69.73250797128911 -43.332440747378989 207.4891956177153 0.51156342999999993 0.82596779999999981 -1.6999999999999995
decision_type=8 10 10 2 2 2 10 10 10
left_child=1 8 3 -2 -5 6 -4 -7 -1
right_child=2 -3 5 4 -6 7 -8 -9 -10
leaf_value=0.009181209558372953 0.0019635347727513961 -0.0027322195003592247 -0.0010048701862299756 -0.012458312667091017 -0.0035311917500990089 -0.0095685249014905733 0.0026835734809383372 0.00086040427376522831 0.0029962426723545996
leaf_weight=31.634921811521053 41.977007903158665 24.732983939349651 506.62459791079164 18.611029230058193 120.64474024996161 21.846276886761189 107.57285445928574 13.297312520444391 26.352755561470985
leaf_count=155 180 134 3324 87 783 240 577 165 128
internal_value=-0.000816391 0.00397918 -0.00131496 -0.00346657 -0.00511473 -0.000692536 -0.000342409 -0.00600684 0.00683139
internal_weight=913.294 82.7207 830.574 181.233 139.256 649.341 614.197 35.1436 57.9877
internal_count=5773 417 5356 1050 870 4306 3901 405 283
is_linear=0
shrinkage=0.03


Tree=381
num_leaves=11
num_cat=0
split_feature=5 6 5 0 6 6 6 6 0 0
split_gain=1.89674 1.88822 2.00767 2.48988 1.31551 2.11891 1.02571 0.697349 0.369132 0.260709
threshold=-0.39588479999999987 -1.1427223999999998 -0.34920470000000009 89.04041482864308 0.12577290000000005 0.36173170000000004 -0.47186619999999996 0.99636194000000022 1.0000000180025095e-35 4.5962107424408041
decision_type=8 8 8 2 10 10 10 10 2 2
left_child=4 -2 -3 -4 6 8 -1 -7 -6 -8
right_child=1 2 3 -5 5 7 9 -9 -10 -11
leaf_value=0.00053729969905529269 -0.0067014649400021957 0.008599794880690367 -0.00092594944013582267 0.0025054507117180788 0.0016507547787165285 -0.0036886053623175603 -0.0032894098222463614 0.0020228088573031309 0.0077236784981775672 -0.0078153877869058148
leaf_weight=24.679059982299805 24.03788486123085 25.884344205260277 378.67340469360352 373.66345253586769 19.505940794944763 84.645913187414408 29.875251442193985 21.018593039363623 19.933307789266109 46.024051032960415
leaf_count=114 130 135 2120 1913 132 551 185 159 113 244
internal_value=0.000115781 0.00082311 0.00109683 0.000783615 -0.00216431 -0.000299843 -0.00471257 -0.00251244 0.00524379 -0.0063473
internal_weight=1047.94 802.259 778.221 752.337 245.682 145.104 100.578 105.665 39.4392 75.8993
internal_count=5796 4298 4168 4033 1498 955 543 710 245 429
is_linear=0
shrinkage=0.03


Tree=382
num_leaves=12
num_cat=0
split_feature=5 5 6 5 1 6 6 2 6 4 0
split_gain=1.71462 3.58237 2.34992 1.68969 1.76462 1.24565 1.01313 0.893757 0.786777 0.563522 0.527463
threshold=-0.39588479999999987 -0.34920470000000009 0.15609450000000011 -0.19120150000000022 -0.20000000000000001 0.68898246000000019 -0.38700829999999981 -1.0999999999999994 -0.46131620000000023 -2.2999999999999989 39.978598420716487
decision_type=8 8 10 8 10 10 10 10 10 10 2
left_child=2 -2 8 4 -3 9 -5 -7 -1 -4 -10
right_child=1 3 5 6 -6 7 -8 -9 10 -11 -12
leaf_value=0.00024729647436136045 -0.011331879832094606 -0.00085775455816562653 0.00064517305137152018 -0.0028658105023768063 0.0072546264702687173 -0.0016994132718547918 -0.00011152526750908545 0.0053700292585532909 0.0040415468427608065 -0.0042807023776703403 0.0096140831966299023
leaf_weight=21.70624815672636 23.06908205896616 45.324884161353111 29.776390627026558 173.74755661934614 44.409472823143005 22.779861956834793 368.24728744477034 37.576978728175163 48.869417637586594 56.927094250917435 32.500895798206329
leaf_count=116 137 270 182 1316 265 154 2310 222 278 361 185
internal_value=-3.63162e-05 -0.000843709 0.00205236 -0.000374731 0.00332805 -0.000402633 -0.00101259 0.00277599 0.00541151 -0.00264608 0.00669504
internal_weight=904.935 654.798 250.137 631.729 89.7344 147.06 541.995 60.3568 103.077 86.7035 81.3703
internal_count=5796 4298 1498 4161 535 919 3626 376 579 543 463
is_linear=0
shrinkage=0.03


Tree=383
num_leaves=8
num_cat=0
split_feature=0 2 5 2 2 5 0
split_gain=2.07394 1.37279 1.24141 1.20851 1.21853 0.91479 0.782479
threshold=201.36888414011381 -2.0999999999999992 -1.1430638 0.59999999999999998 1.1000000000000003 -1.0035989999999997 48.996645916851328
decision_type=2 10 10 10 10 10 2
left_child=1 6 -3 -2 -5 -4 -1
right_child=3 2 5 4 -6 -7 -8
leaf_value=0.0079326168451471571 -0.012677249492463077 -0.0049190201588332049 0.0054015132325460945 0.0040142679949899335 -0.0067076142720032435 -4.01340694292736e-06 0.00071231692621498107
leaf_weight=26.228125207126141 12.156466282904146 40.146461673080921 24.255886420607567 12.671183135360481 16.58291757106781 763.55141316726804 25.715168938040733
leaf_count=148 150 196 119 123 200 4619 241
internal_value=-9.59346e-05 0.0002288 -8.05985e-05 -0.00627723 -0.00215545 0.000195434 0.00473453
internal_weight=921.308 879.897 827.954 41.4106 29.2541 787.807 51.9433
internal_count=5796 5323 4934 473 323 4738 389
is_linear=0
shrinkage=0.03


Tree=384
num_leaves=15
num_cat=0
split_feature=3 3 2 1 7 2 1 1 5 5 5 1 1 5
split_gain=1.39657 1.37744 2.33175 1.53264 2.23128 1.57985 1.31484 2.17704 1.89755 1.51622 1.19953 0.895487 0.853279 0.587151
threshold=-0.20000000000000001 0.19999999999999987 -0.39999999999999997 -1.0000000180025095e-35 1.0000000180025095e-35 0.70000000000000018 0.20000000000000007 -0.20000000000000009 -0.18518599999999988 0.16229789999999991 0.23865940000000022 -0.49999999999999994 0.50000000000000022 -0.30809560000000019
decision_type=10 10 10 10 10 10 8 10 8 10 8 10 10 10
left_child=6 2 11 4 -3 -5 7 13 -8 -9 -10 -2 -4 -1
right_child=1 3 12 5 -6 -7 8 9 10 -11 -12 -13 -14 -15
leaf_value=-0.0044628762544457763 -0.0037415259397165345 -0.00057432140665189914 0.0010806214718403126 -0.0056621062148985019 0.0048710510784270664 0.00084116540853102601 -0.0055007526898559461 0.0096188829655989832 0.0044026800867596081 0.000565492146417737 -8.8310892553378889e-05 -0.012466581393888249 -0.0038678770718639042 0.0017871997822014368
leaf_weight=21.048361599445343 27.996108651161194 223.95179707929492 76.540056310594082 69.862377844750881 91.545658737421036 58.95923925191164 40.137456938624382 49.976235933601856 68.84910748898983 24.819755859673023 193.81883959472179 21.777511991560459 46.34894872456789 23.991419769823551
leaf_count=127 166 1334 387 358 531 294 206 257 346 130 1136 123 246 128
internal_value=-5.60461e-05 -0.000963162 -0.00319582 -6.96421e-05 0.00105707 -0.00276546 0.00126396 0.00385495 0.000192609 0.00683835 0.0011491 -0.00834854 -0.000864011 -0.00128772
internal_weight=1039.62 616.982 172.663 444.319 315.497 128.822 422.641 119.836 302.805 74.796 262.668 49.7736 122.889 45.0398
internal_count=5769 3439 922 2517 1865 652 2330 642 1688 387 1482 289 633 255
is_linear=0
shrinkage=0.03


Tree=385
num_leaves=11
num_cat=0
split_feature=1 1 2 3 5 5 5 5 3 3
split_gain=1.17618 1.55026 2.79815 2.0747 1.4013 1.31026 0.841591 0.512116 0.448902 0.782177
threshold=1.1000000000000003 0.70000000000000018 0.30000000000000016 -0.89999999999999991 0.60367840000000017 -0.20785660000000003 -1.3097151999999999 0.076037799999999947 -1.2999999999999996 -0.39999999999999997
decision_type=10 10 10 8 10 8 8 8 10 10
left_child=1 3 -3 5 -4 -1 -5 -2 -9 -10
right_child=7 2 4 6 -6 -7 -8 8 9 -11
leaf_value=0.00019989632592394021 0.0018247584591285905 0.011753075313294 -0.0026361322188729265 -0.0043177351260537183 0.0062624592417659707 -0.010006997074778704 0.0010751802980516392 0.00030640395658280511 -0.0071615374418871752 0.00029712893307555862
leaf_weight=19.282950341701508 15.953135401010512 27.068415351212025 38.557611282914877 22.244879007339478 20.17314613237977 21.76149245351553 659.78390953317285 18.921851016581059 36.72751547396183 17.607200250029564
leaf_count=114 99 169 240 151 145 145 4140 143 292 131
internal_value=0.0005618 0.000926316 0.00462256 0.00045899 0.000671923 -0.00571075 0.000869143 -0.00261705 -0.00363913 -0.00492319
internal_weight=898.082 808.872 85.7992 723.073 58.7308 41.0444 682.029 89.2097 73.2566 54.3347
internal_count=5769 5104 554 4550 385 259 4291 665 566 423
is_linear=0
shrinkage=0.03


Tree=386
num_leaves=12
num_cat=0
split_feature=3 6 6 3 6 5 6 3 5 4 5
split_gain=0.946028 1.59274 1.99144 1.32101 2.80605 1.73588 1.29462 1.1689 1.98615 1.9485 0.67717
threshold=-0.20000000000000001 0.15132359999999981 0.051665199999999974 0.20000000000000007 0.6468889000000001 0.3813743 -1.1023639999999999 0.80000000000000027 0.13086820000000002 0.99999999999999989 -0.32142719999999991
decision_type=8 10 10 8 8 10 10 8 10 10 10
left_child=1 2 6 4 5 -2 -1 9 -9 -5 -3
right_child=3 10 -4 7 -6 -7 -8 8 -10 -11 -12
leaf_value=0.0053250485211786703 0.0021427724790024313 -0.0019150327498467742 0.0079420114088367237 -0.0034500160331631092 0.011397054337090989 -0.0047723184915985113 -0.0024081471042676928 0.0022280438006412585 -0.0063543526087429716 0.0031947228916834923 -0.0093811734619646779
leaf_weight=16.898232340812683 159.8109441511333 21.287529900670052 16.350452646613121 197.18428092077374 20.492436595261097 35.84798140078783 192.49572810530663 158.55599562078714 23.583426006138325 45.240398161113262 27.355866238474846
leaf_count=149 890 108 112 1042 107 315 1472 942 142 311 179
internal_value=-0.000487776 -0.00194461 -0.000820926 0.000146345 0.00202916 0.000788466 -0.00167444 -0.000824683 0.000976709 -0.0021705 -0.00659685
internal_weight=915.103 274.388 225.744 640.715 216.151 195.659 209.394 424.564 182.139 242.425 48.6434
internal_count=5769 2020 1733 3749 1312 1205 1621 2437 1084 1353 287
is_linear=0
shrinkage=0.03


Tree=387
num_leaves=12
num_cat=0
split_feature=5 5 2 1 1 5 5 5 5 5 6
split_gain=1.42196 2.31322 1.59 2.16291 1.40934 1.67387 2.26592 1.07187 2.32995 0.921385 0.690343
threshold=-0.64769613999999975 -0.74909159999999975 -1.4999999999999998 -0.49999999999999994 0.90000000000000036 0.22891239999999999 0.16229789999999991 0.63875660000000012 0.36126109999999995 0.28973579999999982 -0.24460949999999995
decision_type=8 10 10 10 10 10 10 10 10 10 10
left_child=1 2 -1 -4 5 6 -2 8 -6 -7 -9
right_child=4 -3 3 -5 7 9 -8 10 -10 -11 -12
leaf_value=-0.0062453283402060401 0.00058711539973511538 -0.0093351456726422453 0.0051806313877386188 -0.0040595470470558134 -0.00015117996975949627 0.0079021570040247596 -0.0067548949056679252 0.0028756342125807488 -0.0090740124548285075 0.0022575469102720175 -0.0027886937655096965
leaf_weight=27.856299385428429 463.46800395473838 31.582554884254932 50.945820048451424 33.825447045266628 63.373632542788982 26.788001693785191 36.155379459261894 46.486894600093365 40.2798912525177 198.29635836184025 26.26969812810421
leaf_count=202 2585 200 338 190 322 142 187 275 210 1027 135
internal_value=-6.44015e-05 -0.00277783 -0.000620411 0.00147286 0.000382774 0.000969141 -5.85681e-06 -0.00198639 -0.00387661 0.00308645 0.000782646
internal_weight=1045.33 144.21 112.628 84.7713 901.118 724.708 499.623 176.41 103.654 225.084 72.7566
internal_count=5813 930 730 528 4883 3941 2772 942 532 1169 410
is_linear=0
shrinkage=0.03


Tree=388
num_leaves=8
num_cat=0
split_feature=7 5 1 4 5 3 4
split_gain=1.0209 0.807293 1.02099 1.0009 0.853511 0.834097 0.178043
threshold=2.5000000000000004 0.95970244000000016 0.70000000000000018 2.2000000000000011 0.34110469999999998 -0.89999999999999991 -1.4999999999999996
decision_type=8 10 8 10 10 8 10
left_child=1 2 5 -3 -4 -1 -2
right_child=6 3 4 -5 -6 -7 -8
leaf_value=-0.0040835288191714047 -0.0016216874861851088 -0.0084833461555568462 0.00046724136260692292 0.00045242080776861104 0.0046856218109368065 0.0001242538303515928 -0.0063366623405046365
leaf_weight=40.512740548700094 16.540821574628353 16.222376257181168 95.813713133335114 23.067533068358898 75.468116883188486 616.29190409183502 19.889966025948524
leaf_count=262 138 119 691 211 522 3740 130
internal_value=-4.89624e-05 0.000169829 0.000378704 -0.00377825 0.00240608 -0.000164179 -0.00464997
internal_weight=903.807 867.376 828.086 39.2899 171.282 656.805 36.4308
internal_count=5813 5545 5215 330 1213 4002 268
is_linear=0
shrinkage=0.03


Tree=389
num_leaves=7
num_cat=0
split_feature=2 6 5 6 6 3
split_gain=1.02261 1.6195 1.40696 1.73128 2.58133 0.542594
threshold=-1.4999999999999998 0.28993629999999976 -1.1869669999999999 0.82035740000000024 0.61717210000000011 0.70000000000000018
decision_type=8 10 8 10 10 10
left_child=1 -1 -2 4 -4 -5
right_child=2 -3 3 5 -6 -7
leaf_value=-0.0017572935983026967 -0.0066458121223864353 0.007574311358770929 -4.8010383946225964e-05 -0.00038980303849008935 0.0059234030952992674 -0.0057506689218152565
leaf_weight=26.258803196251392 24.038323603570461 34.644803293049335 692.64882948249578 25.540511310100555 66.90840420126915 50.779791675508022
leaf_count=120 113 173 4672 130 346 259
internal_value=0.000121125 0.00372288 -0.000154016 7.10831e-05 0.000513301 -0.00409093
internal_weight=920.819 60.9036 859.916 835.878 759.557 76.3203
internal_count=5813 293 5520 5407 5018 389
is_linear=0
shrinkage=0.03


Tree=390
num_leaves=6
num_cat=0
split_feature=6 6 2 4 3
split_gain=1.35954 1.17786 1.22675 1.27139 1.09851
threshold=1.0561405000000001 0.88647050000000005 -1.0999999999999994 -1.1999999999999993 1.0000000180025095e-35
decision_type=10 10 8 8 10
left_child=1 2 4 -4 -1
right_child=-2 -3 3 -5 -6
leaf_value=-0.0068666839045793586 -0.0055321535419432938 0.0056143944483173155 0.0025015207298577386 -0.00032133157219926795 -0.0001441768915285163
leaf_weight=38.478710435330868 35.174713987857103 28.644888631999493 173.86621481925249 724.14002001285553 44.473396174609661
leaf_count=235 228 169 967 3891 301
internal_value=-0.000119933 9.49633e-05 -9.38636e-05 0.000236036 -0.00347561
internal_weight=1044.78 1009.6 980.958 898.006 82.9521
internal_count=5791 5563 5394 4858 536
is_linear=0
shrinkage=0.03


Tree=391
num_leaves=7
num_cat=0
split_feature=7 3 3 5 5 3
split_gain=0.777571 0.813941 2.3318 1.41339 1.02219 0.22069
threshold=-2.4999999999999996 -1.2999999999999996 -1.0999999999999994 0.35281210000000024 0.95970244000000016 0.20000000000000007
decision_type=10 8 8 10 10 8
left_child=5 3 -3 -2 -4 -1
right_child=1 2 4 -5 -6 -7
leaf_value=-0.0012546191604622147 -0.0014029290286477975 -0.0089855836042418858 0.00033007753568139851 0.0088111481689845082 -0.0046925965691994214 -0.0063405024465099397
leaf_weight=16.481935858726501 21.700436681509018 21.273369781672955 774.08398618549109 19.762774642556906 33.260302849113941 17.065154246985912
leaf_count=112 139 152 4825 150 271 142
internal_value=-0.00015913 2.54446e-05 -0.000190091 0.00388974 9.55481e-05 -0.00432862
internal_weight=903.628 870.081 828.618 41.4632 807.344 33.5471
internal_count=5791 5537 5248 289 5096 254
is_linear=0
shrinkage=0.03


Tree=392
num_leaves=10
num_cat=0
split_feature=0 7 7 1 0 1 7 2 0
split_gain=1.92958 2.68604 1.18901 1.09695 1.80879 1.4122 1.24787 0.412172 0.0479832
threshold=-66.545195644924192 -1.0000000180025095e-35 1.0000000180025095e-35 1.1000000000000003 190.55601092403131 1.7000000000000004 1.0000000180025095e-35 0.59999999999999998 217.08954974942961
decision_type=2 8 10 10 2 10 10 10 2
left_child=1 -1 -3 4 6 7 -2 -5 -6
right_child=3 2 -4 5 8 -7 -8 -9 -10
leaf_value=-0.0034217913313892598 0.00049704631906401144 0.0094365441346871224 0.0018499445079909835 0.00078629638441337897 -0.0037166033093213066 -0.0036349067765129601 -0.0023041629566156051 0.0067080947259988231 -0.0095463327548988251
leaf_weight=29.548270888626575 515.92405472695827 48.08518522977829 33.153258070349693 15.540906181558965 12.57383491843939 17.443913612514734 192.44072262197733 41.862010788172483 12.850838661193846
leaf_count=126 3168 214 142 129 128 192 1176 361 155
internal_value=0.000292607 0.003915 0.00662723 -0.000224686 -0.000584385 0.00311753 -0.000274771 0.00529632 -0.00774782
internal_weight=919.423 110.787 81.2384 808.636 733.789 74.8468 708.365 57.4029 25.4247
internal_count=5791 482 356 5309 4627 682 4344 490 283
is_linear=0
shrinkage=0.03


end of trees

feature_importances:
elo_diff=797
np_xg_conceded_diff_5=729
np_xg_created_diff_5=698
goals_conceded_diff_5=465
shots_target_diff_5=461
form_points_diff_5=354
goals_scored_diff_5=319
rest_days_diff=175

parameters:
[boosting: gbdt]
[objective: multiclass]
[metric: multi_logloss]
[tree_learner: serial]
[device_type: cpu]
[data_sample_strategy: bagging]
[data: ]
[valid: ]
[num_iterations: 3000]
[learning_rate: 0.03]
[num_leaves: 15]
[num_threads: 4]
[seed: 42]
[deterministic: 1]
[force_col_wise: 0]
[force_row_wise: 0]
[histogram_pool_size: -1]
[max_depth: 4]
[min_data_in_leaf: 120]
[min_sum_hessian_in_leaf: 0.001]
[bagging_fraction: 0.8]
[pos_bagging_fraction: 1]
[neg_bagging_fraction: 1]
[bagging_freq: 1]
[bagging_seed: 400]
[bagging_by_query: 0]
[feature_fraction: 0.8]
[feature_fraction_bynode: 1]
[feature_fraction_seed: 30056]
[extra_trees: 0]
[extra_seed: 12879]
[early_stopping_round: 0]
[early_stopping_min_delta: 0]
[first_metric_only: 0]
[max_delta_step: 0]
[lambda_l1: 0]
[lambda_l2: 5]
[linear_lambda: 0]
[min_gain_to_split: 0]
[drop_rate: 0.1]
[max_drop: 50]
[skip_drop: 0.5]
[xgboost_dart_mode: 0]
[uniform_drop: 0]
[drop_seed: 17869]
[top_rate: 0.2]
[other_rate: 0.1]
[min_data_per_group: 100]
[max_cat_threshold: 32]
[cat_l2: 10]
[cat_smooth: 10]
[max_cat_to_onehot: 4]
[top_k: 20]
[monotone_constraints: ]
[monotone_constraints_method: basic]
[monotone_penalty: 0]
[feature_contri: ]
[forcedsplits_filename: ]
[refit_decay_rate: 0.9]
[cegb_tradeoff: 1]
[cegb_penalty_split: 0]
[cegb_penalty_feature_lazy: ]
[cegb_penalty_feature_coupled: ]
[path_smooth: 0]
[interaction_constraints: ]
[verbosity: -1]
[saved_feature_importance_type: 0]
[use_quantized_grad: 0]
[num_grad_quant_bins: 4]
[quant_train_renew_leaf: 0]
[stochastic_rounding: 1]
[linear_tree: 0]
[max_bin: 255]
[max_bin_by_feature: ]
[min_data_in_bin: 3]
[bin_construct_sample_cnt: 200000]
[data_random_seed: 175]
[is_enable_sparse: 1]
[enable_bundle: 1]
[use_missing: 1]
[zero_as_missing: 0]
[feature_pre_filter: 1]
[pre_partition: 0]
[two_round: 0]
[header: 0]
[label_column: ]
[weight_column: ]
[group_column: ]
[ignore_column: ]
[categorical_feature: ]
[forcedbins_filename: ]
[precise_float_parser: 0]
[parser_config_file: ]
[objective_seed: 16083]
[num_class: 3]
[is_unbalance: 0]
[scale_pos_weight: 1]
[sigmoid: 1]
[boost_from_average: 1]
[reg_sqrt: 0]
[alpha: 0.9]
[fair_c: 1]
[poisson_max_delta_step: 0.7]
[tweedie_variance_power: 1.5]
[lambdarank_truncation_level: 30]
[lambdarank_norm: 1]
[label_gain: ]
[lambdarank_position_bias_regularization: 0]
[eval_at: ]
[multi_error_top_k: 1]
[auc_mu_weights: ]
[num_machines: 1]
[local_listen_port: 12400]
[time_out: 120]
[machine_list_filename: ]
[machines: ]
[gpu_platform_id: -1]
[gpu_device_id: -1]
[gpu_device_id_list: ]
[gpu_use_dp: 0]
[num_gpu: 1]

end of parameters

pandas_categorical:null
